{
    "train_loss_history": [
        0.4392616604992029,
        0.37682540339468507,
        0.2938341677561951,
        0.2662065216926716,
        0.2537726980062987,
        0.24238260018295907,
        0.2346284618097365,
        0.22258824450190184,
        0.2182059302618823,
        0.21430865942949048,
        0.21208107929400621,
        0.2102226428303522,
        0.20792452737535397,
        0.201863811279578,
        0.20067028930272668,
        0.19819943720605598,
        0.19668501863145454,
        0.19627222986448378,
        0.1916352460562276,
        0.19109067389587006,
        0.19196607087998047,
        0.191168549039461,
        0.18712333619419008,
        0.18621881154745773,
        0.18335647815559564,
        0.18243040077143224,
        0.18301224214777856,
        0.1823495507576797,
        0.18013631589765577,
        0.18283159572175747
    ],
    "val_loss_history": [
        0.4678781743868841,
        0.4160928622875449,
        0.34279134571093073,
        0.34059150785621034,
        0.33371793199761074,
        0.3096701498667154,
        0.3095049715740104,
        0.30413352191815574,
        0.28446800102162617,
        0.29762729977147057,
        0.28707243660565335,
        0.2770095351388899,
        0.27651601205529713,
        0.27728119699172504,
        0.26273826944809664,
        0.27476105468207035,
        0.26506102934640435,
        0.26533407386168495,
        0.27923961700111033,
        0.25065359101273427,
        0.25704155632729525,
        0.2606709881446027,
        0.26009370223583167,
        0.249259539327379,
        0.24355544744544477,
        0.259165770559355,
        0.2609734177038372,
        0.26373014781618337,
        0.2490533002535992,
        0.2549803891378485
    ],
    "new_val_loss_history": [
        0.4679912732418737,
        0.4162011200773586,
        0.34209271533122143,
        0.33991185201456536,
        0.33272187444229334,
        0.30876910603064955,
        0.3084252373334223,
        0.30296253782594185,
        0.2834769323769476,
        0.29604056071994095,
        0.28575917610298973,
        0.2759714302017381,
        0.27492025336989345,
        0.2756521938887206,
        0.26145658647847214,
        0.2735363110135169,
        0.2635956556531912,
        0.26399627761280925,
        0.2778167373516697,
        0.24925481927802737,
        0.25569827541778467,
        0.25930490758426455,
        0.25891749544610876,
        0.24776584779029687,
        0.2423159135491073,
        0.2576735396500138,
        0.2592249703398018,
        0.26204081748729546,
        0.2475989443100815,
        0.2534980183209453
    ],
    "train_acc_history": [
        0.5971175125257373,
        0.6383374279834034,
        0.6927892854825854,
        0.7072686731493467,
        0.7168099028430971,
        0.7259478023313224,
        0.7346325432429082,
        0.7480524757590783,
        0.7513413951276386,
        0.7560479894360901,
        0.7572216968590217,
        0.7577049899288528,
        0.759232442608404,
        0.7681533434429646,
        0.7677056486254296,
        0.7708484614427966,
        0.7718208005572278,
        0.7718744338231749,
        0.7780098741289794,
        0.7775173276209281,
        0.7752101986385995,
        0.7758745877369397,
        0.7814830095087949,
        0.7824368722367415,
        0.7854459214631868,
        0.7869875282122332,
        0.7855262039745913,
        0.7864543762813319,
        0.7891382319001398,
        0.7845139595065915
    ],
    "val_acc_history": [
        0.5332652421320899,
        0.5809953022627691,
        0.6300055712507392,
        0.6275334497813267,
        0.6283369696195393,
        0.6579268703291706,
        0.6506650974092939,
        0.6565658740343409,
        0.6842059222134677,
        0.6622461436893246,
        0.6761429083916733,
        0.6915110251385552,
        0.6891075655565424,
        0.6848505846524643,
        0.7041792966000655,
        0.6896860203684203,
        0.7016416102050816,
        0.7023555774167065,
        0.6834769078138613,
        0.719101549021452,
        0.7083595806534743,
        0.7040486051966487,
        0.7058595561283212,
        0.7198583787688856,
        0.7266303438618664,
        0.7062641940609149,
        0.7042133061470713,
        0.7015236870533512,
        0.7198367576202369,
        0.7104781371051982
    ],
    "new_val_acc_history": [
        0.532685389507614,
        0.5805287119203927,
        0.6315398439649105,
        0.6277071407200945,
        0.6294159715876424,
        0.658365923082847,
        0.6522753734610871,
        0.6565525239770927,
        0.6849560451173856,
        0.6642799734327693,
        0.6778783016775852,
        0.6924897396175154,
        0.6904721804206516,
        0.6857397251329378,
        0.7063085142969158,
        0.6913135733055661,
        0.703472763624384,
        0.7038761074212996,
        0.6848251086371497,
        0.7209098702455939,
        0.7097381968891269,
        0.7056044559827304,
        0.7063996398801196,
        0.7215909207961051,
        0.7272768341364052,
        0.7079220833155453,
        0.7057596926184873,
        0.7033178501329378,
        0.7209159452844741,
        0.7119765255721879
    ],
    "train_pairwise_acc_history": [
        0.8319941595540541,
        0.8559446066222942,
        0.8911350456651193,
        0.9007382181326314,
        0.9049952064124638,
        0.909221673076154,
        0.9123824481643411,
        0.91776529310027,
        0.9194562361997661,
        0.9211090850841782,
        0.9219352383793834,
        0.9225332280497488,
        0.9231387669395218,
        0.926372488369003,
        0.9264045590329065,
        0.9276481140286067,
        0.9281898990939164,
        0.9282809448230483,
        0.9302938790606937,
        0.9305012913445485,
        0.9295878254085648,
        0.9299534905407437,
        0.9319603853970108,
        0.9320733135801118,
        0.933381243757483,
        0.9338151105900401,
        0.9333789946404403,
        0.9337260862688955,
        0.9346600659173321,
        0.9332295189198759
    ],
    "val_pairwise_acc_history": [
        0.8091722051792409,
        0.8353500698674442,
        0.8661000985761269,
        0.8662066331078716,
        0.8658037489661817,
        0.8791889330639127,
        0.8759305698478534,
        0.8783631769277281,
        0.8903313136798758,
        0.880341254507632,
        0.8869992242939483,
        0.8938117775784803,
        0.8926789672422483,
        0.8916375020803031,
        0.8991362378116013,
        0.8928858702098277,
        0.8979664441249771,
        0.8988129896081651,
        0.8904595173929799,
        0.9052397632635614,
        0.9016444506740717,
        0.8989978216829579,
        0.9001408412203032,
        0.9056351864466499,
        0.9087996183448286,
        0.8999993104964081,
        0.8989654660959641,
        0.8977904691718209,
        0.9060851600945271,
        0.9017491442580436
    ],
    "new_val_pairwise_acc_history": [
        0.8087235360086242,
        0.834825096011718,
        0.8665389951613977,
        0.8662978174341597,
        0.8663454225422991,
        0.8793994657359264,
        0.8765695180344174,
        0.8787413449902928,
        0.8908676651551231,
        0.8811056852155302,
        0.8877074953927593,
        0.8941244942774854,
        0.8935217218673434,
        0.8919793981044882,
        0.8999938097192933,
        0.8936711019527857,
        0.8988617437994498,
        0.8992892317415953,
        0.8910169163907112,
        0.9058554194763326,
        0.90235322546996,
        0.8997418886951488,
        0.9006011827181138,
        0.9062355625128857,
        0.9092570291151341,
        0.9009305795837154,
        0.8995121856499608,
        0.8984832049899302,
        0.906402974996374,
        0.9024408336375401
    ]
}