{
    "train_loss_history": [
        0.42589159053830344,
        0.3798660317954329,
        0.3052277856149332,
        0.25936202385230106,
        0.2500248605903891,
        0.2395732543290861,
        0.23103245638153633,
        0.2207331853970395,
        0.21569446251198657,
        0.21221760886816868,
        0.2110602473021724
    ],
    "val_loss_history": [
        0.47770711843882946,
        0.4181591267302885,
        0.356113991724508,
        0.3417034098657511,
        0.3421172828905755,
        0.32372030103794414,
        0.3090474726101283,
        0.3120233346987946,
        0.2963124307443622,
        0.28852533534146235,
        0.30390306944472395
    ],
    "new_val_loss_history": [
        0.4776441944794929,
        0.41804584248996635,
        0.355608608220265,
        0.34092116402244865,
        0.34093753536974847,
        0.32209301854644556,
        0.30749139725049585,
        0.3102401686168941,
        0.29448297323186884,
        0.28696221940532257,
        0.3020598503701609
    ],
    "train_acc_history": [
        0.6098647461138815,
        0.638374837344923,
        0.6916885704870135,
        0.7228632190675787,
        0.7303225064780938,
        0.7367392627409878,
        0.7412428754652957,
        0.7514983683634343,
        0.7559472672132868,
        0.7595441365979382,
        0.7590941284062175
    ],
    "val_acc_history": [
        0.5241325047607598,
        0.5802851626061144,
        0.6223317683202276,
        0.6394536567762931,
        0.6320925724157384,
        0.6521271289037813,
        0.661827101453978,
        0.6539025217616136,
        0.6737241386816204,
        0.6808669073923344,
        0.6553041892720297
    ],
    "new_val_acc_history": [
        0.5242076727502268,
        0.5804092792292961,
        0.6229554908828083,
        0.6406946044131349,
        0.6325388647164009,
        0.653002633184519,
        0.6620959969553198,
        0.6542774219164396,
        0.6744975425407267,
        0.6816299613304494,
        0.6569960018153509
    ],
    "train_pairwise_acc_history": [
        0.8380495340846366,
        0.8547888581636903,
        0.8873436541667333,
        0.9054206447620046,
        0.9082007727964754,
        0.9117732513869693,
        0.9143294915593484,
        0.9185752414814327,
        0.920643662756778,
        0.9221778696052689,
        0.9222176321066649
    ],
    "val_pairwise_acc_history": [
        0.8055016392919426,
        0.8328497936068037,
        0.8596499223371132,
        0.8676505966803694,
        0.8648095427566023,
        0.8740604476678904,
        0.8794623533456094,
        0.8763981797662097,
        0.8852765515148181,
        0.8879055793186181,
        0.876440620018264
    ],
    "new_val_pairwise_acc_history": [
        0.8050066325379012,
        0.8324210094997708,
        0.8597508129398708,
        0.8679397071872492,
        0.8651855420176386,
        0.8745658153879513,
        0.8797814565164676,
        0.8770477539087714,
        0.8859938560155094,
        0.8885672415025868,
        0.8773928156722204
    ]
}