=== Graph DataFrame ===
Shape: (22131398, 6)

First 5 rows:
graph_df: ml_bluesky.csv
   Unnamed: 0      u        i            ts  label  idx
0           0  12249   107717  1.672541e+09    0.0    1
1           1  50948  3150865  1.672541e+09    0.0    2
2           2  24219  2454231  1.672545e+09    0.0    3
3           3  13744   107717  1.672550e+09    0.0    4
4           4  50948   107717  1.672551e+09    0.0    5

=== Edge Features ===
Shape: (22131399, 2)

edge_raw_features: ml_bluesky.npy

First 5 rows:
[[0. 0.]
 [0. 0.]
 [0. 0.]
 [0. 0.]
 [0. 0.]]

=== Node Features ===
Shape: (5972594, 128)

node_raw_features: ml_bluesky_node.npy

First 5 rows:
[[0. 0. 0. 0. 0. 0. 0. 0. 0. 0. 0. 0. 0. 0. 0. 0. 0. 0. 0. 0. 0. 0. 0. 0.
  0. 0. 0. 0. 0. 0. 0. 0. 0. 0. 0. 0. 0. 0. 0. 0. 0. 0. 0. 0. 0. 0. 0. 0.
  0. 0. 0. 0. 0. 0. 0. 0. 0. 0. 0. 0. 0. 0. 0. 0. 0. 0. 0. 0. 0. 0. 0. 0.
  0. 0. 0. 0. 0. 0. 0. 0. 0. 0. 0. 0. 0. 0. 0. 0. 0. 0. 0. 0. 0. 0. 0. 0.
  0. 0. 0. 0. 0. 0. 0. 0. 0. 0. 0. 0. 0. 0. 0. 0. 0. 0. 0. 0. 0. 0. 0. 0.
  0. 0. 0. 0. 0. 0. 0. 0.]
 [0. 0. 0. 0. 0. 0. 0. 0. 0. 0. 0. 0. 0. 0. 0. 0. 0. 0. 0. 0. 0. 0. 0. 0.
  0. 0. 0. 0. 0. 0. 0. 0. 0. 0. 0. 0. 0. 0. 0. 0. 0. 0. 0. 0. 0. 0. 0. 0.
  0. 0. 0. 0. 0. 0. 0. 0. 0. 0. 0. 0. 0. 0. 0. 0. 0. 0. 0. 0. 0. 0. 0. 0.
  0. 0. 0. 0. 0. 0. 0. 0. 0. 0. 0. 0. 0. 0. 0. 0. 0. 0. 0. 0. 0. 0. 0. 0.
  0. 0. 0. 0. 0. 0. 0. 0. 0. 0. 0. 0. 0. 0. 0. 0. 0. 0. 0. 0. 0. 0. 0. 0.
  0. 0. 0. 0. 0. 0. 0. 0.]
 [0. 0. 0. 0. 0. 0. 0. 0. 0. 0. 0. 0. 0. 0. 0. 0. 0. 0. 0. 0. 0. 0. 0. 0.
  0. 0. 0. 0. 0. 0. 0. 0. 0. 0. 0. 0. 0. 0. 0. 0. 0. 0. 0. 0. 0. 0. 0. 0.
  0. 0. 0. 0. 0. 0. 0. 0. 0. 0. 0. 0. 0. 0. 0. 0. 0. 0. 0. 0. 0. 0. 0. 0.
  0. 0. 0. 0. 0. 0. 0. 0. 0. 0. 0. 0. 0. 0. 0. 0. 0. 0. 0. 0. 0. 0. 0. 0.
  0. 0. 0. 0. 0. 0. 0. 0. 0. 0. 0. 0. 0. 0. 0. 0. 0. 0. 0. 0. 0. 0. 0. 0.
  0. 0. 0. 0. 0. 0. 0. 0.]
 [0. 0. 0. 0. 0. 0. 0. 0. 0. 0. 0. 0. 0. 0. 0. 0. 0. 0. 0. 0. 0. 0. 0. 0.
  0. 0. 0. 0. 0. 0. 0. 0. 0. 0. 0. 0. 0. 0. 0. 0. 0. 0. 0. 0. 0. 0. 0. 0.
  0. 0. 0. 0. 0. 0. 0. 0. 0. 0. 0. 0. 0. 0. 0. 0. 0. 0. 0. 0. 0. 0. 0. 0.
  0. 0. 0. 0. 0. 0. 0. 0. 0. 0. 0. 0. 0. 0. 0. 0. 0. 0. 0. 0. 0. 0. 0. 0.
  0. 0. 0. 0. 0. 0. 0. 0. 0. 0. 0. 0. 0. 0. 0. 0. 0. 0. 0. 0. 0. 0. 0. 0.
  0. 0. 0. 0. 0. 0. 0. 0.]
 [0. 0. 0. 0. 0. 0. 0. 0. 0. 0. 0. 0. 0. 0. 0. 0. 0. 0. 0. 0. 0. 0. 0. 0.
  0. 0. 0. 0. 0. 0. 0. 0. 0. 0. 0. 0. 0. 0. 0. 0. 0. 0. 0. 0. 0. 0. 0. 0.
  0. 0. 0. 0. 0. 0. 0. 0. 0. 0. 0. 0. 0. 0. 0. 0. 0. 0. 0. 0. 0. 0. 0. 0.
  0. 0. 0. 0. 0. 0. 0. 0. 0. 0. 0. 0. 0. 0. 0. 0. 0. 0. 0. 0. 0. 0. 0. 0.
  0. 0. 0. 0. 0. 0. 0. 0. 0. 0. 0. 0. 0. 0. 0. 0. 0. 0. 0. 0. 0. 0. 0. 0.
  0. 0. 0. 0. 0. 0. 0. 0.]]

=== Dynamic User Features ===
Number of users: 108

dynamic_user_features: bluesky/user_dynamic_features.pkl

First user:
User 1678863600: {np.int64(16780): array([-0.31126463,  0.17940295,  0.17209646, -0.04081482, -0.07930327,
       -0.26668712,  0.03744695, -0.10162139, -0.05620156, -0.02418919,
       -0.03376975,  0.11313242,  0.06149114,  0.30952865, -0.11861853,
        0.21468322,  0.3284412 , -0.1753446 , -0.06118733, -0.00397826,
       -0.06471734, -0.1393059 ,  0.01494862, -0.02314669, -0.18151823,
       -0.15334147,  0.20306134, -0.16104999,  0.13680756,  0.01362083,
        0.0589489 , -0.00814538,  0.0107753 ,  0.03362754, -0.01620739,
       -0.22203782,  0.00190613,  0.04492623, -0.09849539,  0.2268991 ,
        0.08384627, -0.11379522, -0.07610893, -0.00472347,  0.05483152,
       -0.0234059 ,  0.03344014,  0.07965062,  0.11183321,  0.03793407,
       -0.09205808, -0.04183497, -0.15266134, -0.014864  , -0.01126334,
       -0.02566081, -0.0804061 , -0.05997767,  0.10301945, -0.10994878,
        0.0594996 ,  0.00782921,  0.14344144, -0.06334957], dtype=float32), np.int64(37902): array([-0.03682707,  0.05564108,  0.0125867 , -0.01238443, -0.00085179,
       -0.04860686,  0.02490678, -0.04281222, -0.00328272,  0.01277432,
        0.02299137, -0.00264824,  0.00734202, -0.04296187,  0.02218282,
        0.0177773 ,  0.01418653,  0.00100664,  0.0247887 , -0.00338404,
        0.02225186,  0.06396721, -0.03061371, -0.00482261,  0.01786399,
        0.07196582, -0.09737238, -0.1263366 , -0.22804938,  0.0306945 ,
        0.05411629,  0.12938814,  0.06871898, -0.0317511 , -0.02432366,
        0.01717218, -0.08251822,  0.0254312 , -0.09546878, -0.07046498,
       -0.02777253, -0.31961733, -0.02782755,  0.20656408, -0.0642389 ,
        0.21745202,  0.06584786,  0.02278692,  0.13318619,  0.17612413,
        0.02760219,  0.08125294, -0.3241207 ,  0.14005479, -0.16201033,
       -0.08498061, -0.00179338, -0.05372879, -0.09992638, -0.37168863,
       -0.2103676 , -0.406497  ,  0.03835699, -0.26462016], dtype=float32), np.int64(70097): array([-2.56646007e-01,  1.70626387e-01,  1.45618066e-01, -5.59617400e-01,
        5.97361140e-02,  4.65916216e-01, -9.72093269e-02,  9.55605581e-02,
        1.17254853e-02, -2.47091725e-02, -2.54199877e-02, -2.04980792e-03,
       -2.07980424e-02,  7.27092400e-02,  1.42962888e-01, -3.33044641e-02,
       -4.42351326e-02,  5.75896911e-02, -1.42917305e-01,  6.83956742e-02,
        7.19899684e-03, -6.65892586e-02,  1.24750741e-01,  1.18051551e-01,
        1.07752539e-01,  1.01824231e-01, -1.51167288e-01, -1.42622426e-01,
        2.44025812e-01,  4.13947925e-02,  1.20350182e-01, -8.87516961e-02,
       -4.21150550e-02,  1.44122262e-03,  1.96587332e-02, -3.65908071e-02,
       -5.56946406e-03,  4.90361266e-02, -1.05893917e-01,  1.55868335e-02,
       -4.85061295e-02,  2.84209345e-02,  3.59100178e-02, -1.96460504e-04,
       -9.67749394e-04, -4.03781608e-02, -9.19121206e-02, -9.26404595e-02,
        2.69253533e-02,  3.52647863e-02, -5.45134582e-02, -2.88722198e-02,
       -3.44022997e-02,  3.96679481e-03, -1.22987300e-01, -7.05572739e-02,
        3.23362797e-02, -7.87821263e-02, -7.64381886e-02,  7.28871441e-03,
        1.59815382e-02, -3.33101600e-02, -3.10590696e-02,  8.08343962e-02],
      dtype=float32), np.int64(79426): array([-0.28692335, -0.01636663, -0.05533594,  0.24081086, -0.15025172,
        0.14150354, -0.03623373,  0.06659689,  0.17911945,  0.00353716,
       -0.05033908,  0.02683052,  0.12501137, -0.1771288 ,  0.08163927,
       -0.13954505,  0.07983324,  0.13412948, -0.07954077, -0.07044389,
        0.11919624, -0.2460348 ,  0.07384909,  0.02597624, -0.00069546,
       -0.09734202,  0.11916307,  0.19453898,  0.1994809 ,  0.08539999,
       -0.07334739,  0.15758719,  0.03416289, -0.16164882, -0.1367568 ,
       -0.10281572, -0.09275436, -0.08912299, -0.1007021 , -0.11485916,
       -0.2414582 ,  0.0120651 , -0.10670485, -0.00041821,  0.13197803,
       -0.19620988, -0.14136647,  0.12334706,  0.04027345, -0.11619183,
        0.1265861 ,  0.05544725, -0.18378437, -0.09336708, -0.03796777,
        0.0547983 , -0.00908888, -0.16796488, -0.13632531, -0.01021914,
       -0.06522617,  0.11021309,  0.20423393,  0.0227755 ], dtype=float32), np.int64(99667): array([-0.13932452,  0.17404887,  0.09856617, -0.5011574 ,  0.04275087,
        0.487942  , -0.09839468,  0.09560095,  0.03906529, -0.08899979,
       -0.13826966,  0.0535484 ,  0.02178776,  0.04099618, -0.14136492,
       -0.00776928,  0.03308836, -0.05852779, -0.17940909,  0.02135004,
       -0.00238265, -0.07971257,  0.04839556,  0.02178972, -0.01234643,
       -0.06337821,  0.07107405,  0.08177184,  0.00893804,  0.01662843,
        0.07635113, -0.00831317, -0.08611605,  0.00450623,  0.12508276,
       -0.21654487, -0.12065007, -0.0040374 ,  0.28274375,  0.01503713,
        0.03938811, -0.05582465, -0.05856314,  0.02596139,  0.06766921,
       -0.00300894,  0.02631951,  0.03713282,  0.01373578,  0.06875455,
        0.03323071,  0.02668254, -0.00388362, -0.00970448,  0.16065714,
        0.16638122, -0.11099415, -0.02828543,  0.10073016, -0.08217204,
        0.05227216, -0.15700154,  0.0776128 , -0.06814115], dtype=float32), np.int64(8524): array([-0.3438655 ,  0.04196305,  0.0897439 ,  0.08296853, -0.00108479,
       -0.05496899, -0.01694474, -0.01187737, -0.09703054,  0.18598618,
       -0.05595589, -0.08395763, -0.04751809, -0.11479337, -0.1396912 ,
       -0.07249423,  0.1887042 ,  0.02777477, -0.03196442, -0.10727385,
       -0.2712165 , -0.04705098, -0.05880434,  0.02132833, -0.066884  ,
       -0.02600259, -0.058743  , -0.02732475, -0.15640303, -0.1644464 ,
        0.03940767,  0.14631054, -0.06022257,  0.05822139,  0.05056714,
       -0.0120846 ,  0.1581782 , -0.06821179,  0.06562871,  0.13613406,
        0.06097447, -0.17874108, -0.02634277, -0.02363822,  0.0320362 ,
        0.03551764,  0.08108837, -0.12570247,  0.12674908, -0.21137926,
        0.35005075,  0.10296717, -0.11418664,  0.03951859, -0.02766736,
       -0.23927864, -0.08466281, -0.22068627, -0.01669642,  0.04925547,
        0.17425674, -0.11309263,  0.11184542, -0.2241662 ], dtype=float32), np.int64(29112): array([-0.24083082,  0.02501003,  0.15002401, -0.01906037, -0.12013038,
       -0.16348195,  0.28677538, -0.03023838,  0.09159692, -0.01298145,
       -0.18026505,  0.2960731 ,  0.0503987 , -0.02052632, -0.19845346,
        0.20351042,  0.23491323, -0.07726797, -0.02960558, -0.03354334,
       -0.03106948, -0.01809288,  0.11390147, -0.07963224, -0.08493079,
       -0.061675  ,  0.02885998, -0.06200225,  0.02037627,  0.03374366,
        0.04982905, -0.00770035, -0.07563166,  0.07104065,  0.00837309,
       -0.11331221, -0.02926054,  0.18010026, -0.11545154, -0.02743342,
       -0.04404309, -0.08141468,  0.15458497, -0.00750744,  0.12449525,
        0.16257256,  0.11249643, -0.11982796,  0.08411305,  0.05862366,
        0.0499849 , -0.03596225,  0.11108653, -0.03375286, -0.11934291,
        0.20975173,  0.33445582,  0.00476927,  0.00871032, -0.3217155 ,
       -0.02826201, -0.0572034 , -0.00889306,  0.00413438], dtype=float32), np.int64(13445): array([-0.37403357, -0.20041592,  0.08975291, -0.00813877, -0.10146199,
       -0.09463654, -0.1240257 ,  0.13109426, -0.06190525,  0.05204382,
        0.08120045,  0.08462267, -0.13943124, -0.09933534,  0.11540956,
        0.10414737,  0.00780427,  0.06276146, -0.14918494,  0.00104213,
       -0.05534216, -0.1541991 , -0.1883577 , -0.1670666 , -0.07645639,
        0.22623916,  0.01809798,  0.2579864 ,  0.09773298,  0.13865915,
       -0.10148473,  0.01806995, -0.12070408, -0.09463611,  0.14580339,
       -0.01538635, -0.05494503, -0.01016133, -0.02079183,  0.0027384 ,
       -0.12188341, -0.08331735, -0.05863206, -0.2419418 , -0.14149864,
       -0.06343009,  0.03060293,  0.03507651, -0.12080542,  0.01878896,
       -0.11866336,  0.21911508,  0.0538155 ,  0.03310352, -0.09949845,
       -0.20010121,  0.05031025,  0.2508871 ,  0.06090216, -0.06607866,
       -0.09007208,  0.00461659,  0.1766952 , -0.06302883], dtype=float32), np.int64(23872): array([-0.227769  ,  0.23880146, -0.00918886, -0.55383784,  0.06487419,
        0.44705454, -0.05426008,  0.14330697,  0.02658817,  0.02477438,
        0.0169341 , -0.01698542, -0.04147917, -0.02465524, -0.02080227,
       -0.13540015,  0.08174326,  0.07029915, -0.12308106, -0.01462804,
        0.10225815, -0.09968062,  0.14070678,  0.0846654 ,  0.21855249,
        0.11345758, -0.23547369, -0.13599075,  0.18022883,  0.03640748,
        0.12451268, -0.08839398, -0.00062099, -0.01416332,  0.1081573 ,
       -0.02745778, -0.06654906,  0.01606194, -0.10069671,  0.00646422,
       -0.02881171,  0.05205236, -0.01497567, -0.01649622, -0.01425469,
       -0.00592832, -0.04209328, -0.01789128,  0.04928708, -0.02911664,
       -0.0118666 ,  0.02021338, -0.02078742,  0.0412396 ,  0.00950418,
        0.02452978, -0.09728773, -0.04157362, -0.00816596,  0.09577459,
        0.02905976,  0.03319176,  0.012897  ,  0.06783881], dtype=float32), np.int64(29475): array([-3.45416695e-01, -2.68548965e-01,  1.71729684e-01,  1.03366479e-01,
       -3.29276234e-01,  2.07566813e-01,  5.34082465e-02, -1.33819327e-01,
        1.64841756e-01, -4.16582562e-02, -8.41725096e-02,  2.04537645e-01,
        2.57896110e-02, -2.39273757e-01,  4.16511633e-02, -2.30110973e-01,
        3.46217006e-01, -1.44909441e-01, -7.54365698e-02, -1.20578706e-01,
        1.81772411e-02,  6.01497665e-02,  4.23488440e-03, -1.03629395e-01,
       -3.76284681e-02,  3.50077562e-02, -4.99714457e-04, -4.56233062e-02,
       -5.31942993e-02, -2.44168043e-02,  2.63142455e-02, -6.65623620e-02,
        1.02039799e-02,  3.76438759e-02,  4.98864539e-02,  1.20963547e-02,
       -3.61749940e-02,  2.47374605e-02, -3.50151658e-02, -5.13389818e-02,
       -4.10606414e-02, -7.58984759e-02, -6.12865482e-03,  3.82270664e-02,
        6.07031398e-02,  6.69540912e-02, -1.27566112e-02, -1.93708539e-02,
       -5.60147986e-02, -1.73182592e-01,  2.85625476e-02,  1.98202193e-04,
       -1.23017862e-01, -8.50908309e-02,  1.29162788e-01,  7.72405490e-02,
        1.63951784e-01, -3.03137396e-02,  3.41803324e-03, -4.70175445e-02,
        2.03190595e-01, -1.00451559e-01, -3.24346288e-03,  1.69277832e-01],
      dtype=float32), np.int64(61587): array([-0.36068243, -0.34996033,  0.19874541,  0.09283338,  0.09560018,
        0.15741469, -0.09935229, -0.2039396 ,  0.20993531, -0.05960589,
       -0.14112547,  0.27486345,  0.02618768, -0.18403494, -0.00384528,
        0.15328008, -0.13354899,  0.00849149, -0.07411497, -0.00791115,
       -0.01315628, -0.01253434, -0.03306392, -0.04990006, -0.04680192,
       -0.0210956 ,  0.01214095, -0.07810054,  0.02411424, -0.02479554,
        0.02642164, -0.10872961, -0.01236528, -0.0355846 ,  0.0029755 ,
        0.01068211,  0.04850669,  0.03619754,  0.06840717,  0.01446831,
       -0.01977026, -0.06779747, -0.12474865, -0.15280582,  0.07097388,
        0.14037524,  0.13000259,  0.03935594,  0.131411  ,  0.05104304,
       -0.0025448 , -0.193139  , -0.18396682,  0.1803484 ,  0.1267501 ,
       -0.14901529, -0.05173872,  0.25144613, -0.0652634 ,  0.10438537,
       -0.04612808,  0.13225119, -0.05086377,  0.02308516], dtype=float32), np.int64(65636): array([-1.72082320e-01, -7.85307363e-02,  4.67416123e-02,  2.59030480e-02,
       -1.53982863e-01,  9.46918204e-02, -2.29537845e-01, -1.15564197e-01,
       -8.76180157e-02,  2.05220461e-01,  1.56044677e-01,  3.23389649e-01,
        6.86918050e-02, -1.69107512e-01, -2.10954860e-01,  2.20092610e-02,
        3.43511216e-02,  1.38227185e-02,  1.27186952e-03, -1.52305625e-02,
        4.76380885e-02,  5.42478785e-02,  1.51447132e-02, -2.09090356e-02,
        2.50761304e-03,  2.54015326e-02, -7.35428110e-02, -1.30264327e-01,
       -2.71559387e-01, -1.88035164e-02,  4.12652688e-03,  1.29755631e-01,
       -2.71447375e-02,  2.65325345e-02,  1.59615502e-02,  4.04763445e-02,
       -8.00255388e-02, -9.33310315e-02, -1.78750679e-02, -6.25967979e-02,
       -2.26495311e-01, -3.19452465e-01, -1.19796015e-01,  2.86052167e-01,
       -1.39384419e-01,  2.16307968e-01, -1.00123145e-01, -3.14740613e-02,
        3.12714309e-01, -5.98944798e-02, -3.04892790e-02,  4.91561703e-02,
        2.94645764e-02, -8.33055973e-02,  1.06897496e-03,  6.52780291e-05,
       -2.04079188e-02, -7.68902823e-02,  8.86647329e-02, -1.77887306e-02,
       -1.89791638e-02,  1.02519365e-02,  7.97557309e-02,  2.90540643e-02],
      dtype=float32), np.int64(30512): array([-0.20204364, -0.12141521,  0.1217885 ,  0.00341695,  0.07060318,
       -0.11942906,  0.05305133,  0.08449912,  0.07135844, -0.07237791,
       -0.10635623,  0.1101434 ,  0.03874086,  0.04357708, -0.07806025,
       -0.2851585 ,  0.0662163 , -0.02888667, -0.07620978,  0.06039179,
        0.05540457,  0.02641758,  0.00821977, -0.1081161 ,  0.19832554,
        0.11182511, -0.09268057,  0.51430094, -0.02411056, -0.14258426,
        0.05349215, -0.25931844, -0.15262975, -0.12287716, -0.0226953 ,
       -0.14001706,  0.13410695, -0.19695333, -0.08563517,  0.04504483,
       -0.08034797,  0.0892643 , -0.09878399,  0.1367222 ,  0.14573275,
        0.0180021 , -0.07007588,  0.0225846 , -0.00228484, -0.0112542 ,
       -0.122286  ,  0.17878917,  0.03212182,  0.05165195, -0.05091675,
       -0.18421818, -0.10083583,  0.04455343, -0.01587669,  0.08159772,
       -0.04766861, -0.13768204,  0.06496179, -0.05792652], dtype=float32), np.int64(46089): array([-1.48648977e-01,  2.38624960e-01,  1.27474129e-01, -6.14202559e-01,
        1.21004589e-01,  5.59807003e-01, -6.64073303e-02,  8.06564018e-02,
       -1.02373958e-01,  5.88101558e-02,  5.10585830e-02, -3.92256416e-02,
        2.63818563e-03,  1.51007533e-01, -2.14615427e-02, -2.16606203e-02,
        1.56357810e-02, -5.14622927e-02, -1.91643178e-01,  5.39471582e-02,
        4.52880329e-03, -9.80762243e-02,  5.40697342e-03,  5.42206243e-02,
        4.03823294e-02,  3.57802305e-03, -5.48602955e-04,  2.51911078e-02,
        5.00363298e-02,  1.66176166e-02,  2.81566475e-02,  1.08076995e-02,
       -1.31955091e-02,  8.22606310e-03,  2.00870261e-02, -7.97872916e-02,
        3.60118132e-03,  1.77407619e-02,  4.72897403e-02,  2.28156615e-03,
       -6.78873137e-02,  1.62702613e-02, -4.76071127e-02, -4.45388816e-02,
       -1.37605947e-02, -7.95629025e-02, -9.78204012e-02, -5.66351525e-02,
        3.22663113e-02,  1.33519238e-02, -1.08454935e-03, -6.88569993e-03,
       -6.58377782e-02, -2.44690850e-03,  2.03666687e-02,  2.91102435e-02,
        2.09749099e-02, -6.90205544e-02,  1.04309000e-01, -7.03770528e-03,
       -1.19777657e-01, -6.28377870e-02, -5.90659156e-02,  5.29724844e-02],
      dtype=float32), np.int64(58294): array([-0.15060368,  0.04097998, -0.06582589,  0.22110428, -0.09683242,
        0.15595028, -0.20266177, -0.03482427,  0.16540883, -0.05620669,
        0.03562212,  0.14366429,  0.02153762,  0.00949052, -0.1412999 ,
        0.0328714 ,  0.05516771,  0.08161554, -0.10985968, -0.00623741,
       -0.08295316, -0.20053382, -0.1125293 , -0.06629326, -0.02283319,
       -0.03174142,  0.02184453, -0.00089322, -0.0717727 ,  0.01953606,
        0.06189619,  0.02725052, -0.04324894, -0.01003788, -0.02238845,
       -0.05055706, -0.0392295 ,  0.05680175, -0.09644637,  0.097308  ,
       -0.2502561 ,  0.43322897,  0.17252395, -0.06134955, -0.12806018,
        0.10847153, -0.17762785,  0.17081246,  0.14575985, -0.170539  ,
        0.03737881,  0.07648762,  0.03664338,  0.18391344,  0.24143502,
       -0.12990683,  0.11380284, -0.00483965, -0.07214671,  0.11882523,
        0.17230183,  0.01661647, -0.05979203, -0.19819112], dtype=float32), np.int64(58368): array([-2.96362281e-01,  2.67204285e-01, -1.11248843e-01,  6.53304830e-02,
        3.05888453e-03,  7.22516775e-02,  8.59087333e-02,  1.81796789e-01,
        1.82332903e-01, -8.61511081e-02,  1.18476987e-01,  1.04130268e-01,
       -1.78019896e-01, -3.30761857e-02,  5.46532832e-02, -1.28320247e-01,
       -3.74571420e-03,  3.43757004e-01,  5.30004464e-02,  2.42862515e-02,
        2.65302882e-02, -5.50211184e-02,  3.13129455e-01, -1.98821947e-02,
        6.51624100e-03,  8.56364295e-02, -5.50250672e-02, -1.62302237e-02,
       -2.08758935e-01, -5.64431921e-02, -1.06541663e-01,  2.67255120e-02,
        6.47050068e-02,  1.26964554e-01,  3.06755508e-04, -2.29392096e-01,
        9.08042938e-02, -8.63556787e-02, -9.51676518e-02, -1.44374957e-02,
       -1.20470218e-01,  1.15386374e-01,  3.34126204e-02, -7.15332329e-02,
        5.28012849e-02, -1.50305601e-02,  1.69430390e-01,  1.04897961e-01,
       -7.22370576e-03, -1.33590803e-01,  2.95778401e-02, -4.35064360e-02,
        6.90312497e-03, -1.74589261e-01,  2.21020401e-01, -3.05665210e-02,
        2.01097295e-01,  9.08847302e-02,  1.15314350e-01,  1.89564191e-02,
        1.44042239e-01, -8.73810202e-02,  1.06883962e-02,  3.01603694e-02],
      dtype=float32), np.int64(68339): array([-0.33716625, -0.1542942 ,  0.2250511 , -0.02647015, -0.34619078,
       -0.20511849, -0.06027118,  0.09920678,  0.00738539, -0.07362891,
       -0.09636442, -0.02764425, -0.00498501,  0.19947338,  0.05259898,
       -0.13282311, -0.27891216, -0.02183981, -0.20083733, -0.09267385,
       -0.05398778, -0.03968563, -0.02958739, -0.09031112,  0.0291503 ,
       -0.0542045 ,  0.1727361 , -0.02183897,  0.08337563, -0.00292345,
       -0.1148387 , -0.2738889 , -0.31573996, -0.00855023,  0.02123435,
       -0.05988774,  0.00231863,  0.0127703 , -0.04564456,  0.06884612,
        0.10292815, -0.00695228, -0.0582908 ,  0.04991053,  0.19901979,
       -0.06465983, -0.21973151, -0.08347238,  0.00955607, -0.10446057,
       -0.10002539, -0.04379359,  0.06105579, -0.07380798,  0.0239812 ,
        0.03583876, -0.08020091, -0.07680181, -0.04878334, -0.01895425,
        0.07876603, -0.05434404, -0.07238999, -0.01564943], dtype=float32), np.int64(861): array([-0.36436176, -0.30081517,  0.22603028,  0.04364045, -0.10057225,
       -0.04036364, -0.1136847 ,  0.02565495,  0.08660349, -0.16617872,
       -0.10215726, -0.06939796, -0.05652988, -0.01074608, -0.0973708 ,
       -0.15032661,  0.03503098, -0.07164943, -0.00882777,  0.19960964,
        0.12526713, -0.05420363, -0.10591674,  0.0433582 , -0.08660252,
        0.06977138, -0.1965346 ,  0.11867151,  0.05927974,  0.1537522 ,
       -0.20165825,  0.31772745,  0.10995859,  0.0713209 , -0.05953328,
       -0.10436844, -0.11456083,  0.22753473,  0.0695603 , -0.03516712,
        0.0318546 ,  0.02612183,  0.06753607,  0.09818824, -0.03376947,
        0.05897534,  0.09951942, -0.02828894,  0.07176963,  0.07562909,
        0.11922023,  0.06975   , -0.03787614,  0.01104236,  0.07157465,
       -0.17508486,  0.01846508, -0.22567736, -0.00287997,  0.0694215 ,
        0.15486106,  0.10078126,  0.09058719,  0.0357599 ], dtype=float32), np.int64(48114): array([-0.21771763, -0.02467589, -0.08000454,  0.18099311,  0.17255078,
        0.1049154 ,  0.006137  ,  0.0062279 , -0.3408493 ,  0.11654857,
       -0.29363346,  0.16606985, -0.13429019, -0.08560137, -0.03938259,
       -0.0112409 , -0.06164189, -0.18953578,  0.03023104,  0.01255394,
       -0.00107141, -0.0010277 , -0.0137058 ,  0.02783461,  0.03950964,
       -0.18539345, -0.04432686, -0.02593057,  0.17416017, -0.30479977,
       -0.04036395,  0.06684992, -0.04173836,  0.0794512 , -0.18072541,
        0.05974102, -0.31572852, -0.13379657,  0.00187508,  0.02049033,
       -0.12209666,  0.00993052, -0.20542176, -0.04639918, -0.00501087,
       -0.07785887,  0.2465758 , -0.0809821 ,  0.03116739, -0.13380177,
        0.00518631,  0.12830788,  0.03041796,  0.0176969 ,  0.14416698,
       -0.03829784,  0.07597613, -0.05033851, -0.05927721, -0.07555269,
        0.04821047, -0.12283321, -0.04646645,  0.02572286], dtype=float32), np.int64(103200): array([-0.33390504, -0.08789537,  0.00168313, -0.00387913, -0.02231365,
       -0.18126173, -0.02391044, -0.09154898,  0.11170442,  0.13552345,
       -0.2679719 ,  0.1258965 , -0.04594362,  0.08481739,  0.04182505,
        0.05765191, -0.11757536, -0.01988123, -0.14405721,  0.23016322,
       -0.17974287, -0.11096618, -0.04568482, -0.11466017,  0.00796322,
       -0.1501432 , -0.04053646, -0.02825523, -0.06381644,  0.31042925,
        0.11788771,  0.04427196,  0.2813765 , -0.11408943,  0.08315533,
       -0.04970079, -0.12959144,  0.0391633 , -0.05657163,  0.19083828,
        0.04601329, -0.06597079,  0.01131124,  0.15679571, -0.05814403,
       -0.0293146 ,  0.0330482 ,  0.08430576,  0.15892217, -0.02936996,
        0.1798589 ,  0.00666574,  0.03459368,  0.12711178, -0.0600908 ,
       -0.11959264, -0.1886118 ,  0.19410188, -0.07125448,  0.12297031,
        0.02404073,  0.15464516, -0.00195864, -0.03950673], dtype=float32), np.int64(6602): array([-9.76889506e-02,  2.24012613e-01,  2.01571584e-02,  3.01079303e-01,
        4.49008420e-02,  1.02515750e-01, -5.02938926e-02,  8.20245296e-02,
        6.73282146e-02, -1.44566089e-01,  1.66817427e-01, -2.32297685e-02,
        1.65806100e-01, -1.53718134e-02,  2.09243651e-02, -3.51364650e-02,
       -1.20339431e-01, -7.35290796e-02,  5.88443540e-02,  2.16705166e-02,
       -2.11267974e-02, -5.06357700e-02, -7.78815746e-02,  5.62582202e-02,
       -4.83877696e-02, -6.88904449e-02,  1.17076270e-01,  1.17873199e-01,
       -5.61407395e-02,  2.22639099e-01,  8.75461176e-02, -1.01665378e-01,
        1.18199997e-01, -1.33278444e-01, -1.29717276e-01, -1.70701802e-01,
       -2.46052846e-01,  7.38110989e-02, -1.36108920e-01, -4.05789554e-01,
       -3.39602091e-04, -3.04768584e-03,  8.38223696e-02, -1.09527163e-01,
       -3.42594720e-02,  1.35712653e-01, -1.97739765e-01,  2.07334027e-01,
       -3.32205519e-02, -1.37236923e-01, -1.16564557e-01,  1.25758564e-02,
       -6.00561500e-02,  2.23229900e-02,  1.20688848e-01, -1.76605135e-02,
        1.37921825e-01,  6.31927997e-02, -2.80141290e-02, -3.74279916e-02,
       -1.21664956e-01,  1.28124073e-01,  2.06521526e-01, -5.86322770e-02],
      dtype=float32), np.int64(66331): array([-0.15344837, -0.15054952,  0.09976276,  0.08576106,  0.00068932,
        0.13059841,  0.47109967,  0.01021148,  0.05320419,  0.01073448,
       -0.05365792,  0.05408051,  0.00156909,  0.05319382,  0.04062328,
        0.06985407,  0.02443735,  0.03182627,  0.02012581,  0.03675188,
       -0.02268313, -0.03889302,  0.09088288,  0.04297043,  0.01291861,
       -0.01816604,  0.03154479,  0.0172546 ,  0.09250279,  0.04497383,
        0.02146151, -0.03754314, -0.08166005,  0.01820888, -0.01596836,
        0.11465786, -0.09732337,  0.1018614 ,  0.00470188, -0.03605481,
        0.10320034, -0.13090646,  0.08579112, -0.04756222,  0.10365763,
       -0.17447497, -0.33874717, -0.299649  , -0.0818471 , -0.15301454,
       -0.34681937, -0.28189406,  0.14870672, -0.13742964,  0.04675446,
       -0.17062154, -0.0779004 , -0.00367469,  0.00134734,  0.03767075,
        0.07925591,  0.09414471,  0.0047566 , -0.00085365], dtype=float32), np.int64(70269): array([-0.36667228, -0.07201332, -0.08476792,  0.03148206, -0.1396882 ,
       -0.03918757,  0.1791383 ,  0.09717944,  0.09882686,  0.14340886,
        0.12306097,  0.01238784, -0.00820742, -0.10556674, -0.17134218,
       -0.12406693,  0.16487695,  0.2332629 , -0.11292721,  0.14678442,
        0.10039862,  0.0965656 ,  0.3465338 , -0.05522525,  0.04703879,
       -0.17633301,  0.04599024,  0.0957362 ,  0.12486061,  0.0890964 ,
        0.14401495,  0.03313585, -0.16672952,  0.11902527, -0.09031646,
        0.24425948, -0.04602957,  0.11917318,  0.067801  ,  0.05903497,
        0.057066  , -0.19699807,  0.0670974 , -0.10785131, -0.16134122,
       -0.09288634,  0.07779448,  0.09491158, -0.12360658, -0.07147322,
       -0.10035663,  0.09291267, -0.06894537, -0.02192637, -0.03297154,
        0.06890133,  0.02370983,  0.1706495 , -0.04896962,  0.029426  ,
        0.00122726, -0.0023893 , -0.11084298, -0.04602706], dtype=float32), np.int64(11219): array([-0.26051474,  0.17083532,  0.04310033, -0.5897032 ,  0.14758538,
        0.55038166, -0.18277353, -0.03741918, -0.08708952, -0.08347091,
        0.00512785,  0.07818013, -0.00395096,  0.10754231, -0.07927182,
       -0.01080944,  0.031889  , -0.06406853, -0.01321001,  0.00299651,
       -0.00359746, -0.06876633,  0.09712549,  0.00468798,  0.0462256 ,
       -0.11420102, -0.02858721,  0.03588738, -0.00778808,  0.02884629,
        0.07155821,  0.03363645, -0.04721387, -0.02984853,  0.149366  ,
       -0.08370607, -0.11836962, -0.00800959,  0.12789306, -0.00151032,
       -0.02741754, -0.03176089, -0.03667696,  0.02413771,  0.05667893,
        0.02113518, -0.02572958, -0.00727271,  0.04187948,  0.03788517,
       -0.04808225,  0.06331702, -0.03829101,  0.02403522, -0.00627448,
       -0.00453274, -0.02830406, -0.06046642, -0.02799406,  0.04637039,
       -0.07177319, -0.02469063,  0.04264099, -0.11709315], dtype=float32), np.int64(64374): array([-2.08157018e-01,  2.46487588e-01, -1.75211385e-01,  4.28604484e-01,
        1.80227637e-01,  1.55313104e-01, -1.61340177e-01,  2.07212061e-01,
        1.49581328e-01, -2.10887909e-01,  2.06442758e-01,  8.12459886e-02,
       -2.47319806e-02,  2.94755042e-01,  4.35509160e-02,  1.30156189e-01,
       -1.92356948e-02, -2.11499438e-01,  8.10610428e-02, -5.14678136e-02,
        7.32875466e-02,  1.77279875e-01, -1.38893770e-02,  1.48567678e-02,
        2.10975502e-02,  6.29921108e-02, -4.60493453e-02,  4.70219553e-03,
       -3.94320711e-02,  1.63110234e-02, -3.62949967e-02, -3.49720605e-02,
        6.23990223e-02,  9.19412300e-02,  4.75949645e-02, -2.47898337e-04,
       -1.89896837e-01, -9.12858397e-02, -4.06680070e-02, -6.00331090e-02,
       -1.92129035e-02,  7.66560063e-02,  1.76056564e-01, -6.21185750e-02,
        5.96377626e-02,  3.15619782e-02,  7.41391703e-02,  1.92801319e-02,
        3.26634720e-02, -2.32505463e-02,  3.52836736e-02, -1.14187993e-01,
        7.03732371e-02, -7.09849969e-02, -3.31680328e-02, -3.58108468e-02,
       -3.46996896e-02, -1.23278536e-01, -8.22326094e-02, -8.00087005e-02,
       -1.60400838e-01, -1.90035086e-02,  4.92561087e-02,  1.70181721e-01],
      dtype=float32), np.int64(66645): array([-0.2896983 ,  0.03877102,  0.0983015 , -0.01695389, -0.03556572,
       -0.10037393,  0.02735508,  0.17695174,  0.07332596, -0.13676219,
       -0.00508714,  0.0306445 , -0.0900512 , -0.16850865,  0.05644258,
        0.08356719,  0.11667205,  0.19337578,  0.06188731,  0.00843737,
        0.04542555,  0.05852827,  0.410661  , -0.00828349, -0.05740124,
       -0.00607845, -0.0239102 , -0.06791133, -0.06576021, -0.036452  ,
       -0.1602265 ,  0.15924042,  0.03683233,  0.08330603,  0.05200632,
       -0.0328524 , -0.00734865, -0.11666626, -0.08466566, -0.05545889,
       -0.02736435,  0.15322725, -0.16981676, -0.01398208, -0.00689879,
       -0.17931022, -0.26485223,  0.17696826,  0.10846947, -0.12918879,
       -0.11209108,  0.08975471, -0.2778115 , -0.13090129, -0.13746248,
        0.05512331, -0.03493901,  0.02779119, -0.07995844,  0.07914089,
        0.00583441, -0.17045143, -0.250307  ,  0.02377794], dtype=float32), np.int64(91900): array([-0.16023815,  0.15958883, -0.15297246,  0.39755848,  0.01075135,
        0.2080563 , -0.17096548,  0.12617384, -0.10787983, -0.18308139,
       -0.1789555 ,  0.13552012,  0.12267052,  0.21342847, -0.11502713,
        0.09904043,  0.12166607,  0.02574271, -0.19132358, -0.00910634,
       -0.0640381 , -0.12979281, -0.13207473, -0.05406264,  0.07520837,
        0.00095759, -0.08393132,  0.00462743,  0.14868587, -0.1448492 ,
       -0.00895325, -0.01902615, -0.02570451,  0.0994807 , -0.06690279,
        0.14788403, -0.08571279,  0.09551326,  0.006814  , -0.17704144,
       -0.0779672 , -0.00836655,  0.11509283,  0.06137697,  0.07237177,
       -0.02472289, -0.0170825 ,  0.21333252, -0.11297794,  0.04739749,
       -0.06258271,  0.02703659,  0.0453207 , -0.01842177, -0.12065155,
       -0.01016911, -0.20766017,  0.12898771,  0.13330917,  0.03248193,
        0.12766494,  0.07495514, -0.06672164,  0.22067685], dtype=float32), np.int64(45581): array([-0.28891265, -0.26350418,  0.18472052,  0.01361266,  0.28059137,
        0.09272499,  0.11007018,  0.1054924 ,  0.11549092, -0.14913608,
       -0.21952213,  0.22586584,  0.04838904, -0.07437202, -0.29594073,
       -0.02067183, -0.09630703, -0.01866224, -0.1327387 , -0.49966797,
       -0.20989567,  0.04320123,  0.04286246,  0.1120653 , -0.13766097,
       -0.07402217,  0.04529782, -0.03150161, -0.1190308 , -0.03499894,
       -0.03218883,  0.02618017,  0.06427847, -0.00995871,  0.01778686,
        0.0298517 , -0.00688614, -0.05753931,  0.13251966, -0.03326691,
        0.02667544,  0.0600551 ,  0.01236165, -0.04981552,  0.02535884,
        0.00269905,  0.03309102,  0.01163217, -0.02241939,  0.03148   ,
        0.00364727, -0.00073796,  0.06130231,  0.00404337, -0.00187067,
       -0.04355666,  0.10279176,  0.03083024, -0.00412855,  0.05809106,
       -0.03753209,  0.13966489, -0.01595692,  0.10085617], dtype=float32), np.int64(55258): array([-0.11548304,  0.00791809, -0.23612052,  0.00259748,  0.04729296,
        0.0115439 ,  0.01480999, -0.05484613, -0.4539772 ,  0.06361312,
        0.06904758,  0.15940937, -0.13690862, -0.06781366,  0.01031578,
       -0.06591373, -0.12820959, -0.26097217,  0.04962438,  0.02918834,
        0.01166594, -0.0252576 , -0.02078278,  0.06366681,  0.08325636,
       -0.27111226, -0.08118632,  0.01381251,  0.1810066 , -0.2585941 ,
       -0.0435086 ,  0.08656393, -0.02894544,  0.05873961, -0.17274345,
        0.02924637, -0.25632024, -0.12733619,  0.01197123,  0.02565525,
       -0.11146589, -0.02516436, -0.13376069,  0.04068756,  0.0527165 ,
        0.05623063,  0.03559223,  0.05148969,  0.1332121 ,  0.10728091,
        0.0287294 ,  0.07852914,  0.04315031, -0.14630651, -0.04053079,
       -0.03488209,  0.11390868,  0.14093894, -0.02004651, -0.1954055 ,
        0.02796366, -0.01711076, -0.04570925, -0.2657987 ], dtype=float32), np.int64(79277): array([-0.03522277,  0.05593712, -0.01613553,  0.11194357,  0.00268394,
        0.04358418, -0.04314425,  0.05186891,  0.02392674, -0.04429415,
        0.04796616,  0.02932538,  0.04076495,  0.15882404,  0.00451082,
        0.09878656,  0.070974  , -0.03241887, -0.03923418, -0.01824149,
        0.02925282,  0.09491283,  0.05406858, -0.03624456,  0.03583287,
        0.02952795, -0.10294811, -0.11263712, -0.12789704, -0.08377927,
       -0.02729957,  0.13029188, -0.00229735, -0.03065118,  0.01591176,
        0.06293992, -0.03696876, -0.13562024, -0.08655064, -0.03799244,
        0.08085187, -0.08977758, -0.04733002, -0.11998207,  0.04749113,
        0.04656971, -0.1011343 , -0.13461336,  0.6593203 , -0.02731708,
       -0.1071414 ,  0.06745514,  0.14458233, -0.31130373,  0.04631284,
        0.06785372, -0.03143477, -0.0574737 ,  0.2582016 , -0.23865151,
        0.09599585,  0.12607296,  0.07296093,  0.11475983], dtype=float32), np.int64(97089): array([-2.72489429e-01,  9.18361992e-02,  1.55034214e-01, -5.35840034e-01,
       -6.60634339e-02,  5.78151345e-01, -6.25161603e-02,  6.73699230e-02,
        5.45773432e-02, -9.15819257e-02, -7.67665133e-02, -1.19645610e-01,
       -3.73149887e-02,  1.22687966e-01, -6.45316541e-02, -2.15335283e-02,
        1.52717739e-01, -7.81943202e-02,  1.09447306e-02, -1.33637805e-02,
       -1.07055122e-03, -3.90187800e-02, -1.58009194e-02, -4.42206375e-02,
       -1.87727455e-02, -7.16435462e-02,  4.80799861e-02,  5.92120402e-02,
        1.01083964e-02,  1.91492420e-02,  5.47391130e-03,  2.63173208e-02,
       -3.21939141e-02, -2.74305828e-02,  3.73092294e-02, -5.44554815e-02,
       -5.25425635e-02,  2.50543497e-04,  1.12120785e-01,  8.62116832e-03,
       -7.55059570e-02, -1.52207827e-02,  1.43192969e-02, -2.04580128e-02,
        3.24634537e-02, -4.83033024e-02,  2.49794917e-03, -1.73113532e-02,
        1.30386436e-02,  5.68275154e-02, -6.42570257e-02,  1.51193263e-02,
       -1.56256363e-01,  6.47150073e-03, -5.05325943e-02, -4.63726856e-02,
        5.88255897e-02,  1.57009233e-02,  1.53375208e-01, -1.07961059e-01,
       -1.11503951e-01, -1.95057541e-01, -2.91058030e-02,  3.93034294e-02],
      dtype=float32), np.int64(6886): array([-0.3942991 , -0.07092636,  0.16979116, -0.05224746, -0.15858325,
       -0.30187702, -0.04459013,  0.02495648,  0.1004088 , -0.02839359,
       -0.0756174 , -0.03067477,  0.05296053, -0.02962888,  0.09715161,
        0.13699676, -0.02232329,  0.06571132, -0.09491728, -0.2069446 ,
        0.08927501, -0.0073755 ,  0.29076263,  0.01314798,  0.11505583,
       -0.02627092,  0.15635939, -0.08641724,  0.07113452,  0.07459182,
       -0.02544041,  0.16192715, -0.01191064, -0.06784771,  0.09638511,
        0.16300969, -0.02326949, -0.16061564,  0.15225294, -0.16379677,
       -0.20578457, -0.1332038 ,  0.12067   , -0.09861868, -0.10831164,
       -0.04437885,  0.07631699,  0.15460029, -0.07810211, -0.12910722,
       -0.10744306,  0.15461166,  0.04391808,  0.18192557, -0.05258211,
        0.03734583,  0.03790297,  0.03084288, -0.10902791,  0.01720572,
        0.0228464 ,  0.20828395,  0.06586369,  0.04369041], dtype=float32), np.int64(23032): array([-0.3431666 ,  0.09168471,  0.00143768, -0.04681271, -0.18339184,
       -0.11100712,  0.00447333,  0.09748687,  0.15411101,  0.00262218,
        0.01253899, -0.04366893,  0.07837728,  0.01743956,  0.02619619,
       -0.03459932, -0.03073373,  0.24887529,  0.04369317, -0.09578803,
       -0.00897983,  0.01297252,  0.3083801 , -0.13107498, -0.10668384,
       -0.02195371, -0.15378949, -0.07674111, -0.25947604, -0.01757566,
       -0.09456989,  0.19417503, -0.1546869 , -0.05313134,  0.02388299,
       -0.00995549, -0.11418018, -0.14254905, -0.09241971, -0.05421552,
       -0.05279661, -0.00929599, -0.1334109 , -0.04510022,  0.09081235,
        0.01094324,  0.10179875,  0.23899266, -0.16979513, -0.00720458,
       -0.18773405,  0.00439491, -0.26536563, -0.03356193, -0.06168086,
       -0.19919658, -0.07753964,  0.06335364,  0.10631835, -0.1367437 ,
       -0.01443207, -0.13312204, -0.13800563,  0.11327882], dtype=float32), np.int64(34265): array([-0.28305987, -0.13612731,  0.17216663, -0.0123047 , -0.00411225,
       -0.21374209,  0.06952807,  0.13935784,  0.05483637, -0.14847408,
       -0.13322005, -0.02342703, -0.04644248,  0.094288  , -0.26272303,
       -0.17317021,  0.1999161 , -0.03430225,  0.00113055,  0.00856007,
       -0.01851551, -0.10229412,  0.18521664,  0.2543532 , -0.07340138,
       -0.00981825, -0.10801932,  0.2219394 ,  0.06771844, -0.05275568,
        0.15538348, -0.05821489,  0.03850846, -0.07033499,  0.05637642,
        0.19266704,  0.08243196, -0.1233898 ,  0.05695186, -0.12051234,
       -0.06544132,  0.01016573,  0.12427691,  0.00547128,  0.1434528 ,
       -0.03773614, -0.14112423, -0.22949404, -0.00534254, -0.17781988,
       -0.13690202, -0.02858442,  0.09798761, -0.03397685,  0.07933827,
       -0.08041693, -0.17322727,  0.05487192, -0.12964498, -0.2355114 ,
       -0.06010986,  0.07783086, -0.06874279,  0.02184457], dtype=float32), np.int64(71051): array([-0.2091694 ,  0.10466615,  0.05145692,  0.42199373,  0.14435133,
        0.2095027 , -0.08487953, -0.03908848,  0.05424261, -0.02996811,
       -0.00860547, -0.01453455,  0.02070623,  0.10075389,  0.05789324,
        0.04253397,  0.00268467, -0.04368142,  0.07630508,  0.0109111 ,
       -0.04032513, -0.08358213,  0.14154322, -0.03358473, -0.07733953,
       -0.02443152,  0.07356068, -0.0063837 , -0.097088  ,  0.06928755,
        0.00774125,  0.01318529, -0.07155677,  0.04177305,  0.0728809 ,
       -0.0930718 ,  0.12742384,  0.01413343,  0.00786678,  0.37119633,
       -0.11343067,  0.093499  , -0.00175818,  0.04644914, -0.1809532 ,
       -0.01623207,  0.14850192, -0.30411875, -0.03447185,  0.01455984,
       -0.16897316, -0.05726147, -0.08161952,  0.02983183,  0.13213478,
        0.01514805, -0.13306864,  0.19317055, -0.14676078,  0.17881794,
        0.10992412,  0.13333425, -0.24966952, -0.03833891], dtype=float32), np.int64(95445): array([-0.28330234,  0.06384894, -0.04548568,  0.2789444 ,  0.09271675,
        0.12402385, -0.07351357, -0.0184638 , -0.0817753 ,  0.0074025 ,
        0.01410979,  0.0859743 ,  0.18023868, -0.1333471 ,  0.00076905,
        0.0006982 , -0.08398471,  0.11920712, -0.0105299 , -0.02952895,
        0.07726292, -0.20207731, -0.02527074,  0.04017954, -0.04784681,
       -0.12844336,  0.06971756,  0.11130861,  0.01006962,  0.06697214,
        0.06507733, -0.17079943,  0.00181252,  0.00906548, -0.01218463,
        0.01602069, -0.18164217,  0.17985602, -0.08066928, -0.52431023,
       -0.04433083, -0.23425709,  0.01517238, -0.01956294, -0.08587197,
       -0.284369  , -0.04656397,  0.24512114, -0.07826918,  0.01258916,
        0.0010535 , -0.00251342, -0.07316588,  0.09280984, -0.05705185,
        0.01395093, -0.00510307,  0.09047989, -0.06516428,  0.05479086,
        0.02011863, -0.00740975,  0.03105769, -0.01848798], dtype=float32), np.int64(104486): array([-0.16800506,  0.3154193 , -0.08005024,  0.4510222 ,  0.06971323,
        0.17225675, -0.08420999,  0.19297506,  0.13050544, -0.16895917,
        0.18094544,  0.00409891,  0.08499535,  0.05025252, -0.00429438,
       -0.06283788, -0.03312699,  0.12082767,  0.04974064,  0.04714815,
       -0.07698947, -0.20596781,  0.17434551,  0.03107627,  0.03975217,
       -0.00716639,  0.09385263,  0.08335053, -0.00829528,  0.12879765,
       -0.00155337, -0.11689623,  0.06397366,  0.03292552, -0.03725844,
       -0.13453035,  0.19126604,  0.0709871 ,  0.00287545, -0.06785034,
       -0.06705299, -0.05344502,  0.09536102,  0.00553177,  0.02096143,
       -0.05968513,  0.37154895, -0.12091955,  0.04372089, -0.01356916,
        0.01401572, -0.0177685 , -0.06880113, -0.16735798, -0.18192448,
       -0.03323994, -0.03028047, -0.08941313,  0.10167976, -0.01183495,
        0.04745726,  0.06097917, -0.00141583, -0.06900038], dtype=float32), np.int64(23254): array([-0.29147285, -0.1379746 , -0.03650098, -0.02449539, -0.2151012 ,
        0.05425099,  0.00108291,  0.02499221,  0.21863978,  0.02440831,
       -0.09437776,  0.08940171,  0.13345686, -0.07010735,  0.05008341,
       -0.15863396,  0.11772913,  0.1336782 ,  0.20654954, -0.08847699,
        0.26853034,  0.05471018,  0.21488425,  0.13725358,  0.22922133,
        0.08809465,  0.10577717, -0.10536823,  0.28283808,  0.12469839,
       -0.21303815,  0.10448469, -0.11453839, -0.13041897, -0.06451814,
        0.05295614,  0.07231589, -0.13288683,  0.01325418, -0.03005594,
        0.19201343,  0.14169644, -0.17028949,  0.04512714, -0.12132985,
        0.05964248, -0.02072921,  0.16240965, -0.05400664, -0.10638922,
       -0.06245571,  0.05641966, -0.14753921, -0.06688925, -0.09277032,
        0.02900689,  0.01863488,  0.03164186, -0.06815622, -0.05363837,
        0.01788861, -0.09472662,  0.00143053, -0.04954222], dtype=float32), np.int64(64880): array([-0.27108556,  0.09810364, -0.0439502 ,  0.4283118 , -0.09318651,
        0.2301457 , -0.10766393,  0.15389788,  0.08184353, -0.06840168,
       -0.01842208, -0.10060715,  0.08112224,  0.05688116, -0.05963004,
        0.01003581,  0.16081502, -0.02799084, -0.0604718 ,  0.07402271,
       -0.1821017 , -0.07380459,  0.04824396, -0.05948972, -0.01243272,
       -0.01102388, -0.01451039,  0.05316098, -0.08255649,  0.18348892,
       -0.03900128, -0.04383026, -0.05113837,  0.01900335,  0.01037549,
        0.10638028, -0.0967023 , -0.01899063,  0.02674027,  0.26920286,
       -0.1165665 , -0.02391868,  0.14029673, -0.00125227,  0.01359657,
       -0.12398854, -0.03154066,  0.05638266,  0.03123289,  0.03227258,
        0.0935095 , -0.00773555, -0.17196423, -0.1405053 , -0.27877927,
       -0.12944429,  0.04225613,  0.1527896 ,  0.20752366, -0.05759208,
        0.05919487,  0.01704762,  0.24732496,  0.17266597], dtype=float32), np.int64(79939): array([-0.37447864, -0.07193919,  0.12543009, -0.08075981, -0.11916844,
       -0.30227664, -0.040986  ,  0.05665214,  0.00102451,  0.12121549,
        0.00121208,  0.01616557,  0.06929673,  0.1258107 ,  0.00402357,
       -0.01144724, -0.06960148,  0.08046227, -0.03990124, -0.22774987,
        0.04217841, -0.09476741, -0.17627908, -0.24430688,  0.0762468 ,
        0.0459965 , -0.16007903,  0.30662918,  0.01665301, -0.00762638,
       -0.10221983, -0.09458839, -0.24348047,  0.01342496,  0.06365573,
        0.03642667,  0.00343034, -0.03082719,  0.00668118, -0.08245559,
        0.01387718,  0.06821983,  0.05347557,  0.01403439, -0.09539379,
       -0.09048056,  0.07853148, -0.13645503,  0.06610221, -0.06546665,
        0.1332693 ,  0.10474948,  0.06659508, -0.10435627,  0.11914475,
       -0.05955658, -0.28090224,  0.12524843, -0.0886959 , -0.08455418,
       -0.23779823,  0.10496518,  0.04754402, -0.00385887], dtype=float32), np.int64(89376): array([-3.52824897e-01, -6.36046976e-02,  1.75145566e-02, -7.11042434e-02,
       -1.08037807e-01, -2.31881976e-01,  9.23060905e-03, -7.94041231e-02,
       -1.07204951e-02, -1.04749836e-01, -8.91828686e-02,  1.50194429e-02,
        4.20957319e-02,  2.77932435e-02, -8.78837425e-03,  7.30958655e-02,
        6.09975271e-02, -2.40254290e-02,  9.40847546e-02, -1.21721774e-02,
        2.26703689e-01,  7.88611397e-02,  6.26010746e-02, -2.38662183e-01,
        8.94991085e-02, -9.81865153e-02, -1.22587673e-01,  2.18148367e-03,
        7.08613172e-02,  1.55921757e-01,  3.11416890e-02,  2.67612636e-01,
        1.25745162e-01, -2.84886975e-02,  1.72720820e-01,  2.46199012e-01,
       -1.88750505e-01, -6.22007139e-02,  2.38541476e-02, -2.34216675e-01,
        9.96408686e-02,  4.97540422e-02,  1.24797169e-02,  4.46469709e-03,
        8.29214677e-02,  7.39853010e-02,  2.70528490e-05, -9.06683505e-02,
        1.62900314e-01, -1.03306301e-01, -1.49340928e-01, -8.94511119e-02,
        3.20074323e-04,  4.58056945e-03,  1.63752332e-01, -2.15051770e-02,
       -1.93534847e-02, -3.96361053e-02,  1.76174432e-01, -1.05844840e-01,
        8.49235728e-02,  6.10756427e-02, -1.36819467e-01,  3.11206520e-01],
      dtype=float32), np.int64(14877): array([-3.44525844e-01, -2.27023870e-01, -1.73074424e-01,  4.78929356e-02,
       -2.33101428e-01,  1.68766961e-01,  1.03681572e-01, -2.37340614e-01,
       -1.27908364e-01, -2.70692915e-01, -5.11376113e-02,  2.42160842e-01,
       -1.44611806e-01, -2.29855448e-01,  7.74111748e-02, -2.12026313e-01,
        1.24901354e-01, -4.39625025e-01, -7.04983398e-02, -7.10006878e-02,
        4.26134765e-02,  3.53702120e-02, -1.67229977e-02, -7.50037357e-02,
        1.43944144e-01, -2.50919670e-01, -1.33556113e-01, -5.99575639e-02,
       -4.65119667e-02, -3.70442099e-03, -2.56351866e-02, -2.30806209e-02,
       -2.27158144e-02,  2.95256879e-02, -1.18756086e-01,  3.74484062e-02,
        5.10974079e-02,  3.80253745e-03,  7.08181858e-02, -2.97316071e-02,
       -2.38019805e-02,  4.67692316e-02,  2.98598297e-02,  8.57452955e-03,
        1.04126865e-02,  3.10460781e-03,  1.33040762e-02,  1.43482564e-02,
       -2.42744442e-02, -4.30726260e-02, -1.99776310e-02, -3.00802127e-03,
       -3.48832756e-02,  1.67935193e-02, -1.87746976e-02, -1.40952989e-05,
       -6.50946004e-03,  6.10716082e-03, -4.71725315e-03,  1.51623106e-02,
       -1.39198350e-02, -1.94498878e-02, -6.11944636e-03,  2.03063618e-02],
      dtype=float32), np.int64(17917): array([-0.3444528 , -0.12112956,  0.16217686,  0.23158282, -0.0172144 ,
        0.1137924 , -0.15542951,  0.136589  , -0.08665609, -0.03223437,
        0.15386134,  0.00891227,  0.03248108, -0.15407956, -0.0436104 ,
       -0.0127465 ,  0.08482891, -0.0578537 ,  0.05215429,  0.04812198,
        0.00906996, -0.04875526,  0.03423103,  0.03855812, -0.03266361,
       -0.05104237,  0.07746977,  0.10926076,  0.07099245, -0.1042111 ,
        0.02025647, -0.11667451, -0.10147494,  0.0200661 ,  0.04377912,
        0.17241645, -0.12795581,  0.118402  ,  0.13155173,  0.20262246,
       -0.11340994, -0.10195397,  0.0531163 , -0.25380236, -0.14642525,
       -0.29681158, -0.27339908, -0.07445723,  0.08637463,  0.01847959,
       -0.04501957, -0.15689257,  0.00879243, -0.17098473, -0.18706109,
       -0.01208722, -0.05434289, -0.19490255, -0.07533745, -0.15296724,
        0.04554795, -0.05764088,  0.006706  ,  0.11629491], dtype=float32), np.int64(67344): array([-0.3892292 , -0.2675185 ,  0.21752407,  0.01837959, -0.15797393,
       -0.04575925, -0.15247402,  0.08770537,  0.06303651, -0.14844516,
       -0.08367427, -0.03508129, -0.07851924, -0.1759694 ,  0.1714389 ,
        0.16370387, -0.00208942,  0.02076036, -0.087254  ,  0.04569427,
        0.0292696 ,  0.00737769,  0.0634021 , -0.0635413 , -0.05869815,
       -0.01803148, -0.03119991, -0.0373936 ,  0.13109033,  0.11156264,
       -0.06239069,  0.04505088, -0.05288188,  0.0108722 ,  0.04465675,
        0.13791484, -0.06752325, -0.05381553, -0.0771332 , -0.11972953,
        0.31319544,  0.2392205 , -0.15898699,  0.26620737, -0.11896743,
       -0.02724695,  0.06993   , -0.00629069,  0.10587658,  0.06433777,
        0.10294516, -0.09980933, -0.16512138,  0.12348704,  0.14461018,
       -0.06361294, -0.0876376 ,  0.10090729,  0.05699372, -0.0213938 ,
       -0.11753947,  0.12091974, -0.07024019,  0.04061732], dtype=float32), np.int64(87712): array([-0.26613915,  0.14104785,  0.01410623,  0.5144533 ,  0.13155213,
        0.24512228, -0.1295143 ,  0.0626726 ,  0.08080079, -0.05605604,
        0.02120318, -0.06977398,  0.02705305,  0.12347414,  0.14354157,
       -0.07850025,  0.13187647, -0.02693749, -0.04482969, -0.01191704,
       -0.079041  , -0.16913666, -0.03275369, -0.04511075,  0.02159606,
       -0.01377332,  0.05364854,  0.09673711, -0.08335852,  0.32496783,
        0.04253824, -0.15986368,  0.08266609, -0.05967557, -0.01837844,
        0.00598313, -0.03795945,  0.08420866, -0.02211605, -0.14289884,
        0.02929863, -0.15058847,  0.13320917,  0.02866603,  0.04873205,
        0.04019768,  0.02147314,  0.06870478, -0.01013333,  0.06022914,
        0.05556656, -0.00090056, -0.20087093,  0.03609651, -0.11860725,
       -0.09566886,  0.03135137,  0.0751962 , -0.00183644, -0.13983837,
        0.22339201,  0.04220554,  0.18201728,  0.05797039], dtype=float32), np.int64(98047): array([-2.83352435e-01,  1.21970445e-01,  1.61794722e-01, -5.71620464e-01,
        9.93589684e-02,  5.82784951e-01, -1.05676413e-01,  4.84319292e-02,
        1.01039447e-01, -9.63668600e-02, -8.28536376e-02, -1.37976548e-02,
       -1.07482793e-02,  8.99229422e-02,  7.46124610e-02, -7.46606812e-02,
        8.65084082e-02, -1.79644283e-02, -3.15303504e-02, -1.49432076e-02,
        7.40312692e-03, -4.16692346e-02,  7.48679563e-02,  2.89262598e-03,
        2.59354641e-03, -2.85817292e-02,  1.38882286e-04, -8.40178877e-03,
       -2.80651562e-02, -1.45649789e-02,  8.94022137e-02, -2.75467262e-02,
       -1.10130094e-01,  3.47491279e-02,  6.98336810e-02, -2.39678156e-02,
       -8.85553136e-02,  2.23958399e-02,  2.92678885e-02, -2.02399492e-02,
       -2.02419702e-02,  1.91725623e-02,  6.20202124e-02,  1.31955773e-01,
        3.24403048e-02, -1.52178675e-01,  4.92213480e-02,  2.81918719e-02,
       -1.40202539e-02,  8.30196496e-03,  2.36646868e-02,  1.57830901e-02,
       -2.39462685e-02, -2.63794307e-02,  5.52657545e-02,  6.14643358e-02,
       -2.54516918e-02,  2.39228215e-02,  8.38826224e-02, -3.39237899e-02,
       -1.03752138e-02, -6.01283386e-02,  1.09423168e-01, -6.14354722e-02],
      dtype=float32), np.int64(21701): array([-0.17697382, -0.09935853,  0.13675313,  0.0329055 , -0.05796843,
        0.01733152,  0.39566985,  0.02288548,  0.024145  ,  0.01820887,
       -0.07697101,  0.08311188,  0.01086847,  0.06761979,  0.21697226,
        0.19273882, -0.07965828,  0.01949064, -0.02879109, -0.00079422,
       -0.02892567, -0.03398246, -0.00835573, -0.0625686 , -0.09753682,
       -0.06397726, -0.0133224 ,  0.00057694,  0.02083762, -0.01432138,
       -0.02034013, -0.10565313,  0.0113786 , -0.01259587,  0.07816883,
        0.11520885, -0.05674307,  0.08036417,  0.16730213, -0.08680771,
       -0.13602816,  0.07992839,  0.06639358, -0.19786386,  0.04525269,
        0.20503716,  0.05390446, -0.32174212, -0.12297126, -0.15556943,
       -0.03566495,  0.43639177,  0.1277608 , -0.12114822, -0.10852858,
        0.06293519, -0.01648663,  0.04065701,  0.13240772, -0.09406468,
       -0.10667832, -0.05001666, -0.11273388, -0.13994916], dtype=float32), np.int64(45139): array([-0.27054095, -0.02823568,  0.12390501, -0.33959752,  0.11114048,
        0.32892027, -0.03650795,  0.20850539,  0.10212442, -0.14186528,
       -0.16197966,  0.0846941 ,  0.049465  ,  0.03039802,  0.11268422,
       -0.05751672,  0.14033973, -0.0234826 ,  0.17250423, -0.10677539,
        0.00329777,  0.01582441,  0.00043919, -0.08549713, -0.09374229,
       -0.12455541,  0.09814902,  0.05732841, -0.1809605 , -0.07507467,
        0.01133099, -0.04551259, -0.06529769, -0.01248118,  0.10681684,
       -0.08258457, -0.15860897, -0.03624522,  0.26834708, -0.05241516,
        0.14785649,  0.02594515,  0.04221466,  0.18968958,  0.02300521,
       -0.21053505,  0.05440171,  0.16739301, -0.11087199, -0.08657846,
        0.0519423 , -0.06546835,  0.06247381, -0.09621615,  0.02987439,
        0.05900788, -0.01226484,  0.15843074,  0.06117592, -0.02751899,
        0.13009122, -0.07364248,  0.18462038, -0.09674609], dtype=float32), np.int64(53194): array([-0.08125539,  0.06826325, -0.16789322,  0.11878903,  0.02571786,
        0.02735631, -0.02136207,  0.10476685,  0.10361058,  0.04586154,
        0.05374748,  0.03263031, -0.17476512,  0.02787005, -0.00795838,
       -0.01132885,  0.13763036,  0.44317728, -0.22046752,  0.01691183,
        0.021957  ,  0.03172468, -0.29913282,  0.09037641, -0.02159555,
       -0.30271012,  0.0984806 ,  0.04711249, -0.04075528, -0.02038657,
        0.01192504,  0.07319254, -0.15759262,  0.00988995,  0.00895173,
       -0.01237687, -0.11883558,  0.06962649,  0.02600443,  0.12207793,
       -0.22805312,  0.27995813, -0.0862863 , -0.00369253, -0.03589678,
       -0.09348395, -0.15281874,  0.02766641, -0.06855974,  0.06422539,
        0.05902366, -0.0398069 ,  0.09804939, -0.00611149, -0.07749391,
        0.07904702, -0.14081171, -0.03621385, -0.20363478, -0.12665877,
       -0.03612669,  0.02618323, -0.03908668,  0.24627297], dtype=float32), np.int64(67067): array([-2.07639024e-01,  5.86093739e-02, -7.31327981e-02,  2.07666114e-01,
       -1.30544469e-01,  1.01448007e-01, -2.14434147e-01, -7.72434399e-02,
        1.88645154e-01,  7.03530968e-05, -2.77690236e-02,  1.16824016e-01,
        2.24949270e-01,  4.02685665e-02, -1.94187820e-01,  8.86351466e-02,
        1.12108842e-01, -5.23738712e-02, -9.88295227e-02,  1.32586941e-01,
       -2.35898167e-01,  1.45667419e-01,  1.72846705e-01, -1.50882993e-02,
        3.13567510e-03,  3.92382704e-02, -2.00206619e-02, -2.54938807e-02,
        1.77338958e-01, -7.52168670e-02, -3.23050618e-02, -1.37764335e-01,
        8.95693153e-02, -1.61736354e-01, -2.10064813e-01, -8.78995284e-02,
       -4.21412848e-02, -1.17113084e-01,  5.18062785e-02, -1.76428944e-01,
       -4.52599861e-02,  5.82002141e-02,  2.02663153e-01,  4.86268774e-02,
        6.71448261e-02, -6.47819191e-02,  8.50826444e-04,  3.18441749e-01,
       -1.09408587e-01, -8.03330764e-02, -9.93760601e-02,  6.97425976e-02,
       -4.87796478e-02,  1.02778874e-01,  9.76551548e-02, -5.51770255e-02,
       -2.02154145e-01, -5.53874709e-02, -1.52541295e-01,  1.91300780e-01,
       -5.59366588e-03, -7.58878440e-02,  2.90503670e-02, -7.14217201e-02],
      dtype=float32), np.int64(81609): array([-0.24182433,  0.2207352 , -0.19257644,  0.26950037, -0.03025961,
        0.0949898 , -0.08502161,  0.27930975,  0.14652003, -0.2320364 ,
        0.18122232,  0.05184375, -0.1453469 , -0.12026298, -0.07452462,
       -0.1123415 ,  0.01165997,  0.00928105,  0.16420774,  0.01233125,
       -0.01483445, -0.08697172,  0.26413122,  0.02617147, -0.01304815,
        0.03807167,  0.16739391,  0.17253225,  0.16223623,  0.15560655,
        0.05733637, -0.07624604, -0.12918419, -0.02902084,  0.07529349,
        0.22447352, -0.11803863,  0.13401765, -0.08014326,  0.02203984,
       -0.13518204, -0.09120598,  0.06736951,  0.03686931,  0.14038621,
       -0.00965132, -0.01991181,  0.19540481, -0.05524802, -0.0154751 ,
        0.14005642,  0.15108056, -0.0792554 , -0.13586572, -0.0065544 ,
        0.06693382,  0.04346118,  0.08067761, -0.02454906,  0.0532069 ,
       -0.06080092, -0.02962555, -0.00863926, -0.06278941], dtype=float32), np.int64(82594): array([0., 0., 0., 0., 0., 0., 0., 0., 0., 0., 0., 0., 0., 0., 0., 0., 0.,
       0., 0., 0., 0., 0., 0., 0., 0., 0., 0., 0., 0., 0., 0., 0., 0., 0.,
       0., 0., 0., 0., 0., 0., 0., 0., 0., 0., 0., 0., 0., 0., 0., 0., 0.,
       0., 0., 0., 0., 0., 0., 0., 0., 0., 0., 0., 0., 0.]), np.int64(103546): array([-0.27841932,  0.13680483, -0.01891964,  0.26772454, -0.08705226,
        0.09923222, -0.07440206,  0.13685086,  0.02028733,  0.07540131,
       -0.01389699,  0.08005607,  0.09142422, -0.11507333,  0.10389631,
       -0.10104066, -0.00945988,  0.15503654,  0.15928535,  0.08755457,
       -0.16231902, -0.12193903,  0.07945867,  0.07374661,  0.0029565 ,
       -0.11433735,  0.02608589,  0.05436924,  0.03527088, -0.13987786,
        0.08276007,  0.15317369, -0.26141483,  0.10259046,  0.22942373,
        0.14652602,  0.07097746, -0.04943781, -0.08510268,  0.28166735,
        0.2800353 , -0.05224749,  0.20170218,  0.08966798, -0.11863826,
        0.06011925, -0.08070803, -0.02544419, -0.10016211,  0.08961439,
       -0.24106705,  0.01387245, -0.12921113,  0.00452525,  0.11375467,
        0.07193244, -0.00664158, -0.17920232,  0.00030285,  0.01219972,
       -0.10059121,  0.027622  ,  0.01536331,  0.01981754], dtype=float32), np.int64(781): array([-0.2096497 ,  0.23489305, -0.06667582,  0.48767352,  0.16410397,
        0.19828704, -0.22677569,  0.23820716,  0.13925107, -0.19261812,
        0.04201161,  0.10054749,  0.137814  ,  0.18913683, -0.08414268,
        0.1168853 ,  0.06243488, -0.03186483, -0.08897663, -0.00719662,
       -0.0670307 , -0.15211432, -0.00211541, -0.06244054,  0.06482496,
        0.09458146, -0.01645234, -0.01900597, -0.01044982,  0.08863379,
       -0.02574407, -0.13386685,  0.14497402,  0.10466608,  0.02887809,
       -0.08670144,  0.01203068,  0.09393205, -0.0304392 , -0.28253636,
       -0.00962185, -0.04534937,  0.02340928, -0.01786022,  0.0261081 ,
        0.08242147,  0.11731543,  0.06726839, -0.18251118, -0.07069132,
       -0.07377724,  0.01072919,  0.00779904,  0.01582131,  0.04130137,
        0.0674753 , -0.0556435 , -0.10688264, -0.07917882, -0.09724225,
       -0.05363695,  0.06463507,  0.08090211, -0.04958218], dtype=float32), np.int64(8046): array([-1.54025316e-01,  1.49925709e-01,  6.39832243e-02, -5.09806514e-01,
        2.54285950e-02,  4.61247176e-01, -1.17196620e-01,  1.17740609e-01,
        6.28985837e-02, -6.64742067e-02, -1.58185437e-01,  7.73495957e-02,
        6.49853498e-02,  1.17573947e-01, -1.36372358e-01,  1.18486043e-02,
        4.38947491e-02, -4.85082306e-02,  1.05053380e-01, -5.67426123e-02,
       -2.74689049e-02,  3.50840762e-03, -1.27206594e-01, -6.33902028e-02,
       -6.17443956e-02, -1.17550962e-01,  1.12072617e-01,  7.71364346e-02,
       -8.16941634e-03, -2.97778435e-02, -1.16714820e-01,  5.49123101e-02,
        5.63066714e-02, -8.07620734e-02, -9.47397873e-02,  1.23115100e-01,
        1.19350888e-01, -1.35051692e-02, -2.00235486e-01, -1.62729099e-02,
       -7.69732073e-02, -7.04708174e-02,  3.88839580e-02,  4.07905206e-02,
       -1.26367390e-01,  3.40132378e-02,  4.08950000e-04,  5.35109900e-02,
        2.50061192e-02,  5.36245517e-02, -6.70736432e-02,  4.26188856e-02,
       -9.99583751e-02, -1.10362634e-01, -1.25603214e-01, -1.48592725e-01,
        4.77675498e-02, -1.51426867e-01, -4.55997847e-02, -6.75678719e-03,
       -1.49843648e-01, -1.50352314e-01, -1.13524981e-01,  4.01664786e-02],
      dtype=float32), np.int64(23628): array([-6.51769117e-02,  1.22316837e-01,  6.45394027e-02, -2.58913953e-02,
       -1.67682581e-03, -1.14270933e-01,  7.29614124e-02, -7.40409344e-02,
       -2.48552151e-02,  3.20475623e-02,  4.48179245e-02, -1.38611235e-02,
       -2.60895323e-02, -8.50042328e-02, -1.01121720e-02,  2.13028979e-04,
       -4.66169305e-02,  5.09968400e-02,  1.28035564e-02, -8.89169350e-02,
       -5.11118025e-03,  1.44104138e-01,  1.87057462e-02, -9.74217877e-02,
        8.26627538e-02,  1.16671324e-01, -1.67805672e-01, -1.06860427e-02,
       -2.10786909e-01, -6.41638115e-02, -4.67320383e-02,  8.67419317e-02,
        1.37792513e-01,  1.80231556e-02, -3.62735428e-02,  1.18433535e-01,
       -3.38242762e-03, -1.15461566e-01,  1.52965486e-01, -4.68740948e-02,
        7.94933271e-03,  3.67151015e-02, -1.34209588e-01, -7.96368942e-02,
        1.35755315e-01,  1.04608804e-01, -1.73265189e-01, -8.44787881e-02,
       -3.19523990e-01, -2.87320137e-01,  3.67796049e-04, -1.98611841e-01,
       -1.82495356e-01,  3.82581860e-01,  1.35400906e-01,  2.78199967e-02,
       -2.95823645e-02,  7.08325673e-03, -6.30640462e-02, -3.58821124e-01,
        1.37261406e-01,  1.42348558e-01,  1.34717435e-01,  1.00557342e-01],
      dtype=float32), np.int64(42457): array([-0.23993723, -0.1498478 ,  0.10526472,  0.08566587, -0.18935746,
        0.15969458,  0.09394199, -0.21386456,  0.15028232,  0.0275578 ,
       -0.05798642,  0.24411777,  0.00254292, -0.10903247, -0.14067915,
        0.09014023,  0.05072587,  0.00632038, -0.03113655, -0.04893085,
        0.03695833,  0.12148417,  0.03854125, -0.06437455, -0.04542182,
        0.00155895, -0.05471903, -0.17464794, -0.2629617 , -0.11093783,
        0.03457114,  0.12151092, -0.00715986,  0.0090555 , -0.09546223,
       -0.08289618, -0.03178801, -0.08130444, -0.13367209, -0.10246637,
        0.04604184, -0.14643292,  0.03631714, -0.11953697,  0.1159038 ,
        0.00597669, -0.13041747, -0.10742172,  0.46867412,  0.06037663,
       -0.18299295,  0.09116343, -0.00427505,  0.13587768,  0.02203711,
        0.12836388, -0.06470807,  0.04353654,  0.10601161, -0.02136133,
       -0.06895337,  0.01809774,  0.20056278,  0.04352453], dtype=float32), np.int64(48925): array([0., 0., 0., 0., 0., 0., 0., 0., 0., 0., 0., 0., 0., 0., 0., 0., 0.,
       0., 0., 0., 0., 0., 0., 0., 0., 0., 0., 0., 0., 0., 0., 0., 0., 0.,
       0., 0., 0., 0., 0., 0., 0., 0., 0., 0., 0., 0., 0., 0., 0., 0., 0.,
       0., 0., 0., 0., 0., 0., 0., 0., 0., 0., 0., 0., 0.]), np.int64(93116): array([-0.45254597, -0.30264002,  0.19327995, -0.07166065,  0.01677412,
       -0.0739859 , -0.30269858,  0.25422224, -0.03788763, -0.05391929,
        0.03224107,  0.04998862, -0.01681254,  0.0051183 ,  0.23084277,
        0.08880522, -0.18177971,  0.16122688,  0.20327076, -0.23108825,
       -0.11395256, -0.01817061,  0.18205333,  0.10517896, -0.122675  ,
       -0.0362998 , -0.09152601, -0.07573041,  0.09759844, -0.04451126,
        0.04263267, -0.01486082, -0.03750572, -0.1930717 , -0.07004464,
        0.02241603,  0.03871484, -0.06674299,  0.09261793, -0.0135402 ,
       -0.08459736, -0.01722542,  0.00310106, -0.00308343,  0.09383836,
        0.02530982, -0.00266969,  0.15606683, -0.08277877, -0.10058788,
       -0.00681025,  0.04334486,  0.04866947,  0.00334026, -0.07684593,
        0.01823795,  0.05358599,  0.08975828,  0.07422636,  0.07630695,
       -0.04637266,  0.05488318,  0.05060226, -0.12981798], dtype=float32), np.int64(95055): array([-0.3160351 , -0.03906899,  0.11881652, -0.3587688 ,  0.13742687,
        0.4472529 , -0.09785037, -0.00607405,  0.04010538,  0.07836235,
        0.03406071,  0.20638673,  0.03312574,  0.04008208, -0.12515369,
        0.03485515,  0.07130978,  0.06002281,  0.15327299, -0.0362224 ,
       -0.00098278,  0.000786  ,  0.10085969, -0.03537435, -0.00513799,
       -0.0647883 , -0.03426709, -0.00319031,  0.04806988,  0.06203491,
        0.07507416,  0.02869777, -0.12610441, -0.0120426 ,  0.09749067,
        0.04014694, -0.16193709,  0.01467377,  0.09716085,  0.0365853 ,
        0.15242122,  0.02104477, -0.16196246, -0.01050814, -0.02312668,
        0.09399395,  0.07007498, -0.01192569,  0.05880457,  0.19561577,
       -0.01157742, -0.02332322, -0.20948917,  0.06218722,  0.13089347,
       -0.00438398, -0.08694208, -0.12847583,  0.0902469 , -0.14355966,
       -0.16472825, -0.24461986, -0.00972935, -0.13108194], dtype=float32), np.int64(20420): array([-5.27582288e-01,  6.95448875e-01,  2.21578196e-01, -2.91530155e-02,
        4.24661040e-02, -3.85241136e-02,  8.05210695e-02, -9.72496122e-02,
       -5.70809580e-02,  1.50082782e-02,  1.71556044e-02, -6.24083504e-02,
        1.85222703e-03, -1.73132166e-01,  5.78499846e-02, -4.50071543e-02,
       -1.39114603e-01, -2.97749266e-02, -1.07204411e-02,  8.61577410e-03,
        4.02181447e-02,  7.20084831e-02, -1.26514435e-01,  6.25394955e-02,
        8.99755023e-03,  5.56949452e-02, -8.32017735e-02, -1.30999284e-02,
        1.29174411e-01,  7.08239526e-02, -5.96264154e-02,  7.30477050e-02,
        5.03403768e-02,  1.42189767e-02, -1.04701510e-02, -3.81639786e-02,
        6.59312606e-02, -8.87812823e-02, -3.38702351e-02,  2.28214748e-02,
        5.92072569e-02, -1.28654372e-02, -4.35322663e-03,  3.01052649e-02,
       -2.20297892e-02, -1.39181595e-02, -1.79471225e-02,  4.93026450e-02,
        6.77783880e-03, -1.08919712e-02,  1.93256920e-03, -1.64721656e-04,
        6.04208037e-02, -5.13217822e-02,  1.30156963e-03,  3.42604555e-02,
        1.21080326e-02,  1.89050063e-02,  2.13974882e-02,  3.15061174e-02,
        3.34403887e-02,  2.78902538e-02,  7.71138910e-03, -4.93715936e-03],
      dtype=float32), np.int64(26412): array([-0.11562802,  0.00778721, -0.05654937, -0.04204589, -0.08614472,
       -0.07104018, -0.02787642,  0.06538278,  0.06937234, -0.04889621,
       -0.12258457,  0.26505223, -0.07184017, -0.15923588, -0.1916267 ,
        0.06631356,  0.01014725, -0.1242751 , -0.06463832,  0.0140213 ,
        0.04553204,  0.06233782,  0.09849574, -0.05733359,  0.1352224 ,
       -0.00537407, -0.05098572,  0.06530468,  0.09795268,  0.1227625 ,
        0.02535005,  0.01465949, -0.22956367,  0.18786728, -0.2254393 ,
        0.31319636, -0.13579729,  0.12438615,  0.1354821 , -0.21913594,
        0.2053347 ,  0.19649383,  0.00382569,  0.02512445, -0.03872999,
        0.05231658, -0.05452184, -0.27083024,  0.03723163,  0.00221394,
       -0.19031681, -0.15794393,  0.00379941, -0.09035832,  0.10638171,
       -0.2273619 , -0.10267968, -0.12449669, -0.00370096, -0.13009745,
        0.02622506,  0.1632391 ,  0.0330928 ,  0.07786016], dtype=float32), np.int64(29018): array([-7.8437097e-02,  5.1941048e-02, -1.8297552e-01,  3.6891319e-02,
        2.2007614e-02, -1.7784696e-02,  1.7045615e-02,  6.2780440e-02,
        1.1820787e-01,  6.3693918e-02,  5.0172955e-02,  1.0294947e-03,
       -1.5456682e-01, -4.7117233e-02, -2.0131810e-02, -3.8110539e-02,
        1.1907915e-01,  4.0062746e-01, -1.7452726e-01,  8.2978135e-04,
       -1.7920017e-01, -4.3825406e-01, -3.2605430e-01, -1.5012100e-01,
        3.9823987e-02, -5.3221773e-02, -6.2283102e-02, -7.7145845e-02,
       -2.3109272e-01,  7.1331494e-02,  2.1821393e-02,  1.2553754e-01,
       -3.1498555e-02, -2.5968814e-02, -3.8493823e-02,  3.2394256e-02,
       -2.3437741e-03,  3.0160295e-02, -3.6764856e-02,  6.7509182e-02,
       -2.2977059e-01,  9.7509362e-02,  1.0140581e-03,  1.0727489e-01,
       -1.2683858e-01,  9.4618730e-02, -4.3359250e-02,  7.2664313e-02,
        2.0294747e-01, -1.4811595e-01, -5.7306101e-05, -3.1297836e-02,
        7.6455176e-02,  1.7485237e-01, -1.7904216e-02,  3.8837001e-02,
        1.4079620e-01,  4.6902136e-03,  2.5988889e-03,  7.4004456e-02,
       -6.8428062e-02, -1.9567247e-02,  2.7845884e-02, -7.1100049e-02],
      dtype=float32), np.int64(50040): array([-0.3953872 , -0.33187777,  0.23398958,  0.06822777, -0.03253966,
        0.06112176, -0.12619464, -0.08639465,  0.16936542, -0.11973507,
       -0.13937275,  0.19095095,  0.02072699, -0.2294753 ,  0.208367  ,
       -0.06662548,  0.17851362, -0.11321515, -0.10605698, -0.046568  ,
        0.01193402,  0.00957348, -0.09369095, -0.06105608, -0.00245482,
        0.06214594, -0.02506015,  0.07134774,  0.19971718,  0.22776297,
       -0.18893687,  0.2510219 ,  0.02568194,  0.09957655,  0.03588044,
       -0.08134574,  0.01650866, -0.17171036,  0.01399311, -0.12125374,
       -0.01427354,  0.09956151,  0.0135435 ,  0.05581367, -0.01502817,
        0.06046807,  0.0752026 ,  0.0276003 ,  0.03565357,  0.03837309,
       -0.04587593, -0.04052181,  0.03785574,  0.00187518,  0.00385013,
       -0.08038305, -0.01452093, -0.18301888, -0.05349283, -0.01399067,
        0.11806867,  0.04174416,  0.07820364,  0.12397111], dtype=float32), np.int64(57780): array([-0.20638762, -0.09070633, -0.0237943 ,  0.04624848, -0.0669589 ,
        0.09870028,  0.2520848 ,  0.10875237,  0.11596984, -0.07543456,
       -0.11871293,  0.30969256, -0.09279573, -0.19472474, -0.17177697,
        0.03695806, -0.01991929,  0.00195116, -0.08161332, -0.01518751,
        0.05196756,  0.1366252 ,  0.12886283, -0.01964091, -0.176399  ,
        0.33094493,  0.17367008,  0.05025797,  0.03395734,  0.03590219,
        0.1204132 ,  0.02961796, -0.113649  , -0.16882055,  0.14728719,
        0.28481844, -0.16775091,  0.07795305, -0.11250678, -0.02537535,
        0.31227502,  0.05349694, -0.18971577, -0.04420168, -0.09683222,
        0.14630486, -0.03106897, -0.01595758, -0.10403067,  0.00217073,
        0.0379281 , -0.01713636, -0.0276184 ,  0.06076758, -0.06795687,
       -0.00085664,  0.04374485, -0.08240954, -0.04633193, -0.01488008,
        0.05545249, -0.03542559, -0.12007285,  0.00143459], dtype=float32), np.int64(71377): array([-1.2931083e-01, -8.7583117e-02,  3.5853807e-02, -3.6132464e-03,
       -1.7929175e-01,  8.1967570e-02, -1.8601145e-01,  1.8725836e-01,
        9.4381548e-02, -1.5063268e-01, -3.5027865e-01,  4.8030406e-01,
        1.4531380e-01, -3.9091390e-01, -4.8146504e-01,  1.7430225e-02,
       -1.7842433e-03, -8.2695782e-02, -1.1423729e-01, -6.5737270e-02,
        3.7749946e-02,  7.6215789e-02, -1.0886681e-01, -3.8204011e-02,
       -1.5702439e-02,  4.0439520e-02, -3.7682746e-02, -7.7256933e-02,
       -7.7178866e-02, -3.9692074e-02,  3.3747528e-02, -6.2658034e-02,
        3.2356162e-02, -1.6746938e-02, -3.6279319e-03, -4.4422369e-02,
        2.8710598e-02, -1.5904292e-02, -1.0262074e-02,  5.8891731e-03,
       -1.3713861e-02,  4.5369370e-03,  7.2079635e-04, -3.5414413e-02,
        1.1373522e-02,  6.9163288e-03,  1.0175325e-03,  6.9896114e-04,
       -2.6485501e-03, -6.9878325e-03,  5.4160810e-05, -3.7047174e-03,
       -1.3614360e-02,  3.5790750e-03, -2.7102606e-02, -5.5708662e-03,
        1.7209152e-02,  3.3362685e-03, -2.2496743e-02,  3.3663705e-04,
       -6.9248877e-03,  5.1963534e-03, -5.4323142e-03,  1.0919748e-03],
      dtype=float32), np.int64(82290): array([-0.10706683,  0.07951364, -0.23114492,  0.16955478,  0.05034002,
        0.07038158, -0.03106996, -0.06106857, -0.27247718,  0.02033621,
       -0.2883718 , -0.0106957 , -0.1755812 ,  0.0430478 ,  0.03580935,
       -0.05480092,  0.01267754,  0.04078425, -0.04329139,  0.01580117,
       -0.08918053, -0.21630524, -0.08776852, -0.03682721,  0.09194015,
       -0.23964699, -0.00816831,  0.04805075,  0.1143374 , -0.14213735,
       -0.08011749, -0.02287258,  0.12000733, -0.11951739, -0.01829505,
        0.07025826, -0.42632478, -0.10738932, -0.07101389,  0.09306996,
       -0.1817112 ,  0.07448199, -0.3015301 , -0.00785179,  0.00887494,
       -0.21318182,  0.09283406, -0.09108035, -0.00114978,  0.0021109 ,
       -0.0559088 ,  0.03073248, -0.01566285, -0.05716875, -0.06890473,
        0.10724276, -0.17768426, -0.04618464, -0.05520986,  0.01495783,
       -0.04421995,  0.06332352, -0.09320047,  0.09126973], dtype=float32), np.int64(36749): array([-3.99410315e-02,  6.84591010e-02,  2.75163148e-02, -1.81546792e-01,
        2.60750465e-02,  1.70027331e-01, -1.38602201e-02,  2.11382695e-02,
        3.92737187e-04, -1.72313210e-02, -1.53620075e-02, -2.00749580e-02,
       -1.93299428e-02,  9.98491570e-02,  4.28112969e-03,  2.47072075e-02,
        2.08842754e-02, -1.52112450e-02, -3.08303870e-02, -1.94793148e-03,
       -1.47356149e-02,  2.54737735e-02,  2.41547823e-02, -4.83085169e-03,
       -7.74762779e-02, -6.04115054e-02,  1.12087004e-01,  8.77686590e-02,
       -1.86765030e-01, -1.53746665e-01, -2.29018945e-02,  6.18704371e-02,
       -1.46084670e-02,  1.10718049e-01, -1.23181283e-01, -8.09526816e-02,
       -2.18830444e-03, -1.29324630e-01,  2.66793698e-01, -5.36023825e-02,
        1.32854238e-01, -7.86180783e-04, -5.07604368e-02,  2.40783971e-02,
       -5.86391576e-02, -3.17356847e-02, -5.08998632e-02, -1.29044473e-01,
        4.74953763e-02, -1.23726383e-01, -1.88510880e-01,  1.31752893e-01,
        2.25842103e-01,  1.12943783e-01, -4.00770903e-01,  4.85206172e-02,
       -1.65491685e-01, -1.57148287e-01, -8.09875503e-02,  1.61264390e-01,
       -5.15390635e-02,  5.07259965e-01,  1.02007329e-01, -1.69905629e-02],
      dtype=float32), np.int64(56602): array([-0.19299346, -0.11782012,  0.13860841,  0.00056165,  0.3043774 ,
       -0.14518514, -0.1902976 ,  0.10485172, -0.07450944, -0.17860445,
        0.08193877, -0.40002814, -0.19854617, -0.18480301, -0.23689751,
        0.2607804 ,  0.02447356,  0.09584001,  0.1114019 ,  0.09014682,
        0.02969919,  0.01066237,  0.13482821, -0.03201462,  0.01280039,
       -0.02172029, -0.03629621, -0.00103256, -0.02025072,  0.0525111 ,
       -0.0189172 ,  0.02396657, -0.08089476,  0.06127018,  0.11416542,
        0.21950506, -0.02068576,  0.03196714,  0.04103957,  0.0632121 ,
       -0.06995922, -0.20030147, -0.04728377,  0.13549677,  0.0342202 ,
        0.02621736,  0.03614317,  0.20420828, -0.01051843,  0.00763531,
        0.02890133, -0.04509731,  0.09299093,  0.04699679, -0.12958685,
        0.14680448,  0.07478852,  0.02064539, -0.11337545, -0.0360853 ,
       -0.11404167, -0.08192739,  0.17032932, -0.0017194 ], dtype=float32), np.int64(56658): array([-0.18235748,  0.09243786,  0.04876603, -0.39308473,  0.20236818,
        0.33335176, -0.15610753,  0.10642569,  0.08014286, -0.06996147,
       -0.1172683 ,  0.0741668 , -0.02932579,  0.0006715 , -0.13449639,
        0.02558305,  0.07765901,  0.10484396, -0.1757397 ,  0.02390037,
       -0.06157763, -0.18238096, -0.11590943, -0.08600374,  0.01478736,
       -0.09686241,  0.1561143 ,  0.09288654, -0.14611724, -0.04556906,
       -0.16728519,  0.04590153,  0.11484016, -0.04863997, -0.13464722,
        0.2721994 ,  0.20546614,  0.04116444, -0.3040038 , -0.0332909 ,
       -0.05273769, -0.02645795,  0.03430996, -0.03393427,  0.01076989,
       -0.04852943,  0.05101765,  0.01481076, -0.04902085, -0.00095856,
        0.10889947, -0.00245937,  0.00943186,  0.01486483,  0.00321908,
        0.12132604,  0.02005504, -0.11448001,  0.16907395, -0.03614068,
       -0.12218575, -0.09830748, -0.08455034, -0.01038234], dtype=float32), np.int64(63903): array([-0.34151348,  0.1297624 ,  0.00803039,  0.32289007, -0.01941703,
        0.06904351, -0.16942623,  0.1617111 , -0.09357204,  0.17670839,
       -0.20054892, -0.08247492,  0.05118946, -0.06525591,  0.151255  ,
        0.04378238, -0.05788778,  0.10424666,  0.01223289,  0.05855818,
       -0.03899388, -0.14728384,  0.1506716 ,  0.00312605, -0.08468882,
       -0.10761712,  0.09866475,  0.03400363,  0.00683898, -0.1210206 ,
       -0.01308322,  0.11989025, -0.12887758, -0.05590556,  0.10060765,
       -0.02889229,  0.0953955 ,  0.03045524,  0.0935174 ,  0.17050025,
        0.04372827,  0.07371889,  0.26911914, -0.03940554,  0.0171443 ,
       -0.01093629, -0.15590248, -0.05939822, -0.13137522, -0.02547114,
       -0.2733408 , -0.07943271, -0.01916295, -0.11532737, -0.00169373,
        0.03297331, -0.04246015, -0.03402375, -0.21295312,  0.08280127,
       -0.06923466,  0.01707415,  0.17060013,  0.26414818], dtype=float32), np.int64(68169): array([-0.37182316,  0.03767619,  0.01998611, -0.11836134, -0.07951351,
       -0.23046362,  0.04288474, -0.0567194 , -0.04934619, -0.06623755,
        0.04474381,  0.1621978 , -0.11317139,  0.04314089, -0.09166599,
        0.05282538,  0.22948216, -0.05251227,  0.20422041,  0.04538509,
        0.04777661, -0.04492005,  0.315426  , -0.11562064, -0.09122478,
       -0.11133309, -0.17019247, -0.0142874 ,  0.11485308,  0.10145397,
       -0.08205376,  0.08802708, -0.042645  ,  0.14730403,  0.06364775,
       -0.03430247, -0.08979199, -0.08112245, -0.06886088, -0.07140795,
       -0.1916726 , -0.24899812,  0.15271346, -0.12848045, -0.01266037,
       -0.08411848, -0.08883363, -0.00567399, -0.11736614, -0.02856753,
        0.0177978 , -0.04911824, -0.07613427,  0.01987455,  0.01374926,
        0.04217656, -0.02934019, -0.0685337 , -0.12176633, -0.24218057,
        0.08319986, -0.01693679, -0.28981182,  0.11645093], dtype=float32), np.int64(74610): array([-0.09315689, -0.03696144,  0.06604566, -0.00523369, -0.13758436,
       -0.07586402, -0.02842064,  0.13579202, -0.12501632, -0.10397242,
        0.05498674, -0.38613647, -0.17226423, -0.03012218, -0.30475935,
        0.23677453,  0.04192638,  0.02824185,  0.08258113,  0.12032989,
        0.02039392, -0.04608811,  0.06568902,  0.03564813,  0.01118906,
       -0.00980445,  0.00791768,  0.04534177,  0.0745456 ,  0.04539357,
        0.02038898, -0.03331127, -0.08178528,  0.02116419,  0.01124618,
        0.11620542, -0.09672252,  0.08167469,  0.0244111 , -0.04914413,
        0.09198238, -0.10411772,  0.07511796, -0.04475771,  0.10752331,
       -0.14651993, -0.31406543, -0.29198176, -0.0760501 , -0.16883507,
       -0.3046695 , -0.24813056,  0.13215117, -0.1194614 ,  0.04787675,
       -0.12884603, -0.06739236, -0.02301739,  0.00232742,  0.05445926,
        0.06231158,  0.07171939,  0.00157161,  0.00564728], dtype=float32), np.int64(94126): array([-0.2222047 ,  0.2984958 , -0.01627287,  0.56284726,  0.01656269,
        0.24025404, -0.20205016,  0.15105243,  0.02111115, -0.06943046,
        0.2727905 , -0.00540855,  0.15753466,  0.08953729,  0.07309402,
       -0.11273507,  0.06553669, -0.05014168,  0.02131826,  0.0185766 ,
       -0.07653233, -0.21536155, -0.02692301, -0.02037852, -0.01572329,
       -0.06663639,  0.13139807,  0.07097023, -0.08557127,  0.132792  ,
        0.06648533,  0.03932974, -0.03692702, -0.06030297,  0.05075415,
       -0.13873456,  0.15621535,  0.10204849,  0.01658076, -0.0557992 ,
        0.02093986,  0.00512291,  0.06906481, -0.01460835, -0.06840438,
       -0.01167746,  0.05605692, -0.16471066,  0.05879251,  0.03413892,
        0.01345295,  0.00376   , -0.14029282, -0.06989174, -0.06536377,
        0.01067861,  0.09524647, -0.0811298 , -0.03938003, -0.04390606,
       -0.00121569,  0.04511478, -0.04185043, -0.10523453], dtype=float32), np.int64(104921): array([-0.28563562,  0.18676962, -0.01607097,  0.34643838,  0.05764684,
        0.13646445, -0.08886354,  0.14888868,  0.11176258, -0.07391929,
        0.17598535,  0.12309521,  0.04362467, -0.07055936,  0.00453936,
       -0.09080637,  0.1148108 ,  0.18658486,  0.15859821, -0.01214496,
       -0.00406252, -0.02373497,  0.18902957,  0.04601667, -0.01055248,
       -0.1596055 ,  0.08797231,  0.10057104,  0.06868422,  0.15290721,
        0.00454121, -0.04193239, -0.06802202,  0.06392003,  0.08047193,
        0.08375992,  0.05872406,  0.18570364,  0.06193781, -0.11288708,
       -0.15968841, -0.25844416,  0.01190567,  0.04342796,  0.21815284,
       -0.13441369, -0.01479037,  0.20682679, -0.04181678, -0.02825321,
        0.04469045,  0.11534697, -0.05200827, -0.05499911, -0.06600545,
        0.02064575,  0.04829185,  0.1701286 , -0.25388277,  0.04621857,
        0.03393204,  0.04701012, -0.16960667, -0.09445306], dtype=float32), np.int64(9753): array([-0.3736275 ,  0.2141509 ,  0.1258613 , -0.15471902, -0.18019043,
       -0.4685555 ,  0.15589014,  0.03764572,  0.04394777,  0.09042818,
       -0.01104463,  0.13817254, -0.00304795,  0.10429724, -0.06224922,
        0.09625306,  0.16608757,  0.17577553,  0.06421597, -0.08871311,
        0.0521998 , -0.06807037,  0.22517613, -0.04318825,  0.05556104,
        0.05515528, -0.08228493,  0.02131239, -0.07950446, -0.02413015,
       -0.1780816 , -0.0909753 , -0.16289648,  0.08747647,  0.06820192,
        0.1210801 , -0.09070074,  0.01066195, -0.10579357,  0.02654973,
       -0.06179473, -0.04349378, -0.01657498,  0.09882087,  0.14895941,
        0.12664872,  0.08630227,  0.17281115, -0.03925025, -0.03965208,
        0.00230451,  0.09885578, -0.02437055, -0.16021606,  0.03784194,
        0.0117279 , -0.01120682,  0.14972365, -0.03062256, -0.11145943,
        0.04020295,  0.06000665, -0.07297177,  0.02888803], dtype=float32), np.int64(46256): array([-0.21830198, -0.04699657, -0.3047504 ,  0.06497543, -0.1315208 ,
        0.08269095, -0.14303038, -0.21211772, -0.06969266, -0.13727583,
       -0.08391446,  0.23869565, -0.1892786 , -0.07675444, -0.14959204,
        0.01826466,  0.00957382, -0.12143257, -0.14032212,  0.00574665,
       -0.06112307, -0.2233978 , -0.10227497, -0.08254021,  0.18504864,
       -0.21914238, -0.15601093, -0.09089622, -0.01164197, -0.02074351,
        0.01100792,  0.08294675, -0.14159429,  0.011264  , -0.07393478,
        0.08545489,  0.15576613,  0.1182219 ,  0.09362098,  0.00548435,
        0.11825769, -0.11579315, -0.07470319, -0.00934545,  0.01601674,
       -0.1377133 , -0.2322783 , -0.20221   , -0.02058344, -0.17659828,
       -0.19887905, -0.02564199,  0.08793733, -0.05433476,  0.18976869,
       -0.07789184,  0.0741237 ,  0.00088409, -0.12673761, -0.00697342,
       -0.00970249,  0.07338139, -0.06540076,  0.01851252], dtype=float32), np.int64(58333): array([-0.2912922 , -0.04304229, -0.2382974 ,  0.02368862,  0.06562991,
        0.04248925, -0.00575946,  0.00395018,  0.23071235,  0.0815755 ,
       -0.06838846,  0.09312407, -0.04130697, -0.11705387, -0.06207967,
        0.03539947,  0.02997265,  0.08709375,  0.1276207 , -0.02264781,
       -0.02261478, -0.01161844,  0.3117239 , -0.06548085,  0.15384951,
       -0.09918214, -0.1200382 , -0.04168766, -0.0663697 ,  0.08425079,
        0.00151257,  0.06094809, -0.22670098,  0.24026325,  0.17110513,
        0.19952211, -0.02399913,  0.12082256, -0.03877512, -0.11787611,
        0.08279143, -0.12375664,  0.01055929, -0.02057547,  0.14067751,
        0.09534045,  0.12560868,  0.30485985,  0.1389553 ,  0.06521832,
        0.05788759, -0.02906572,  0.17441913, -0.12015601,  0.01742808,
       -0.10666826,  0.08813189, -0.12170453,  0.10211766, -0.05436241,
        0.01539214,  0.00430412,  0.27231824,  0.0048435 ], dtype=float32), np.int64(76068): array([-0.391895  , -0.2768554 ,  0.09099247,  0.05559976,  0.04137827,
        0.0702872 , -0.09485522,  0.01319312, -0.00301114,  0.16664743,
        0.12388702,  0.2689632 , -0.01820113, -0.18237348,  0.00636902,
       -0.13118592,  0.35145938,  0.11138006, -0.15535024, -0.05209926,
       -0.08847046, -0.1766931 , -0.15793282, -0.22330628,  0.15345111,
       -0.01413064,  0.12529206, -0.09665006, -0.0271364 ,  0.07170448,
        0.31610188,  0.14616282,  0.23502252,  0.04356851, -0.03552749,
        0.02439211, -0.04435443,  0.00574514,  0.03998077,  0.02014754,
       -0.01069586,  0.03251326,  0.04065965,  0.00766392,  0.01925634,
       -0.02225246,  0.05955563,  0.08694897, -0.08714165, -0.02256232,
        0.0304637 ,  0.08195995, -0.00485746,  0.00672158, -0.02634952,
       -0.02981131,  0.01941416,  0.01009484,  0.03359913,  0.03901852,
       -0.08997148, -0.09950631, -0.02738289,  0.08095215], dtype=float32), np.int64(5613): array([-0.23659104,  0.39607164, -0.12352321,  0.3632791 ,  0.08173095,
        0.09055777,  0.0110039 ,  0.07103205,  0.06512181, -0.17639844,
        0.221702  , -0.06614253,  0.14461407, -0.24049115,  0.01678923,
       -0.15621762, -0.18554477,  0.03504465,  0.09981058,  0.04841256,
       -0.02158288, -0.10602345,  0.11640169,  0.09878404,  0.00299905,
       -0.14416479,  0.06396208,  0.09888862, -0.04337237,  0.14147094,
       -0.00430043, -0.03184113,  0.0136566 ,  0.05359817, -0.05832833,
       -0.0779459 ,  0.10269082,  0.01614359,  0.03842157, -0.02092339,
        0.09753265, -0.20193408,  0.1856763 , -0.01670637,  0.06899794,
        0.11466838,  0.06774637, -0.02875028,  0.10342131,  0.00865084,
       -0.13309719,  0.07887375,  0.05682782, -0.08535869,  0.08378354,
       -0.14914435,  0.18248144,  0.06346741,  0.11756864, -0.01442956,
        0.05750123,  0.1399526 ,  0.03223746,  0.05988793], dtype=float32), np.int64(28287): array([-0.41943625, -0.14301915,  0.00134909, -0.08374697, -0.13276565,
       -0.22440685, -0.09650978,  0.15515469,  0.0348177 ,  0.04310148,
        0.02988198,  0.10612954, -0.02475458,  0.08061404,  0.07466424,
       -0.03303016, -0.12548575, -0.07200792,  0.16639973,  0.25160596,
       -0.04463801,  0.12464303,  0.23515284, -0.04492431,  0.22935194,
       -0.15738948,  0.02720709, -0.12850636,  0.04131062,  0.08521547,
        0.0542137 ,  0.17586139, -0.09407926, -0.07765326, -0.05955873,
        0.08379719, -0.06544085, -0.11546309,  0.05945365, -0.20915428,
        0.00146163, -0.01476791,  0.03256113, -0.1097362 , -0.24135436,
       -0.02275694,  0.1386775 , -0.00234858,  0.10383737,  0.01346586,
        0.0047641 , -0.08577674,  0.1529698 ,  0.00091125, -0.05330381,
       -0.04922399, -0.00338223,  0.1747453 ,  0.04088869, -0.2219025 ,
       -0.09981192, -0.12075835,  0.07139348,  0.0470183 ], dtype=float32), np.int64(38480): array([-0.18454345,  0.31647724, -0.1463367 ,  0.42912573,  0.07723091,
        0.17177407, -0.07461166,  0.19471821,  0.1627081 , -0.20437355,
        0.2743091 ,  0.01989605,  0.0502208 ,  0.06994126,  0.01838052,
       -0.04189638, -0.1266126 , -0.05330571,  0.10959396, -0.00567166,
        0.00423801, -0.00445823, -0.14924225,  0.07174547,  0.05162337,
       -0.1468863 ,  0.02764647,  0.07809374, -0.00714855,  0.22850053,
        0.03177899, -0.22495565,  0.16243693,  0.06043944, -0.12708463,
       -0.14922364, -0.08267752,  0.01543683, -0.04473139, -0.21296036,
        0.01458087, -0.01028652,  0.08406067, -0.07889666, -0.0284389 ,
        0.01647454,  0.10895815, -0.02999395,  0.07024751, -0.13449113,
       -0.0049502 ,  0.07639205, -0.09821889, -0.11228304, -0.04000828,
        0.00185397,  0.06986774,  0.03892052, -0.01233768, -0.09421679,
        0.0793936 ,  0.01485865,  0.05527132, -0.08020155], dtype=float32), np.int64(41295): array([-0.17317507, -0.16614251,  0.1232103 , -0.01376167,  0.678016  ,
       -0.17388561, -0.26716372, -0.05121937,  0.06751566, -0.12925349,
       -0.01420676, -0.02897094, -0.03615041, -0.08280255,  0.07842129,
        0.1212384 ,  0.06944948,  0.00218204,  0.03919972,  0.00700295,
       -0.00772593,  0.02525529,  0.01914921, -0.01307595, -0.02355077,
        0.02779932, -0.04494416, -0.08037445, -0.10236441, -0.01266584,
        0.04385474,  0.07111509,  0.05472182, -0.01198476, -0.02189753,
       -0.02586599, -0.04477879,  0.00082866, -0.05857995, -0.03549705,
        0.05516142, -0.08082279,  0.01034548, -0.00284457,  0.05069571,
        0.09703036,  0.02688543, -0.03253244,  0.04823863,  0.12111974,
        0.00892064,  0.0648549 , -0.19650497,  0.06314888, -0.0480318 ,
       -0.06969953, -0.09513291, -0.03119456, -0.02035213, -0.25061572,
       -0.03356167, -0.23472433, -0.06073317, -0.19507727], dtype=float32), np.int64(41450): array([-1.63227856e-01,  1.90910667e-01,  1.31022197e-03,  4.61615473e-01,
       -2.62430869e-02,  2.47949675e-01, -2.36196518e-01,  4.94242944e-02,
        7.69610181e-02, -9.55147147e-02,  2.65121949e-03,  6.94479048e-02,
        1.72474355e-01,  1.89258993e-01, -8.21050778e-02,  1.03097498e-01,
        2.26726755e-03, -1.98850617e-01, -7.11270943e-02, -5.41187217e-03,
       -8.69089551e-03, -3.01312073e-03, -7.82764256e-02, -1.89251564e-02,
        3.19567807e-02,  5.49339913e-02, -5.82255498e-02,  6.93001365e-03,
        1.07439354e-01, -3.61266779e-03,  1.80304386e-02, -9.30738077e-02,
        1.15132704e-01, -5.44821322e-02, -8.04976150e-02, -5.21657569e-03,
       -1.98293533e-02,  1.06802993e-01, -1.32676712e-06, -3.76925170e-01,
        1.04348786e-01, -1.93531603e-01, -1.71778128e-01, -2.10018014e-03,
        2.78785992e-02,  7.82167986e-02, -1.08097292e-01,  1.16623104e-01,
       -5.92361689e-02, -2.72076968e-02, -1.55869260e-01,  3.52388322e-02,
        4.92213517e-02,  9.86731201e-02, -5.43807540e-03,  3.73226106e-02,
       -3.45632173e-02,  9.80027989e-02,  1.37751460e-01, -5.26807941e-02,
       -1.73452199e-01,  4.24878336e-02, -1.84385432e-03,  1.64099783e-01],
      dtype=float32), np.int64(21461): array([-0.19836222,  0.38547915, -0.0045844 ,  0.5159298 ,  0.06469146,
        0.17836078, -0.08419766,  0.18896085,  0.10283484, -0.21398118,
        0.23546854, -0.05027557,  0.15297309, -0.08947553,  0.05695307,
       -0.18563023, -0.05180443,  0.03019006,  0.08753694,  0.03357676,
       -0.05524463, -0.17202987,  0.06096398,  0.04502099,  0.0035701 ,
       -0.07651909,  0.14719033,  0.11470698, -0.04816703,  0.13762903,
        0.04527707, -0.01483173, -0.0174557 , -0.08582942, -0.04061949,
       -0.096348  ,  0.08019155,  0.05203818,  0.00776931,  0.01416161,
        0.00283331, -0.09001687,  0.08105545,  0.0169863 , -0.01767211,
        0.02259892,  0.19355258, -0.15096532,  0.05204454, -0.010462  ,
       -0.01716917,  0.12431696, -0.05288889, -0.01467792,  0.04453443,
       -0.00734862,  0.02490037,  0.02022617, -0.06757773, -0.14221233,
        0.06322536,  0.06334557, -0.07711174,  0.03427272], dtype=float32), np.int64(26699): array([0., 0., 0., 0., 0., 0., 0., 0., 0., 0., 0., 0., 0., 0., 0., 0., 0.,
       0., 0., 0., 0., 0., 0., 0., 0., 0., 0., 0., 0., 0., 0., 0., 0., 0.,
       0., 0., 0., 0., 0., 0., 0., 0., 0., 0., 0., 0., 0., 0., 0., 0., 0.,
       0., 0., 0., 0., 0., 0., 0., 0., 0., 0., 0., 0., 0.]), np.int64(94734): array([-0.36460394, -0.1823813 ,  0.15843266, -0.04525967, -0.06692684,
        0.00330982, -0.1576886 ,  0.0875803 , -0.00972919,  0.06594014,
        0.02666639,  0.24492377,  0.10659575, -0.05124581,  0.2705214 ,
        0.01697843, -0.01688262,  0.02520062,  0.20680635, -0.1023111 ,
        0.00341702,  0.06614739, -0.10050578, -0.14975852,  0.06483673,
       -0.02296492,  0.0211405 ,  0.02314856, -0.02241007,  0.18483615,
        0.10820088,  0.2876624 ,  0.1690809 ,  0.08300307,  0.02808134,
        0.05565177, -0.0079986 , -0.03111981,  0.20645596,  0.08381592,
       -0.21435115, -0.16349809, -0.13798136,  0.11801185, -0.06217572,
        0.24139953, -0.00738758, -0.04624144, -0.11858729, -0.03722006,
       -0.01405531,  0.02031062, -0.01223383,  0.00102356, -0.09317791,
       -0.07520843,  0.09392665,  0.22240761,  0.07617012, -0.01655468,
       -0.1207169 ,  0.09833515,  0.021619  ,  0.10711212], dtype=float32), np.int64(105259): array([-2.40955785e-01,  2.75366127e-01, -9.63613391e-02,  3.82191032e-01,
        3.03089954e-02,  1.68484464e-01,  5.91166830e-03,  2.44939789e-01,
        1.85565814e-01, -2.03020453e-01,  2.23629698e-01,  5.97214475e-02,
        2.23983694e-02,  1.17077120e-01,  7.99878240e-02, -7.25513622e-02,
        1.07905962e-01,  1.46678254e-01,  1.47375703e-01, -2.98020188e-02,
        5.36911748e-03, -1.13077899e-02,  2.26108506e-01,  1.66525394e-02,
       -6.90584630e-02,  7.91483968e-02,  1.03754371e-01,  8.36497098e-02,
       -7.69931376e-02,  7.25902468e-02, -1.23033123e-02,  5.35965106e-03,
       -4.79395688e-02,  7.08603486e-02,  8.01272094e-02, -5.44169098e-02,
       -7.70681538e-03, -1.21656796e-02,  1.02841742e-02,  1.13651596e-01,
       -2.08443299e-01,  1.43796634e-02,  1.12471223e-01, -2.99872772e-04,
        2.98704244e-02, -1.47764133e-02,  3.31639647e-01, -7.21257031e-02,
       -1.70824319e-01, -1.16920739e-01,  2.94245090e-02, -5.82983904e-02,
       -5.29920980e-02, -1.37524307e-01, -4.39289697e-02, -4.53941301e-02,
        8.50471854e-02,  6.35059550e-02,  1.07326172e-02, -6.26299158e-02,
        3.55941467e-02, -2.58064903e-02, -1.42361522e-01, -7.72025585e-02],
      dtype=float32), np.int64(48461): array([-0.3024548 , -0.03720479, -0.03175382, -0.02140313,  0.06979854,
       -0.18967493,  0.10841335,  0.05994797,  0.1167587 , -0.05382368,
       -0.11834103,  0.26505703, -0.17938334, -0.1419897 ,  0.04180727,
        0.22003774, -0.04039353, -0.11927182, -0.09389978,  0.0150368 ,
       -0.07824412, -0.17718716, -0.066135  , -0.10938206,  0.00425127,
       -0.21833865, -0.1566536 ,  0.03228938,  0.00793495,  0.1829833 ,
       -0.08888909,  0.16704011, -0.06313216,  0.03641202, -0.02401222,
        0.10648402, -0.05345636, -0.01446043,  0.06741858, -0.11180599,
       -0.1050126 , -0.026595  ,  0.15047154, -0.16934682, -0.1802418 ,
       -0.12695518, -0.21470821, -0.24923845, -0.04868938, -0.2761867 ,
       -0.15487829,  0.07159245,  0.07650761, -0.01434543, -0.10327039,
        0.07146575, -0.0649511 ,  0.07008585,  0.01594765, -0.0867079 ,
        0.07334708,  0.00188377, -0.03373811,  0.12068779], dtype=float32), np.int64(64547): array([-2.08060026e-01, -2.16501907e-01,  1.51132002e-01,  6.95035458e-02,
        4.03930306e-01,  3.84672284e-02,  2.32210040e-01, -3.71073000e-02,
        7.38820434e-02, -5.12917154e-02, -3.32886390e-02,  8.23501870e-03,
       -1.24141565e-02, -4.87231649e-02,  9.61509719e-02,  1.02884948e-01,
        7.39649124e-03,  2.72681490e-02,  1.71335507e-02, -1.59526002e-02,
        1.86369312e-03,  2.38097031e-02, -5.41394902e-03, -5.03021777e-02,
       -3.78238474e-04,  2.92411372e-02, -2.27681864e-02, -5.72135672e-02,
       -1.20223984e-01,  6.17188681e-03,  4.68273647e-03,  4.63241450e-02,
        8.03691242e-03,  4.30587493e-02, -7.83303659e-03,  2.81722620e-02,
       -6.21944331e-02, -5.57396933e-02,  4.96245995e-02,  2.48324908e-02,
       -3.24260592e-01, -2.82368422e-01, -1.31049678e-01,  4.36603695e-01,
       -2.86150694e-01,  2.67926425e-01, -1.51781291e-01, -7.81501755e-02,
       -1.66724864e-02,  4.97781374e-02, -4.56196163e-03, -1.93118919e-02,
       -4.01855893e-02, -5.29349521e-02,  2.52739377e-02, -1.84065960e-02,
        4.84925248e-02, -1.80139802e-02,  3.90647165e-03,  2.25587543e-02,
        3.46215591e-02,  1.75738968e-02, -2.69300733e-02,  5.03098071e-02],
      dtype=float32), np.int64(66865): array([-0.09454495,  0.07381235, -0.099618  , -0.27051833,  0.03241546,
        0.2270547 , -0.02154377, -0.06120466, -0.15980783, -0.20028539,
       -0.07468311,  0.00822252,  0.0940578 ,  0.16453463,  0.00814963,
       -0.02638149,  0.03782338,  0.09671585,  0.30025515, -0.08690977,
       -0.00809297,  0.02355242, -0.09975554, -0.06800295, -0.02460802,
       -0.08472347,  0.03762322,  0.09134867,  0.01447163,  0.03749952,
        0.06292057, -0.0342461 , -0.05152231, -0.01955677,  0.11453085,
       -0.10450501, -0.08370467, -0.03915709,  0.22620323,  0.01002659,
        0.14526628, -0.0111081 , -0.00815402,  0.02348471,  0.03951531,
       -0.03185793,  0.05572139,  0.0861017 ,  0.04474831, -0.03586084,
        0.04844671, -0.07249574,  0.06960347,  0.0023454 ,  0.21730818,
        0.23202468, -0.28091606,  0.08213008,  0.04363321, -0.0182141 ,
        0.43171653, -0.22984396,  0.14810148, -0.0456    ], dtype=float32), np.int64(68475): array([-0.3742308 ,  0.06748959,  0.25369945, -0.10415892, -0.14951317,
       -0.41658747,  0.04174886, -0.07016563, -0.03634424,  0.06720977,
       -0.00382105,  0.12493912, -0.01393748,  0.05648911,  0.02145906,
        0.20478895,  0.12534602, -0.00647934, -0.00859308, -0.08363407,
       -0.06897376, -0.00876893,  0.02153083,  0.06220684,  0.01837756,
        0.10813302, -0.20756802,  0.16265863, -0.12200305, -0.08235153,
       -0.18408807,  0.0400194 , -0.01637191, -0.11367898, -0.09263264,
        0.061921  , -0.11612625,  0.04456105,  0.13961539, -0.09736523,
       -0.1351328 ,  0.00230556,  0.16291589,  0.1319372 , -0.14360733,
       -0.10657488,  0.04100581,  0.04820339, -0.18620817,  0.12412173,
       -0.05021737,  0.02730844, -0.1169051 ,  0.10280023,  0.13963558,
       -0.153452  ,  0.08306137,  0.02155856,  0.10370449, -0.02515756,
       -0.04745009, -0.06212493, -0.0166469 ,  0.1601088 ], dtype=float32), np.int64(2838): array([-3.93503815e-01,  8.15514028e-02,  1.79827452e-01, -8.43853578e-02,
       -1.68261126e-01, -3.54301572e-01,  9.80008044e-04,  1.81994811e-02,
        3.92836810e-04,  6.05537742e-02,  3.21393758e-02,  1.58308804e-01,
       -4.42296416e-02,  6.20133989e-03,  1.43215418e-01,  3.01248014e-01,
        1.61468729e-01,  1.00458413e-01,  1.66371569e-01, -6.64875209e-02,
        9.03353852e-04,  7.83155188e-02,  2.27705851e-01, -1.85341194e-01,
       -6.72178715e-02, -4.57506515e-02, -6.70108199e-03, -1.51104882e-01,
       -1.25723168e-01, -2.37960797e-02,  9.83211324e-02,  1.31645650e-01,
        5.07799461e-02,  1.74617574e-01,  1.57623574e-01,  7.84448087e-02,
       -9.82076153e-02, -6.19144365e-02, -8.67804587e-02, -7.19011500e-02,
       -2.92233042e-02, -3.12190708e-02, -2.35973205e-03, -1.50034100e-01,
        1.20186903e-01,  1.49070099e-01,  2.91778482e-02,  7.76465088e-02,
        4.53460515e-02, -1.12798728e-01,  7.66137466e-02,  3.69719826e-02,
       -7.68328905e-02,  6.05475418e-02, -3.80987786e-02, -1.12143956e-01,
        7.09288865e-02, -1.73223466e-02, -7.10579380e-02, -1.19831534e-02,
        1.83846518e-01, -8.06146264e-02,  2.99361255e-02,  1.13688581e-01],
      dtype=float32), np.int64(15903): array([-0.32630563,  0.11585029,  0.12223569, -0.10172433, -0.11716253,
       -0.4170702 ,  0.10374338, -0.16181599, -0.08700075,  0.05354453,
       -0.06327634,  0.10466721, -0.00679189,  0.05276473,  0.00254154,
        0.23978591,  0.1916464 , -0.195348  , -0.04203864,  0.04572995,
        0.09274647, -0.07849587, -0.05668548, -0.09261386, -0.10274127,
       -0.1073287 , -0.06757116,  0.04664979,  0.03032808,  0.06697065,
        0.06800316,  0.04770238,  0.08227255,  0.03467961,  0.04405854,
        0.15281388,  0.03271805,  0.08441641,  0.20760603, -0.24504843,
        0.00267499,  0.18022077,  0.15395448,  0.16211785,  0.09850828,
        0.05137076,  0.05658669, -0.0429236 ,  0.00775537, -0.18344992,
        0.12544093,  0.07703272,  0.00890423, -0.07579361, -0.02796213,
        0.04747231, -0.03593183, -0.13670987,  0.08337172,  0.18013354,
       -0.11783209, -0.01491078, -0.1114969 ,  0.058393  ], dtype=float32), np.int64(24733): array([-0.35047996, -0.07274412,  0.10713724, -0.06569041, -0.10555756,
       -0.25808832, -0.00907081, -0.02744483,  0.09036044, -0.01743503,
       -0.07391685, -0.0156467 , -0.00767319,  0.01447576, -0.01541583,
        0.0225545 ,  0.00387665, -0.11682273, -0.10496935,  0.16253892,
       -0.09920793,  0.09542446,  0.08502412, -0.24361417,  0.22426192,
       -0.02652135, -0.05594393,  0.22534004,  0.15108776,  0.10615496,
       -0.06845187,  0.25836626,  0.19123526, -0.22420496,  0.10261528,
       -0.07921035, -0.04534874,  0.12778834,  0.04661661, -0.04919276,
       -0.13900118,  0.02524354,  0.0554219 , -0.07138623,  0.0309591 ,
        0.15077281,  0.03212595,  0.03684723,  0.1035435 ,  0.05382674,
       -0.022411  , -0.2474585 ,  0.01800661,  0.07268825, -0.10741509,
        0.10819033,  0.136776  ,  0.04159735, -0.23324412,  0.13885228,
        0.16843043,  0.06619308,  0.02964587, -0.0494681 ], dtype=float32), np.int64(24823): array([-3.19648683e-01, -1.26904771e-01,  3.36181335e-02,  2.87887249e-02,
       -2.44695708e-01,  8.42637755e-03,  8.70262384e-02, -9.68201831e-02,
        1.49295956e-01, -2.67790295e-02, -3.45522277e-02,  2.29358956e-01,
       -1.10162035e-01, -1.31488159e-01,  2.75815576e-02, -1.11809477e-01,
        2.78283656e-01, -2.15481460e-01, -1.84601713e-02, -5.81680685e-02,
        2.50628181e-02,  3.42474319e-02,  3.16739857e-01, -1.01603769e-01,
        1.00722954e-01, -1.43289924e-01, -1.64514318e-01,  3.77959870e-02,
        2.70851180e-02, -9.94536728e-02, -1.17827281e-01,  9.74723995e-02,
        3.76635492e-02, -3.50764543e-01,  5.97789476e-04, -1.66355804e-01,
       -9.28654117e-05,  2.06492026e-03, -6.87677413e-02,  7.87912693e-04,
       -9.77715999e-02, -5.68318479e-02,  1.02388225e-01, -4.91902158e-02,
        1.69505373e-01, -4.47283573e-02,  5.29484227e-02,  6.89334190e-03,
       -1.19852588e-01, -5.24025820e-02, -1.51447237e-01,  2.82878093e-02,
       -3.54793482e-02, -1.18667006e-01,  1.11693265e-02, -1.62997603e-01,
        1.66529149e-01,  1.09139672e-02,  1.07966922e-01, -1.93117969e-02,
       -8.33074450e-02,  2.25852407e-03,  6.27855584e-02,  1.89664438e-02],
      dtype=float32), np.int64(45372): array([-1.7447373e-01, -1.5138973e-01, -9.1871209e-02, -4.3553486e-02,
        5.1970708e-01, -1.5034929e-01, -1.7885928e-01, -3.3988465e-02,
        1.4289099e-01,  8.3642200e-02, -7.0696793e-02, -2.4743395e-01,
        3.2814705e-01, -1.4181860e-01,  3.6636062e-02,  1.4848681e-01,
        1.3234095e-02, -4.6555273e-02, -7.7269077e-02, -2.2599441e-01,
        5.1355547e-01, -1.6107255e-01,  6.9378592e-02,  5.8125895e-02,
       -2.8428104e-02,  1.5780183e-02,  4.1715797e-02,  1.4312938e-02,
        3.3925596e-04, -1.2017090e-02, -3.8132232e-03,  1.0572556e-02,
        4.9196337e-03, -1.0232248e-02,  8.4577808e-03,  4.6886578e-03,
        8.0995448e-03,  8.5296342e-03,  2.1620539e-03,  2.3188956e-02,
        2.1917081e-02,  2.5354983e-02,  1.3544532e-02, -1.0717956e-02,
        4.1345332e-02,  7.1728043e-04,  1.0550876e-02, -9.4083296e-03,
        6.6201282e-03, -2.4780629e-03,  1.6533544e-02, -9.9099695e-04,
        4.3115155e-03, -1.0658487e-02,  8.3550895e-03,  1.7220743e-03,
        6.0610906e-03,  3.1252514e-04,  2.0780510e-03,  6.1609386e-04,
        2.0657671e-03,  1.2777064e-03,  7.5333999e-03, -1.5316409e-02],
      dtype=float32), np.int64(47548): array([-0.29836544, -0.07594885,  0.11962017, -0.07134639, -0.2634709 ,
       -0.15795349, -0.04557351,  0.10369283, -0.07457966,  0.07304094,
        0.01781597,  0.10911599, -0.02124649,  0.00645126,  0.16906916,
        0.13888063, -0.14440222, -0.0606926 ,  0.07226501, -0.06964567,
       -0.0003265 ,  0.07822498, -0.13850021, -0.27167752,  0.17948428,
        0.08540028, -0.11657001,  0.27503517,  0.07805996,  0.0661654 ,
       -0.11428952, -0.15876389, -0.28301388,  0.04249721, -0.06068803,
        0.14814535, -0.06169387,  0.07780264,  0.12355472, -0.12124944,
       -0.06381657,  0.11539958,  0.19979711,  0.00053696, -0.02778801,
       -0.11072438,  0.05036137, -0.14991036,  0.02681417, -0.01331027,
       -0.16462265,  0.09498424, -0.01515278, -0.08328908,  0.10607456,
       -0.16785774, -0.10401534,  0.02082141,  0.00525471, -0.1110559 ,
       -0.0723518 ,  0.14520068,  0.01004612,  0.13990885], dtype=float32), np.int64(60025): array([0., 0., 0., 0., 0., 0., 0., 0., 0., 0., 0., 0., 0., 0., 0., 0., 0.,
       0., 0., 0., 0., 0., 0., 0., 0., 0., 0., 0., 0., 0., 0., 0., 0., 0.,
       0., 0., 0., 0., 0., 0., 0., 0., 0., 0., 0., 0., 0., 0., 0., 0., 0.,
       0., 0., 0., 0., 0., 0., 0., 0., 0., 0., 0., 0., 0.]), np.int64(65167): array([-0.28812268, -0.15016599,  0.12005767, -0.02099512,  0.00508652,
       -0.1928583 ,  0.05222252,  0.13887988,  0.04709284, -0.07267802,
       -0.13610734, -0.10428347,  0.10140079,  0.0310314 , -0.20098105,
       -0.15892568,  0.08343952, -0.09922726, -0.05787101,  0.27540296,
       -0.07292832,  0.14865494, -0.04878435, -0.10527474,  0.27663353,
        0.06830382,  0.22852911, -0.08134451,  0.0017663 ,  0.06032297,
        0.06872841,  0.10611292,  0.08396056,  0.04324448,  0.06356722,
        0.13920617, -0.10936958,  0.07889298,  0.16845334, -0.16744088,
       -0.03510308,  0.04344569,  0.13292281, -0.03964416,  0.00872964,
       -0.05552541, -0.05235685, -0.22248712, -0.03302133,  0.09077959,
       -0.12392195, -0.25723204,  0.07900193, -0.10235891,  0.03851905,
        0.00469395,  0.1695103 , -0.01149662, -0.07403159,  0.19802736,
        0.17124578, -0.0924752 ,  0.06609081, -0.02053137], dtype=float32), np.int64(21158): array([-0.22390078,  0.2894043 ,  0.00490285,  0.4613036 ,  0.01681065,
        0.1984233 , -0.03810367,  0.10164099,  0.15200238, -0.19308881,
        0.22223823,  0.03634442,  0.13227709, -0.15660746,  0.00228945,
       -0.10992459, -0.18453315,  0.08911411,  0.08088392,  0.03816782,
       -0.04593721, -0.15273362,  0.01349766,  0.05228688, -0.03399842,
       -0.11143199,  0.19081435,  0.10213117, -0.10571023,  0.15995622,
        0.05577987, -0.15543826,  0.04206777,  0.06034679,  0.03195174,
       -0.08871866, -0.04753258,  0.05319288, -0.08063468, -0.03812201,
        0.14032054,  0.10044541,  0.08679329,  0.02498489, -0.09622362,
       -0.02246162,  0.01258507, -0.1204216 ,  0.22638005,  0.05604352,
        0.1723954 ,  0.09814646, -0.07901181, -0.01233085,  0.04319318,
       -0.04391801,  0.07953061, -0.07612828, -0.05335802, -0.0812004 ,
        0.03377399,  0.00066306, -0.13203299, -0.00859288], dtype=float32), np.int64(28082): array([-0.29639018, -0.15115382,  0.18404022,  0.02576358, -0.32381427,
       -0.04961425,  0.05168742, -0.03463022, -0.00531756, -0.03995816,
        0.04784896, -0.21317393, -0.12082659,  0.01315749,  0.2095261 ,
        0.12471319,  0.15996242, -0.04123103, -0.00633489,  0.04932872,
       -0.00959682, -0.06308839,  0.07896329, -0.0115043 , -0.12971646,
       -0.04903457,  0.02712172, -0.04065925,  0.16692632,  0.12009354,
       -0.05747791,  0.09660205, -0.04484906,  0.07141882, -0.01469839,
       -0.04463353, -0.0183414 , -0.02614197, -0.11174476,  0.07828467,
        0.0323702 , -0.10771677,  0.07780519, -0.1346855 ,  0.11392097,
        0.0304332 , -0.24802962, -0.00742216, -0.10448928, -0.17630056,
       -0.2946178 , -0.13737182,  0.01940798, -0.01168222, -0.0512454 ,
       -0.14145844,  0.07891945, -0.31196842,  0.14184387, -0.08149836,
        0.18656853, -0.05926367, -0.15004466,  0.00302837], dtype=float32), np.int64(32134): array([-1.85484126e-01,  1.89212635e-01, -5.64305224e-02, -5.64288855e-01,
        6.20418638e-02,  4.86528605e-01, -7.45980442e-02,  1.15100771e-01,
        6.53463304e-02, -8.36491138e-02, -8.39792937e-02,  8.52496400e-02,
       -1.44810587e-01,  1.21021174e-01, -9.46035683e-02,  1.52771571e-03,
       -3.05976868e-02, -2.38556802e-01,  3.62293869e-02, -4.39575277e-02,
        9.08543263e-03,  3.78788705e-03,  1.05333449e-02, -4.53892909e-02,
       -9.68701690e-02, -7.29387105e-02,  1.52796254e-01,  1.67973876e-01,
       -7.92247057e-02, -3.84900011e-02, -1.09530482e-02,  6.60967752e-02,
       -4.12563235e-02, -1.88621692e-02, -1.52538856e-02,  3.58656123e-02,
       -2.73416620e-02, -2.70752236e-02,  1.10407472e-01, -4.00913239e-04,
        7.05049187e-02, -2.57216636e-02, -5.33721037e-03,  6.43465295e-02,
       -3.98957264e-03,  1.69819463e-02,  2.56433077e-02,  1.54110314e-02,
        9.79110040e-03,  1.77350547e-02, -1.33321146e-02,  4.14897017e-02,
        6.84616193e-02,  8.78795632e-04,  3.18170451e-02,  3.28948721e-02,
       -1.38086960e-01, -6.31435513e-02, -7.76058510e-02,  2.20786501e-02,
        6.77521005e-02,  6.14011288e-03,  2.19913900e-01, -1.29973397e-01],
      dtype=float32), np.int64(39406): array([-6.12162836e-02,  5.64575382e-02, -7.21026659e-02,  5.82517572e-02,
        1.93633325e-02, -1.20326271e-03,  9.00289230e-03, -1.55361533e-01,
       -3.16619366e-01, -4.00414355e-02, -2.47202545e-01, -1.13256536e-02,
       -1.43848108e-02, -1.34275751e-02,  3.51315849e-02, -4.47165258e-02,
        9.18362662e-03,  4.87582535e-02,  3.09380572e-02, -5.74780488e-03,
       -3.64274951e-04,  2.64914008e-03, -3.25446129e-02,  1.28031364e-02,
       -2.92148609e-02, -7.03431591e-02,  3.61405611e-02,  2.09478848e-02,
        2.33515725e-01, -3.45290780e-01, -1.12011265e-02,  7.94259757e-02,
        1.06245801e-02,  7.34446421e-02, -9.62434113e-02, -2.31124405e-02,
       -3.76244158e-01, -1.03102557e-01, -1.52124405e-01, -1.72477365e-01,
       -2.25495949e-01, -6.77127615e-02, -2.83022404e-01, -1.00074761e-01,
        1.01222984e-01, -1.27300784e-01,  2.48974785e-01, -5.82922176e-02,
        2.12003384e-03, -9.67419818e-02,  1.29615873e-01, -4.32720147e-02,
       -5.15741576e-03,  9.93269980e-02, -3.07640284e-02, -1.84205353e-01,
        1.04581103e-01, -5.78095056e-02,  1.36420950e-01,  4.03976403e-02,
        2.37477291e-02, -1.31413296e-01, -6.75162300e-02, -1.15144409e-01],
      dtype=float32), np.int64(50885): array([-0.35677427, -0.08374927,  0.16986671, -0.05826816, -0.1480323 ,
       -0.15903513, -0.0904434 ,  0.10259242, -0.02919675,  0.02070599,
        0.03641774,  0.10151934, -0.00863659, -0.06123001,  0.15933235,
        0.18655798,  0.04287432,  0.10021371,  0.2137762 , -0.02908863,
        0.01458198,  0.00272326,  0.15184963, -0.07586835, -0.07520431,
       -0.05014394, -0.12119569, -0.03731149, -0.03544054,  0.06234477,
       -0.01781943,  0.11786374, -0.18819036,  0.0506181 ,  0.09966637,
        0.16976355, -0.13328028, -0.07914131, -0.001626  , -0.13936047,
       -0.04271925, -0.13257746,  0.06770443, -0.11402024,  0.22656155,
       -0.01191699, -0.12985343, -0.11986096, -0.17693348,  0.04942733,
       -0.15945575, -0.06275295,  0.10070579,  0.12964185, -0.22451033,
        0.20800346,  0.08267837,  0.23564385, -0.18677527,  0.04071026,
        0.16267633,  0.03079445, -0.09760527,  0.00997911], dtype=float32), np.int64(92589): array([-0.17642084, -0.05813688,  0.08294969,  0.02315729, -0.1984874 ,
       -0.06227667, -0.15571727, -0.19502959,  0.08608258,  0.01221419,
        0.1081465 , -0.05594137, -0.04206588,  0.13284154,  0.09596452,
       -0.44406256,  0.20675962, -0.04824927, -0.04030554,  0.12694708,
        0.16158321,  0.06438233,  0.08320045, -0.19936986, -0.16311672,
       -0.06202575, -0.12960736, -0.11656985, -0.22828206, -0.07620063,
       -0.0161819 ,  0.2002537 ,  0.00194989,  0.03586877,  0.0063567 ,
        0.05542361, -0.06270482, -0.07866572, -0.04026504, -0.12924851,
       -0.00549738, -0.09345809,  0.01087276, -0.07947195,  0.06143772,
        0.05259281, -0.03068105, -0.0655672 ,  0.36830035, -0.10485103,
       -0.01715755,  0.08501506, -0.00884365, -0.01074411,  0.00403215,
        0.05609277, -0.16258328,  0.01317106,  0.20984793, -0.0217887 ,
        0.03741605,  0.05785062,  0.04694   ,  0.10018797], dtype=float32), np.int64(19910): array([-0.27330473, -0.02402021, -0.36705574,  0.01499079, -0.0299889 ,
        0.06520401,  0.16986354,  0.22402748,  0.24165776, -0.03845078,
       -0.01039291,  0.32515207, -0.42179877, -0.04144133, -0.09966397,
       -0.01350329, -0.00107496,  0.17376654,  0.15831158, -0.07318982,
        0.0702269 ,  0.17607589,  0.05480368,  0.03114846,  0.01791574,
        0.02082548, -0.0193033 ,  0.02247203,  0.06455176, -0.09581792,
       -0.02478951, -0.04366921,  0.02586938,  0.00687102, -0.01601601,
       -0.0471808 ,  0.08771259, -0.058679  ,  0.0612997 ,  0.00531449,
       -0.11075895, -0.08782538,  0.0969523 ,  0.01898769,  0.01451493,
       -0.06068716,  0.09121488,  0.20124006, -0.05909099, -0.06124401,
        0.0150647 ,  0.11855701, -0.11421797, -0.04272387, -0.00936627,
       -0.02438409,  0.0591948 ,  0.12858734, -0.10368749,  0.05260735,
        0.09232402, -0.06197117, -0.21926694, -0.02113844], dtype=float32), np.int64(28757): array([-0.3763839 , -0.09179924,  0.16627249, -0.08280858, -0.1519533 ,
       -0.3429967 , -0.05943558,  0.07384327, -0.01901182,  0.07835789,
       -0.02021912,  0.05959392,  0.06222577,  0.14815006,  0.04712027,
        0.00230504, -0.16692594,  0.02120571, -0.10863828,  0.05234428,
       -0.14564636,  0.07391249, -0.01584257, -0.03203802,  0.26849422,
        0.15282898,  0.08868041,  0.20564833,  0.00169446,  0.01432941,
       -0.10088605, -0.10392724,  0.09149141,  0.15641539,  0.18104911,
        0.0915935 , -0.11248804,  0.11601476,  0.13146691, -0.12736118,
       -0.07957308,  0.17852536,  0.0737402 ,  0.01041714,  0.07706333,
        0.03057394,  0.02056336, -0.03556819,  0.02426339, -0.02437146,
       -0.31468529,  0.00431693, -0.08487882,  0.06257199, -0.13933727,
       -0.01777791,  0.12230388,  0.06159205, -0.11840232, -0.05458703,
        0.16032635,  0.04140544, -0.09050678,  0.03469906], dtype=float32), np.int64(50264): array([-0.36160022,  0.09680914, -0.22055298,  0.01323844, -0.15724185,
       -0.11028033,  0.06108834,  0.04849669,  0.09894218, -0.07609111,
        0.04650111,  0.04088873, -0.10699043, -0.12955901,  0.00648141,
        0.03055011,  0.11046674,  0.21547994,  0.10639918,  0.00632876,
        0.04326199,  0.09929776,  0.39224443,  0.03449738,  0.00140418,
       -0.06691151, -0.02165195,  0.04107692, -0.00310745, -0.07896736,
       -0.0155628 , -0.01090062, -0.25806925,  0.08765648,  0.13105963,
        0.29134622, -0.0628761 ,  0.1357614 , -0.00756656,  0.10015043,
       -0.04542113, -0.04894147,  0.11923434,  0.05139424,  0.1367675 ,
       -0.00979417, -0.15753016,  0.17327723, -0.15592167,  0.0322718 ,
        0.10532023,  0.0277478 ,  0.04027779, -0.01005438,  0.08925369,
        0.16100046,  0.11373038,  0.03170884, -0.05919859, -0.25242496,
       -0.02634908, -0.09605525,  0.01006097, -0.0407899 ], dtype=float32), np.int64(52595): array([-0.37238148, -0.15231766,  0.12643723, -0.03985169, -0.06610269,
       -0.20697135, -0.07643733,  0.04856475,  0.02370618,  0.10801557,
        0.0067838 ,  0.16137666,  0.13938026,  0.05116001,  0.02661781,
       -0.23449008, -0.07261162,  0.06942484, -0.1593529 ,  0.01094447,
       -0.21408898,  0.07398352,  0.260875  ,  0.03674898, -0.00499712,
       -0.0063352 , -0.13193093,  0.32743055,  0.21847086,  0.07448586,
       -0.0805468 , -0.06616095, -0.18706793, -0.1116057 , -0.00148913,
        0.03365476,  0.06781688, -0.06878038,  0.00886764, -0.00389192,
        0.06161051, -0.09032749, -0.16412257, -0.16772382, -0.14996916,
        0.06566037, -0.11415187, -0.11694391, -0.03136051, -0.09346326,
        0.01417946,  0.0250823 ,  0.1643082 , -0.04956384, -0.01545681,
       -0.01643973, -0.21389031,  0.10336218,  0.00609032,  0.07862878,
       -0.12884066,  0.04757268, -0.00528871, -0.05791431], dtype=float32), np.int64(60869): array([-0.22771107,  0.007042  ,  0.08501191,  0.07413147, -0.16487466,
       -0.03269586,  0.02049386,  0.20605908,  0.03993827, -0.06323854,
       -0.15467115,  0.16067016,  0.03712235,  0.05449253,  0.21203649,
        0.0619569 ,  0.04813883,  0.0274368 , -0.03548704, -0.04077103,
        0.01128187,  0.04618302,  0.2818695 , -0.0814039 , -0.0085696 ,
        0.07584187, -0.10902999, -0.00459616, -0.18625076, -0.06281839,
       -0.05366321,  0.2521735 , -0.07380311, -0.04669056,  0.00632256,
       -0.10642581,  0.18696585, -0.01619853,  0.01114563, -0.16537184,
       -0.15904431,  0.1283583 ,  0.01057746,  0.15383525,  0.08660774,
       -0.04606074,  0.07149251, -0.09837274, -0.01427767, -0.0776237 ,
       -0.07824577, -0.17251618,  0.2756368 , -0.26429093, -0.24659921,
        0.14796916,  0.21765657,  0.11678576,  0.08612507, -0.05706752,
       -0.08139941,  0.04038708,  0.09175839,  0.08912401], dtype=float32), np.int64(91273): array([-2.98016757e-01,  5.63989729e-02, -2.15423964e-02, -4.71859761e-02,
       -1.84519663e-01, -2.03387290e-01,  7.39366636e-02,  2.21052580e-02,
        1.55856669e-01, -2.07709288e-03, -1.70223992e-02,  5.78721687e-02,
       -7.72013217e-02, -4.14358415e-02, -5.25465868e-02,  1.87215637e-02,
        1.51341230e-01,  1.57167882e-01,  1.31597683e-01,  4.52898927e-02,
        1.40380770e-01, -1.07453667e-01,  2.91497350e-01, -2.80865971e-02,
       -1.93784013e-02, -4.51341942e-02, -1.19148396e-01,  1.20725967e-01,
        8.04057866e-02,  1.09917365e-01, -9.48810484e-03,  7.55856857e-02,
       -1.29321605e-01,  2.02442557e-01,  5.44974357e-02,  3.74557674e-01,
       -3.24667692e-02, -1.34372830e-01,  7.91944861e-02, -1.73812494e-01,
       -5.77464094e-03, -4.82160076e-02,  6.18654601e-02, -3.24567035e-02,
        2.38156438e-01,  1.73057005e-01,  6.56716712e-03, -7.81391338e-02,
        6.83823228e-02, -1.98193356e-01, -1.15467049e-01,  1.94089174e-01,
        1.44374758e-01, -5.58702461e-03,  3.71570823e-05,  1.29056707e-01,
       -1.23069301e-01, -6.74001873e-02, -4.69109304e-02, -3.74112725e-02,
        1.56127885e-02,  1.63119197e-01, -7.83634037e-02,  1.76078659e-02],
      dtype=float32), np.int64(93594): array([-0.34774563, -0.13824439,  0.19726548, -0.02914421, -0.08413875,
       -0.09300986, -0.10822722,  0.05976049, -0.02767906,  0.06944031,
        0.04709621,  0.25330466,  0.06797096, -0.09428122,  0.24793926,
        0.04014449,  0.00402846,  0.04807747, -0.06523805, -0.04570931,
       -0.00303056,  0.02690863,  0.14101173, -0.14255933,  0.13900822,
        0.03316768,  0.03985395,  0.03467251, -0.01931804,  0.12960911,
        0.09216262,  0.2914312 ,  0.07541583,  0.13109478,  0.04948445,
        0.05750513, -0.06156326, -0.01160938,  0.05150342,  0.07003482,
       -0.16020496, -0.1343523 , -0.01288421, -0.16491225,  0.18433483,
        0.07597866,  0.15743841,  0.29288304,  0.02687264, -0.02520051,
       -0.06780559, -0.22554931, -0.17724864, -0.05058349, -0.02996017,
       -0.09860789,  0.01779625, -0.26287872, -0.09788421,  0.04102366,
       -0.02158606,  0.08713978,  0.01381834,  0.07297261], dtype=float32), np.int64(100122): array([-0.36961597, -0.2551213 ,  0.09341777,  0.05508144, -0.3285802 ,
        0.06063463,  0.03807362, -0.02576218,  0.08071021,  0.00498483,
       -0.05095021, -0.2766879 ,  0.10452662, -0.15005943, -0.26688814,
       -0.08154184,  0.19241092, -0.15381418, -0.15962455, -0.51418144,
        0.15242033, -0.0713221 ,  0.05452726,  0.08188524, -0.12506916,
       -0.02633662,  0.06149296, -0.13111825,  0.01485573,  0.01415802,
        0.01349787, -0.0543796 ,  0.01230404, -0.0091895 ,  0.02232087,
       -0.02020728, -0.00282747, -0.01730474, -0.02642598, -0.03105525,
       -0.04820153,  0.06241518,  0.01973861,  0.00091791,  0.00799955,
        0.02473928,  0.10296194,  0.09155706, -0.02444899,  0.02279679,
        0.01863603,  0.03747592, -0.01735374,  0.01695609, -0.00792307,
       -0.07539885,  0.01363017,  0.04160352,  0.02232143, -0.03716541,
       -0.01974219, -0.01878089,  0.04304824,  0.03713022], dtype=float32), np.int64(67469): array([-1.34105280e-01, -1.29055500e-01,  9.59866494e-02, -8.06110427e-02,
        5.44381738e-01, -4.58053499e-02, -2.30517700e-01, -1.66735556e-02,
        6.29092082e-02, -1.13662146e-01, -3.17403488e-02, -2.03430858e-02,
       -2.22401619e-02, -2.35389490e-02,  3.86005715e-02,  8.84768665e-02,
        6.03925437e-02, -7.69923069e-03,  6.42708540e-02, -2.46932004e-02,
       -2.79757716e-02, -1.48575427e-02,  4.85408166e-03, -4.35038656e-02,
       -1.00237042e-01, -8.28152001e-02,  7.56589845e-02,  9.29690674e-02,
       -2.39288490e-02,  7.94328377e-03, -3.83393094e-02,  3.02420780e-02,
        2.90516466e-02,  4.90731187e-03,  6.15334921e-02, -2.63215434e-02,
       -6.24984354e-02,  2.14186292e-02,  1.41648844e-01,  6.15335330e-02,
        6.53940290e-02,  3.16408579e-04,  1.55600058e-02,  5.10410964e-02,
        5.97722158e-02, -8.38398337e-02,  1.12084836e-01,  1.07692897e-01,
        5.11286855e-02,  8.49870965e-02, -7.98924863e-02, -7.52628148e-02,
       -2.72374935e-02, -6.14602566e-02,  3.84099305e-01,  2.21841052e-01,
       -2.42900774e-01,  5.76357692e-02,  8.02553743e-02, -1.15053207e-01,
        3.06290507e-01, -1.66303664e-01,  1.40290529e-01, -4.13081273e-02],
      dtype=float32), np.int64(81505): array([-0.36304837, -0.1294009 ,  0.22562525, -0.03621276, -0.12837161,
       -0.24826083, -0.07534475,  0.06936474, -0.05648679,  0.04976903,
        0.04960323,  0.08076106,  0.00481423,  0.08230287,  0.02686075,
        0.00140727, -0.0192226 ,  0.00059499, -0.086651  ,  0.03739794,
        0.04992692,  0.03541663,  0.08750646, -0.2508017 ,  0.06157311,
       -0.00199772, -0.03699997,  0.27475187, -0.10325122,  0.00350161,
        0.16122597,  0.03103288, -0.06550751,  0.13942811,  0.13015853,
       -0.10968705, -0.05851163, -0.1099145 , -0.19107583,  0.00542275,
       -0.0160357 , -0.21651681,  0.02235224, -0.04823897, -0.09094017,
       -0.08482958, -0.12813193,  0.03214724, -0.08721171, -0.23387685,
        0.08522361,  0.22386128,  0.14857517, -0.03231825, -0.23372789,
        0.19607158, -0.05399491,  0.01019108, -0.1566481 ,  0.02156685,
       -0.03996294,  0.09654041, -0.08012271, -0.13316938], dtype=float32), np.int64(87725): array([-0.34610432, -0.23786813,  0.09566303,  0.01527182,  0.16666648,
       -0.00898412,  0.08650617,  0.2161947 , -0.22049688,  0.04986449,
        0.10140648,  0.12329932, -0.14526871, -0.22202489, -0.38155583,
        0.25646225, -0.00299418, -0.27377084,  0.03957019,  0.03513633,
        0.02350812, -0.02567479, -0.00810527, -0.06955062,  0.0356126 ,
       -0.20132622, -0.11728097, -0.13226597, -0.01492662, -0.01090896,
       -0.02711098, -0.06492192,  0.15816122, -0.21447764,  0.18719438,
       -0.15388703, -0.02527499, -0.06443036, -0.12779774,  0.04132108,
       -0.01976265, -0.01851116, -0.06578854, -0.02528384, -0.02005498,
        0.01033068,  0.02853949,  0.14816512, -0.06286399,  0.07800382,
        0.00396932, -0.05965897, -0.00277355, -0.01081417, -0.04552582,
       -0.0636886 ,  0.01979749,  0.02804466,  0.03394287,  0.00315288,
        0.03024768,  0.02003196,  0.02416526, -0.07713632], dtype=float32), np.int64(12687): array([-0.10322762,  0.04672104,  0.0356946 ,  0.17344132,  0.2597702 ,
        0.03343853, -0.14841622, -0.03049249, -0.16769364,  0.1958849 ,
       -0.40407747, -0.0893121 , -0.17794344, -0.04915276,  0.06587068,
       -0.06254996, -0.01821308,  0.02772853,  0.08565583,  0.01038413,
        0.00766245,  0.00901273,  0.08567502,  0.04332532, -0.0302264 ,
        0.00634512,  0.05177078,  0.02108048, -0.04487097,  0.07820689,
       -0.01609757, -0.03457795,  0.03084332,  0.02932324, -0.08055526,
        0.01217477, -0.18953644,  0.00831115, -0.03348004, -0.04816083,
       -0.06783395,  0.04141064, -0.04824182,  0.02167905,  0.00080453,
        0.00233647, -0.0935766 ,  0.11041111, -0.00722706,  0.13064401,
        0.14612563, -0.06056836,  0.2734736 ,  0.01330613, -0.14589106,
       -0.08795898, -0.01595039,  0.24116725,  0.21841478, -0.15415245,
       -0.03646191, -0.03457288, -0.24225254,  0.37072086], dtype=float32), np.int64(67147): array([-0.10218697,  0.07245861, -0.25691694,  0.13155617,  0.03555595,
        0.03723144, -0.01295795,  0.10696569,  0.09830142, -0.01282456,
        0.07912335,  0.04297439, -0.18847956,  0.0630197 , -0.01657297,
        0.02876662,  0.0319173 , -0.05163155, -0.15702833,  0.01877685,
       -0.1587152 , -0.3791206 , -0.15412606, -0.0986857 ,  0.17731653,
       -0.3458664 , -0.09612568, -0.05708569,  0.01817957, -0.00372071,
       -0.0801123 ,  0.04446624,  0.13329934, -0.2660283 ,  0.1848384 ,
       -0.00981436, -0.10036313,  0.04943279, -0.0827503 , -0.0005737 ,
       -0.03764452,  0.00218545, -0.12398393,  0.03863474, -0.07049162,
        0.04847001, -0.04873258, -0.08847257, -0.27394095, -0.01857821,
       -0.14639181, -0.07040732, -0.2145774 , -0.14435317, -0.08328624,
       -0.03274981, -0.1642107 , -0.07663706,  0.1436961 , -0.01358989,
       -0.04545147,  0.08765809, -0.03299214, -0.07507712], dtype=float32), np.int64(74119): array([-0.39215493, -0.06222112,  0.03323825, -0.04539781, -0.06887241,
       -0.28755352,  0.01933379, -0.02580171,  0.18150562,  0.05589431,
       -0.08575581, -0.12111485,  0.09855929,  0.19636844, -0.21195714,
       -0.136842  ,  0.17246662,  0.03956178, -0.02397292, -0.05991337,
       -0.03086105,  0.01065625, -0.25530964,  0.21551602,  0.00919139,
       -0.10248318, -0.01230934,  0.07684505, -0.01681697, -0.01079243,
        0.05756043, -0.19838543, -0.20392789,  0.0213255 ,  0.07783315,
        0.06468153,  0.09370971, -0.08953231,  0.0170268 ,  0.02886475,
       -0.04604422, -0.00145158, -0.03864628, -0.00590045,  0.09228573,
        0.1475848 ,  0.03298838,  0.01154217, -0.09924974, -0.2199131 ,
        0.1273587 , -0.26535577, -0.14244512, -0.02228718,  0.0757171 ,
        0.05774039, -0.01629247,  0.1503289 , -0.12650725, -0.14152893,
        0.09587027, -0.1173475 ,  0.0817049 , -0.06477839], dtype=float32), np.int64(92395): array([-0.0645124 ,  0.0961002 ,  0.01520778, -0.26355234,  0.04115969,
        0.22522764, -0.02464423,  0.04170969,  0.02968265, -0.02259319,
       -0.01972476, -0.00460671, -0.02721075,  0.07806715, -0.03205397,
        0.00384398,  0.06116653,  0.04976995, -0.05560797,  0.02600355,
       -0.00263251,  0.00602604,  0.132123  , -0.00399275, -0.02163288,
       -0.13863076,  0.1392937 ,  0.16393402,  0.00379085,  0.01921543,
       -0.00502207, -0.00727767, -0.04060887, -0.04876529,  0.06047763,
        0.0832359 , -0.16271305,  0.02400356,  0.16526233,  0.01525822,
        0.4702033 ,  0.08930217, -0.18984048,  0.03851479, -0.1731203 ,
        0.11552779,  0.08886959,  0.07934308,  0.03330652,  0.04482934,
        0.08895136, -0.14027667,  0.0399081 ,  0.09595779,  0.12424532,
        0.12367465, -0.25040528,  0.04446646,  0.11729371, -0.04285423,
        0.36161375, -0.2716869 ,  0.08390772,  0.03306377], dtype=float32), np.int64(99156): array([-0.126354  ,  0.03535273, -0.05070341,  0.0923692 , -0.0485355 ,
        0.02302395, -0.11969665,  0.05526261, -0.1171487 ,  0.26499605,
       -0.536622  ,  0.00077818,  0.05510903, -0.14061469, -0.03909681,
        0.02460387, -0.07438304, -0.02339801, -0.03931541, -0.11699134,
        0.23688792, -0.04812949,  0.06012592,  0.02190287, -0.06105158,
       -0.0211392 ,  0.08831451, -0.00343536, -0.07648588,  0.05408107,
        0.03987668, -0.16472965,  0.0713535 , -0.0519385 , -0.04697746,
       -0.05273689, -0.19768853, -0.11598074, -0.01714971,  0.10893047,
       -0.0293276 , -0.00173902,  0.16978179, -0.14081772,  0.02237348,
        0.11836742,  0.09785287, -0.2342209 , -0.0986007 , -0.15653811,
        0.0808399 ,  0.1687263 , -0.08575955, -0.0011174 , -0.13866809,
        0.11118618,  0.01934377,  0.09819558, -0.1589677 , -0.10324333,
       -0.01083055,  0.05091576, -0.07236128, -0.23071875], dtype=float32), np.int64(99359): array([-0.22058259, -0.17694017,  0.16559201,  0.04656677,  0.35150912,
       -0.04624708,  0.23853266, -0.05430502,  0.06058097, -0.02155911,
       -0.02427044,  0.0379882 , -0.019925  ,  0.03909972,  0.05436395,
        0.12220968,  0.03811243, -0.0063945 , -0.0181265 , -0.0532082 ,
       -0.02637691,  0.06100399,  0.00880957, -0.18373755,  0.05139207,
        0.01761974,  0.05502945,  0.16405214, -0.04605593, -0.04239917,
        0.00613074, -0.14282823, -0.12046142,  0.01048073, -0.02966022,
       -0.24113137, -0.08500754,  0.01199101, -0.19190583,  0.07737146,
        0.02657105, -0.05793588, -0.05146695,  0.04827545,  0.15557937,
       -0.13371882, -0.06647171, -0.13313957,  0.14260669,  0.2188095 ,
       -0.24582748,  0.21577686, -0.02373851,  0.3033685 , -0.06866808,
       -0.08246583,  0.08151627,  0.11016317, -0.00848836,  0.14771129,
       -0.10407694, -0.17227851,  0.1377898 , -0.04662814], dtype=float32), np.int64(103465): array([-0.04521522,  0.07646791,  0.00976604, -0.08429676,  0.01649162,
        0.10420053, -0.01054689,  0.05114122,  0.04779846, -0.05208629,
        0.02003291,  0.03391268, -0.00462865, -0.04547759, -0.02535509,
       -0.04856515,  0.04727117,  0.12336516,  0.02789692,  0.03488   ,
       -0.00745849, -0.09900233,  0.3486246 ,  0.03198684,  0.07777588,
       -0.04952352,  0.05477954,  0.04297912,  0.12785396,  0.17861708,
        0.10909005, -0.03047569, -0.2859227 ,  0.13795902,  0.17485425,
        0.1870012 , -0.09662262,  0.17039523,  0.0283617 ,  0.06600783,
       -0.15315089, -0.16809079,  0.14059779,  0.04405824,  0.2663447 ,
       -0.16845605,  0.08654203,  0.3013794 , -0.08639535, -0.06968722,
        0.0454704 ,  0.16096614, -0.08651192, -0.00948461,  0.03576815,
        0.20885071, -0.00821591, -0.08915849, -0.16738535,  0.04846757,
       -0.05628682, -0.24386914,  0.01911928, -0.24091168], dtype=float32), np.int64(6249): array([-1.38384670e-01, -9.67556164e-02,  9.41283777e-02, -2.67648380e-02,
        3.02587569e-01, -1.44116178e-01, -1.36477873e-01,  5.87631725e-02,
       -1.68850422e-01,  1.57814354e-01,  1.80104882e-01,  1.06392696e-01,
        6.43169805e-02,  1.28998652e-01, -1.33980021e-01, -2.37795845e-01,
       -1.09939456e-01,  2.01008450e-02, -4.00065556e-02,  1.31526187e-01,
        1.08388089e-01,  1.01009966e-03, -2.44785901e-02, -2.06758544e-01,
       -4.14794795e-02,  2.56432518e-02, -1.29398674e-01,  1.12108432e-01,
       -9.53951478e-02,  1.88571762e-03, -1.29085509e-02, -6.33401703e-03,
       -8.65359157e-02,  5.37310541e-02,  1.54926977e-03, -4.13196199e-02,
       -5.16006164e-02, -4.57548536e-02,  3.07701025e-02,  1.73111074e-02,
       -2.16275334e-01, -2.22390890e-01, -8.50662217e-02,  3.38349104e-01,
       -1.50279179e-01,  3.21391314e-01, -1.94452897e-01, -4.49449755e-02,
        1.03889359e-02, -2.78855432e-02,  1.38885155e-01, -1.73024952e-01,
       -1.53667107e-01, -5.55614643e-02,  4.15487261e-03,  1.52260825e-01,
       -9.73079819e-03, -5.42764901e-05,  1.27384756e-02, -4.29469906e-02,
        4.84588295e-02,  3.55557837e-02, -1.52744853e-03,  9.60549340e-03],
      dtype=float32), np.int64(16945): array([-0.1427873 , -0.10324556,  0.10541109, -0.02350382,  0.3688432 ,
       -0.14729851, -0.20811485,  0.03853636,  0.03030511, -0.08879821,
       -0.02260904, -0.00558051, -0.00801621, -0.0567521 ,  0.22837435,
        0.14432964, -0.15681459,  0.05659289, -0.01627089,  0.00565468,
       -0.00156196, -0.003503  ,  0.02176123, -0.02993097, -0.07922953,
       -0.02980633, -0.02263724, -0.17420237, -0.1697604 , -0.16136055,
        0.07494497, -0.18274936, -0.0314684 , -0.03874175,  0.01536399,
        0.06150329, -0.04553045, -0.04305394, -0.04293928, -0.10017497,
        0.13384616,  0.16605656,  0.07589286,  0.4933885 , -0.08361372,
       -0.37761575, -0.03373281, -0.00178349,  0.02127828,  0.0104685 ,
        0.02467087,  0.0086164 ,  0.00184842,  0.01874574, -0.00657462,
        0.06460427, -0.09857281,  0.08290977, -0.06917963, -0.08115279,
       -0.05377462,  0.01198206,  0.00744   , -0.05630968], dtype=float32), np.int64(19060): array([-0.37618235, -0.10800677, -0.0651725 , -0.01334786, -0.09296448,
       -0.13282664, -0.07682276,  0.17334235,  0.07786029,  0.11959209,
        0.09312637,  0.00158977,  0.02707587, -0.12943289,  0.05602716,
        0.05755294,  0.06985006,  0.36817586, -0.11252468,  0.07286029,
        0.03286621,  0.15026806,  0.28374267,  0.07221822,  0.15353137,
       -0.02600846,  0.03505777,  0.06913382, -0.02728102, -0.04469305,
        0.03753738,  0.06793352,  0.07163578,  0.09822809, -0.00887449,
        0.07049162, -0.05867937,  0.02307532, -0.03727821, -0.01485474,
        0.15859514, -0.18853852,  0.0704784 , -0.04861911, -0.17362335,
       -0.16502436,  0.0400207 ,  0.11278944,  0.09537734, -0.0169719 ,
        0.17510909,  0.05579721,  0.19888647,  0.0004256 ,  0.04876289,
        0.18980755,  0.15767622, -0.26007167,  0.13186698,  0.09002649,
       -0.09197829,  0.07284396,  0.03779683,  0.03028565], dtype=float32), np.int64(52695): array([-1.05208240e-01, -9.22178999e-02,  7.77165666e-02, -7.99200963e-03,
        4.17680919e-01, -1.04064018e-01, -1.63070783e-01, -4.47428189e-02,
        3.94454226e-02, -7.11083636e-02, -5.49432775e-03, -2.27506235e-02,
       -1.48087693e-02, -8.46976936e-02,  4.05741669e-02,  6.66439608e-02,
        2.92312242e-02,  1.76062342e-02,  1.56573821e-02, -9.82727669e-03,
        1.38455229e-02,  1.71503350e-02, -1.70154758e-02, -2.91550644e-02,
        7.19756307e-03,  3.37058380e-02, -3.95639315e-02, -5.85927032e-02,
       -1.44017383e-01,  1.90035626e-02,  6.28373167e-03,  6.07264638e-02,
        8.69993679e-03,  4.36182395e-02, -2.47428052e-05,  3.74312624e-02,
       -6.30326197e-02, -3.92623022e-02,  4.17700037e-02,  1.60721038e-02,
       -3.37372214e-01, -3.22652340e-01, -1.32706910e-01,  4.98490244e-01,
       -2.97668278e-01,  2.79966086e-01, -1.39724866e-01, -5.38030714e-02,
        1.03944005e-03,  2.96221077e-02,  1.34817595e-02, -9.50410962e-03,
       -3.06268055e-02, -5.79855889e-02,  7.62297958e-03, -1.26871159e-02,
        1.03351429e-01, -2.56864969e-02, -3.38648558e-02,  4.06806841e-02,
       -1.53579358e-02,  1.81270903e-03,  1.10218357e-02,  3.39188799e-02],
      dtype=float32), np.int64(75257): array([-1.32930517e-01, -3.80244777e-02,  5.39613478e-02, -9.49194096e-03,
       -1.47842765e-01,  4.99435216e-02, -1.39477462e-01,  1.33186579e-01,
        6.81458339e-02, -1.17016584e-01, -2.90564865e-01,  4.11625594e-01,
        1.29124910e-01, -4.05162990e-01, -4.27705944e-01,  8.51671025e-03,
       -3.65150794e-02, -8.22946355e-02, -1.19620442e-01, -8.48705471e-02,
        5.00016324e-02,  9.98923853e-02, -1.75994948e-01, -6.05839789e-02,
       -6.23581279e-03,  8.07937086e-02, -9.51032862e-02, -6.46765754e-02,
       -5.85867390e-02, -2.82686334e-02, -1.02402698e-02, -5.89159094e-02,
        8.12503323e-02, -2.81180814e-02, -1.91327315e-02,  1.75379552e-02,
        5.89099452e-02, -5.43379672e-02,  3.65211926e-02,  5.81742190e-02,
       -2.20753103e-02,  1.24828458e-01, -6.88872933e-02,  3.16500328e-02,
        9.29350592e-03, -7.40705654e-02, -1.68105209e-04,  1.67255085e-02,
        1.83556844e-02, -2.50892881e-02, -7.31001645e-02,  1.30472230e-02,
       -6.08480647e-02,  4.06530164e-02, -6.08728454e-02,  3.98326106e-02,
       -1.25436053e-01,  1.46974429e-01, -1.85240448e-01, -1.42335474e-01,
       -5.49378023e-02, -6.86392887e-03, -5.83681837e-02, -1.16506994e-01],
      dtype=float32), np.int64(79475): array([-0.34796268,  0.07784075, -0.02404394,  0.1522772 , -0.04860409,
       -0.07486761, -0.08686635,  0.28908345,  0.10480814, -0.07193924,
       -0.09838348, -0.04498373,  0.15988009,  0.08529403,  0.14586651,
        0.18613935,  0.00483797,  0.08682565,  0.07874542, -0.02404595,
       -0.00217363,  0.09081151,  0.3322712 , -0.06255351, -0.00125596,
        0.08697128, -0.08812996, -0.0355873 ,  0.11187721,  0.06154453,
       -0.12961325, -0.2555475 , -0.00840434,  0.10246351, -0.06238715,
        0.08175617, -0.02305469, -0.09830988,  0.04849244,  0.03849523,
       -0.00076373, -0.15082598,  0.00556178,  0.03524353,  0.10957447,
        0.1197042 ,  0.02577169,  0.3060434 , -0.19926855, -0.12520945,
       -0.15480992, -0.06076571, -0.05378315, -0.13561085,  0.0711842 ,
        0.12491073, -0.01392052,  0.04088364, -0.02421959,  0.07327367,
       -0.02516898,  0.00465883,  0.23193878,  0.11976693], dtype=float32), np.int64(92834): array([-6.61846399e-02,  1.18649580e-01,  5.09070493e-02, -3.24435949e-01,
        5.53609356e-02,  2.98119903e-01, -3.46505493e-02,  2.98164040e-02,
        1.53704537e-02, -3.29723917e-02, -3.44700553e-02, -3.33206616e-02,
       -4.84772120e-03,  1.18058324e-01, -1.04410052e-02,  1.88850076e-03,
        3.20403539e-02, -2.93651894e-02, -4.49012145e-02, -1.12775946e-02,
       -2.24013962e-02, -5.11224866e-02,  4.92754839e-02, -1.16198892e-02,
       -7.62011558e-02, -8.38684589e-02,  9.16760862e-02,  1.28459960e-01,
       -4.62834425e-02, -1.26008701e-04,  3.82203534e-02,  4.46852110e-02,
       -6.37340248e-02,  3.75108421e-02,  7.85500556e-02, -1.90599367e-01,
       -1.31721973e-01, -1.88889205e-02,  3.12127054e-01,  1.16312539e-03,
        7.48488456e-02,  1.23280818e-02, -6.22398779e-03,  5.77496290e-02,
       -1.33105470e-02, -1.37070686e-01,  1.16386630e-01,  7.58745447e-02,
        1.03997879e-01,  6.99071214e-02, -1.26600653e-01, -1.98484235e-03,
       -3.55673134e-02, -1.00820638e-01,  2.46570751e-01,  2.81164020e-01,
       -3.23139608e-01,  3.94746549e-02,  1.10394418e-01, -8.40098709e-02,
        3.51955026e-01, -3.32770050e-02,  2.48602733e-01, -5.82520589e-02],
      dtype=float32), np.int64(101100): array([-0.2517975 , -0.22763792,  0.14392222,  0.10449058, -0.2184512 ,
        0.17965896,  0.1536611 , -0.30801523,  0.1512463 ,  0.07747643,
        0.03859394,  0.05283914, -0.03577559,  0.06160856,  0.2456848 ,
        0.12763628, -0.17211743,  0.06208223, -0.01646698,  0.04695944,
       -0.01705334, -0.05583603,  0.03235498,  0.04108766, -0.04239177,
        0.01673844, -0.02590842,  0.11175339,  0.2078252 ,  0.28961864,
       -0.1814148 ,  0.37583804,  0.01874479,  0.10643908,  0.04058006,
       -0.0909033 ,  0.02237466, -0.20023689, -0.13345477, -0.01731927,
        0.08202674, -0.01177437, -0.02862383,  0.01676795,  0.02639114,
       -0.02860311, -0.11705064,  0.03487787, -0.12145061, -0.08580455,
       -0.02400063,  0.01712782,  0.0047797 , -0.0171986 , -0.04293527,
        0.08665449,  0.03493033, -0.10171758, -0.04780232, -0.03427435,
        0.09643941, -0.08567297, -0.10960929, -0.01323512], dtype=float32), np.int64(8450): array([-0.35039845,  0.073634  ,  0.08465718, -0.08105446, -0.12360215,
       -0.37741223,  0.05950258, -0.09988658,  0.02994121, -0.03901694,
       -0.06647691,  0.03430172,  0.07314086,  0.04583534, -0.02356831,
        0.13989618,  0.18196267,  0.10014369, -0.11280523,  0.01421114,
        0.03462378,  0.08576839,  0.2651988 ,  0.01962631, -0.15817182,
       -0.21762449,  0.10889652, -0.07108437,  0.19205976,  0.12071913,
       -0.05054249, -0.02773544, -0.19890262,  0.00119476,  0.19945806,
        0.18369347, -0.05624315, -0.07756061,  0.04258766, -0.17919467,
       -0.02331048, -0.04539448,  0.05410837, -0.05405581, -0.01857261,
        0.04021553,  0.02527261, -0.08514132,  0.15826163, -0.23212016,
       -0.02394542,  0.138567  ,  0.08392689, -0.07661664, -0.13093337,
        0.19627689,  0.03389699, -0.10111067, -0.04497057,  0.11191059,
        0.03752808, -0.03029016, -0.02180844,  0.03638766], dtype=float32), np.int64(8452): array([-1.58641070e-01,  2.08414942e-01,  1.15070038e-01, -5.89272738e-01,
        2.04479828e-01,  5.02417266e-01, -9.46682245e-02,  4.39593978e-02,
        3.61922756e-02, -6.22435734e-02, -5.38450144e-02, -1.01073384e-01,
       -2.31522005e-02,  1.57792434e-01,  1.83930807e-02, -1.25320079e-02,
        2.03246456e-02, -1.93647761e-02, -6.37001991e-02,  1.33641195e-02,
        3.19732749e-03, -5.07630855e-02, -3.04536894e-03,  3.05676255e-02,
        6.11421131e-02,  2.58927494e-02, -6.70567080e-02, -4.01129201e-02,
        8.06730241e-02,  4.03393842e-02,  1.37986854e-01, -1.59222633e-04,
       -9.02625918e-02,  2.06573633e-03,  7.21277595e-02, -1.83167800e-01,
       -8.27941597e-02, -2.63632685e-02,  1.11248083e-01, -1.14212306e-02,
       -7.92424455e-02,  3.54483314e-02, -4.08939421e-02, -3.20095941e-02,
       -1.00106522e-02, -4.70105484e-02, -9.27345455e-02, -8.03027600e-02,
        6.15134984e-02,  5.46754785e-02, -4.23046760e-02,  1.69960856e-02,
       -9.73032191e-02, -2.80068163e-02, -2.18154620e-02, -2.70009581e-02,
        7.51783177e-02, -3.00776102e-02,  8.74880180e-02,  2.22056191e-02,
       -1.51503325e-01,  5.16508408e-02, -9.84730273e-02,  1.02105349e-01],
      dtype=float32), np.int64(18507): array([-0.2716311 ,  0.22463432, -0.01530585,  0.5186677 ,  0.12330649,
        0.21400121, -0.10192169,  0.06884114,  0.06657742, -0.06920839,
        0.03750674, -0.0576977 , -0.00060052, -0.0165664 ,  0.12557775,
       -0.12210108,  0.0126489 , -0.0741497 ,  0.0593839 ,  0.03015905,
       -0.09617639, -0.1980226 ,  0.0258361 ,  0.00135799, -0.0068227 ,
       -0.23295222,  0.11790431,  0.13952732, -0.01347862,  0.1321465 ,
        0.06840782, -0.01294698,  0.01786769, -0.1339164 ,  0.02435954,
       -0.03407422, -0.1320096 ,  0.15263055, -0.11999759, -0.07137525,
       -0.14251629, -0.0091329 , -0.00578424, -0.05768382, -0.05368282,
        0.01913697, -0.10573491,  0.15637763,  0.03129168,  0.01742384,
       -0.04124899,  0.05088049, -0.20847924, -0.14088215, -0.02989055,
        0.06014392,  0.05578105,  0.10512764,  0.10380263, -0.02554455,
       -0.03425235,  0.21425574,  0.08167478,  0.14307015], dtype=float32), np.int64(29021): array([-0.09686256,  0.05324032, -0.16527718, -0.17938869,  0.01353814,
        0.11490057, -0.0250635 ,  0.08931018,  0.09684099, -0.03506546,
        0.00542517,  0.07329805, -0.13596082,  0.16121712,  0.0137285 ,
       -0.01783019, -0.01364811,  0.00221992,  0.49243733, -0.14899328,
        0.0240686 ,  0.13600142, -0.12065186, -0.09917273, -0.29234052,
        0.3304876 ,  0.25852382,  0.12454569,  0.02835018,  0.01678578,
        0.12041658,  0.06234704, -0.14965025, -0.17690329,  0.17411456,
        0.09137126, -0.09291012, -0.03560112,  0.12326777,  0.01572086,
        0.06382168, -0.05171221,  0.01136562,  0.01330905,  0.08793756,
       -0.03377881,  0.03579452,  0.06505351, -0.05946622, -0.03930833,
       -0.00906297,  0.03225171,  0.08377305,  0.02170141, -0.07750793,
        0.01266668,  0.08334492, -0.06283657, -0.04745056,  0.08121177,
       -0.09875303,  0.2165934 , -0.00257498,  0.0709664 ], dtype=float32), np.int64(49906): array([-0.37920612, -0.13633466,  0.1250863 , -0.0702443 , -0.15009989,
       -0.16086543, -0.1309492 ,  0.14841664, -0.02848456,  0.0896473 ,
        0.03162371,  0.01296367,  0.12536943, -0.06427968,  0.24301177,
        0.18598397, -0.12583508,  0.08738088,  0.12979317, -0.16124338,
        0.15854847,  0.0181747 ,  0.05532363, -0.18710598,  0.02967932,
        0.02528599, -0.10192574,  0.10593595, -0.10374589, -0.03518877,
       -0.04034773,  0.02352281, -0.18771073, -0.0432341 ,  0.11321645,
        0.03746223, -0.07831544,  0.03288721, -0.1516513 ,  0.05033105,
       -0.06685442, -0.15150896, -0.00255533, -0.13672404,  0.12521112,
        0.02793296, -0.04737519,  0.09205854, -0.13897781,  0.00257498,
       -0.21606387,  0.08987972,  0.02182523,  0.0513527 , -0.09594099,
       -0.11658732,  0.20960553,  0.18317837, -0.17385855,  0.11292361,
        0.1657561 ,  0.04867332,  0.08406532,  0.15500997], dtype=float32), np.int64(54610): array([-0.38267   , -0.29615575,  0.21066526,  0.09714764,  0.13607697,
        0.12175651, -0.02986214, -0.3009982 ,  0.22561358, -0.02902362,
       -0.10031255,  0.27384824,  0.00341265, -0.23568866, -0.14823025,
        0.12001427,  0.00871088, -0.01488846, -0.03684782, -0.0818729 ,
        0.00127825,  0.0725963 ,  0.01084436, -0.1393851 ,  0.00845163,
        0.0744656 , -0.06866799, -0.03232257, -0.11579593, -0.04613729,
        0.00321021,  0.00090242,  0.0386404 , -0.01999331,  0.03779216,
        0.01203682, -0.00082869,  0.00128366, -0.09994389, -0.0278038 ,
       -0.05229321, -0.12009136, -0.05414381, -0.09824855,  0.02997594,
        0.04478767, -0.12086087,  0.01796925, -0.173455  ,  0.01608318,
       -0.0460053 , -0.17941143, -0.0692738 , -0.01002295,  0.10149988,
       -0.06032364,  0.14733304,  0.06360938, -0.06734753, -0.07729772,
        0.28632972, -0.17256224,  0.05662769, -0.04287622], dtype=float32), np.int64(36845): array([-0.2919712 , -0.09916228,  0.11942415, -0.01754213, -0.21966217,
       -0.06993675,  0.02443535, -0.01840822,  0.09375542, -0.03554075,
       -0.04639413, -0.00324013, -0.03744755,  0.14679655, -0.2812651 ,
       -0.09401054, -0.21816432,  0.15066539,  0.1647806 , -0.1664402 ,
       -0.01555987,  0.10442529,  0.05200772, -0.16394255,  0.01424385,
        0.05442951, -0.13932979,  0.22507337,  0.16188517,  0.05613894,
       -0.14220266,  0.13377392, -0.04179294, -0.14783606, -0.0097855 ,
       -0.14355592,  0.0559262 , -0.14821978, -0.08818408, -0.03627439,
       -0.01305791,  0.0776386 ,  0.04327458,  0.07747541, -0.00824658,
       -0.04909322,  0.09739158, -0.1049298 , -0.02991584,  0.12936501,
       -0.14328213,  0.22135581,  0.14444946,  0.0852341 , -0.10742165,
        0.05029205,  0.17915472,  0.2211146 , -0.02361718,  0.18818241,
       -0.09771132, -0.18102483,  0.04452722, -0.02014409], dtype=float32), np.int64(65788): array([-0.35464203, -0.2311021 ,  0.1092758 , -0.0086013 , -0.12878788,
       -0.05030791, -0.16817765,  0.08335879,  0.12373547, -0.0416699 ,
       -0.1370423 ,  0.08757356,  0.1668343 , -0.12355113,  0.4688581 ,
        0.09344759, -0.16332947,  0.0096055 , -0.13362588,  0.10833462,
       -0.2107644 ,  0.13060986,  0.04904787, -0.01454449, -0.14722909,
       -0.04335598, -0.05223722, -0.18608993, -0.16035023, -0.08432927,
       -0.02732893,  0.05399702, -0.06650825, -0.00904215, -0.002799  ,
        0.04693398,  0.00770834, -0.07023127, -0.03485622, -0.01174929,
        0.0408371 , -0.07219984, -0.07011297, -0.08669495,  0.09392823,
        0.07353336, -0.03274381,  0.10068003,  0.2296114 , -0.06881481,
       -0.05557173,  0.03690897,  0.11043778, -0.01201548,  0.03912554,
        0.01042193, -0.12233204, -0.09646729,  0.10302315, -0.03001774,
        0.02719708,  0.09924135,  0.1918497 ,  0.06753852], dtype=float32), np.int64(68207): array([-0.3145226 , -0.04752893,  0.21546604, -0.05885243, -0.13950667,
       -0.27461416, -0.04107695,  0.02385764, -0.0534397 ,  0.04610178,
       -0.00843891,  0.1032356 ,  0.00385565,  0.03019303,  0.10708308,
        0.13157408, -0.0560241 ,  0.00241791, -0.0563014 ,  0.09551159,
        0.07019971,  0.03659606, -0.08723534, -0.16651972, -0.00276059,
        0.08281254, -0.11697191,  0.04351019,  0.00778979,  0.07520714,
       -0.09173946,  0.06079904,  0.2042742 ,  0.01826419,  0.06651669,
        0.17348489, -0.12644354,  0.21554707,  0.2778341 , -0.11187404,
       -0.08837694,  0.22260182,  0.16458873,  0.03541678, -0.11307907,
       -0.06156272,  0.1730799 ,  0.06674185,  0.04074191, -0.06709547,
       -0.03018882,  0.2791894 , -0.22257023, -0.12580286,  0.1339795 ,
       -0.08823621, -0.08820138, -0.06705207,  0.03401181, -0.21317196,
       -0.03171438, -0.02568813,  0.03458016,  0.07601715], dtype=float32), np.int64(74614): array([-9.2094213e-02,  2.1940464e-01,  1.6286658e-02,  3.1335884e-01,
        4.8669860e-02,  1.0868900e-01, -4.6617232e-02,  8.9356758e-02,
        7.3575847e-02, -1.5676428e-01,  1.8518478e-01, -2.5799619e-02,
        1.5898284e-01, -8.0992065e-02,  2.5482089e-03, -7.8713179e-02,
       -1.3461651e-01, -3.2521382e-02,  8.3079882e-02,  3.4597054e-02,
       -3.4140471e-02, -9.1035880e-02, -3.0522350e-02,  6.7105763e-02,
       -5.1639918e-02, -1.6271150e-01,  2.4507600e-01,  1.9513315e-01,
        4.9245216e-02,  2.4551703e-01,  9.0142392e-02, -1.3229483e-01,
        5.3024810e-02, -1.1524655e-01, -7.4120775e-02, -6.2302534e-02,
       -1.8134566e-01,  1.6301881e-01, -9.9189259e-02, -2.9583079e-01,
       -8.4465988e-02, -4.3244734e-02,  2.2980759e-02, -5.3413779e-02,
       -7.2445329e-03, -3.1114941e-02, -1.9066559e-01,  6.0309533e-02,
       -3.8183186e-02, -9.0779893e-02, -3.0731404e-02,  1.2977579e-01,
       -2.3631133e-01, -1.2327543e-01,  5.8472827e-03,  9.9794708e-02,
       -2.2441658e-04, -1.1004899e-02, -2.0565028e-01, -7.9494998e-02,
       -5.2267034e-02,  1.6273208e-01,  1.7638789e-01,  8.0989026e-02],
      dtype=float32), np.int64(74755): array([-5.2128172e-01,  7.0466912e-01,  1.9328488e-01,  3.0584496e-03,
        7.4581869e-02, -8.8970082e-05,  8.6461410e-02, -1.0445554e-01,
       -5.8311421e-02,  3.2093335e-02,  2.8165961e-02, -8.1098787e-02,
       -1.0176904e-02, -1.8838413e-01,  1.1455133e-02, -7.3952138e-02,
       -9.5098555e-02, -2.0520288e-02, -2.3510681e-02, -7.5862831e-03,
        1.9769326e-02,  4.5739017e-02, -1.6728674e-01,  1.9588504e-02,
        1.1711944e-02,  1.4721411e-02, -5.8966983e-02, -7.5803727e-02,
        7.3341869e-02,  1.4954487e-02, -3.1456884e-03, -1.4477534e-02,
        2.8656125e-02,  7.0335893e-03,  1.8546250e-02,  4.3936901e-02,
        1.3556445e-02, -1.8469002e-02, -3.0270221e-02,  1.6431395e-02,
        8.9483671e-02, -5.8594723e-03, -4.1028600e-02,  2.2582561e-02,
       -5.0307546e-02,  2.2777161e-02,  1.6897704e-02, -4.5358422e-03,
        3.0476389e-02,  3.8995594e-02,  3.6166098e-02, -5.6499187e-02,
        2.3237246e-03,  3.5497535e-02,  8.2984738e-02, -2.2472614e-02,
        1.9692689e-02,  5.3644799e-02,  1.1317484e-02,  1.9719286e-02,
        7.6896012e-02,  1.2276352e-01,  3.3558211e-03,  4.7322273e-02],
      dtype=float32), np.int64(80417): array([-0.36535278, -0.28624567,  0.11355557,  0.03950634, -0.02236353,
        0.03236753, -0.08546074, -0.06916545, -0.31883648, -0.11250249,
        0.10143667,  0.04057457,  0.03861437, -0.13936728, -0.12713571,
       -0.04045004,  0.21531357, -0.04471403,  0.00063413,  0.00537246,
        0.02650466, -0.00236142, -0.05651732, -0.03727392,  0.10206531,
        0.0795156 , -0.06698128,  0.27830815, -0.0270798 , -0.03312686,
        0.03881763, -0.19876288, -0.12166691,  0.02746427,  0.08945715,
       -0.03701035,  0.01887051, -0.07257216, -0.03787625,  0.01129806,
       -0.12577927, -0.12356444, -0.01490548, -0.12920465, -0.2751486 ,
       -0.13490675,  0.01847382,  0.04224836,  0.05781602,  0.0032916 ,
       -0.01712176,  0.20577493,  0.13898008,  0.00651013, -0.06935984,
       -0.18843694, -0.25261208, -0.02912517,  0.0482932 ,  0.13448867,
       -0.09000318, -0.1459025 , -0.00240561,  0.0051843 ], dtype=float32), np.int64(87896): array([-0.24830808,  0.24415797, -0.02468634,  0.5671073 ,  0.12819006,
        0.2455624 , -0.29169083,  0.08333225,  0.13228819, -0.13815498,
        0.03742296,  0.06005687,  0.1125634 ,  0.08608362, -0.06763981,
        0.04385161,  0.00683432, -0.01798056, -0.04027241,  0.00963564,
       -0.07686789, -0.18234107, -0.03346551, -0.03988255,  0.00148695,
       -0.04373071,  0.06463879,  0.02862553, -0.13136767,  0.23875044,
        0.05554431, -0.11004367,  0.034922  , -0.06096401, -0.05538664,
       -0.07066657,  0.03525701,  0.08160557, -0.06973122, -0.07347143,
       -0.03140033,  0.12200339, -0.15613191, -0.05483474, -0.0535221 ,
        0.04007708, -0.01154765,  0.05439982, -0.12920083, -0.06197236,
       -0.05415404,  0.06684259, -0.05916558, -0.09585345,  0.03854601,
       -0.03371187, -0.1061368 , -0.11937656, -0.10245837,  0.06148553,
        0.00467407, -0.10508434,  0.05431796, -0.01496666], dtype=float32), np.int64(28291): array([-2.04859242e-01,  1.80163115e-01,  1.25793919e-01, -5.81564605e-01,
        1.85722396e-01,  4.85792458e-01, -1.44313291e-01,  1.13107368e-01,
       -2.87571885e-02, -1.76829600e-03, -3.45074460e-02,  5.59043474e-02,
        3.29517946e-02,  8.65133777e-02, -7.63368756e-02, -2.55407704e-05,
        3.82109620e-02, -2.30556224e-02, -3.37389559e-02,  5.69518423e-03,
        6.39359420e-03, -6.13842532e-02, -1.88360293e-03,  1.58797987e-02,
        8.47347528e-02,  3.63968387e-02, -9.18137357e-02, -3.90448980e-02,
        8.77578631e-02,  8.24699402e-02,  1.24527410e-01,  3.67695699e-03,
       -1.01461276e-01, -9.51766036e-03,  9.61259753e-02, -1.21028006e-01,
       -6.33441731e-02,  2.39930190e-02,  4.57481183e-02, -5.56530058e-03,
       -1.55415073e-01, -9.96141112e-04, -4.67991456e-03, -1.00301966e-01,
        5.01602851e-02, -1.06574275e-01, -7.89601505e-02, -8.76184925e-03,
        6.17268309e-03,  1.05462469e-01, -3.36556882e-02, -6.07896084e-03,
       -1.47115782e-01,  6.89739687e-03,  2.77083460e-02, -1.64806526e-02,
        3.10541485e-02,  9.69281234e-03,  1.73681110e-01, -5.73432706e-02,
       -1.12344176e-01, -1.02626473e-01, -5.32815121e-02, -3.46499793e-02],
      dtype=float32), np.int64(41316): array([-0.2886611 ,  0.21120495, -0.35906723,  0.17481908, -0.01487764,
        0.10129004, -0.07364793,  0.20754485,  0.12600538, -0.21432929,
        0.08208729,  0.09814741,  0.08489312, -0.00359113, -0.03321239,
       -0.07757766,  0.14057536, -0.0202473 ,  0.09772339, -0.03218795,
       -0.01838513, -0.04654696,  0.35321316, -0.05407238,  0.04452762,
        0.08742673,  0.00988012,  0.03196977,  0.01293459,  0.03375828,
       -0.02447348, -0.03631456, -0.09832497,  0.05864019,  0.06887849,
        0.13327622, -0.08168523, -0.05097668, -0.00760742,  0.12118546,
       -0.05433933,  0.06668232,  0.01875671,  0.04068107,  0.02005915,
        0.11277038,  0.23121713,  0.0497079 , -0.1184732 , -0.01231924,
        0.18758968, -0.07503376,  0.12721798,  0.0610453 , -0.02168021,
        0.03173748, -0.00322091, -0.05745951,  0.21431088,  0.07757012,
       -0.21384655,  0.14394741,  0.20157571,  0.09659038], dtype=float32), np.int64(47935): array([-0.31042868,  0.38533643, -0.07484748,  0.46922415,  0.02252958,
        0.14492787, -0.01104505,  0.09453425,  0.07924329, -0.19096676,
        0.21768983, -0.08269603,  0.11961765, -0.27332643, -0.00938135,
       -0.16931632, -0.13757   ,  0.06306066,  0.1849893 ,  0.02910421,
        0.01926149,  0.00660891,  0.04874961,  0.09398609, -0.01008906,
       -0.1915878 ,  0.11396179,  0.06401926, -0.06275279,  0.08753667,
        0.02185016, -0.00689975, -0.02382325,  0.01557807, -0.02664579,
       -0.06469985,  0.03036058, -0.02917715, -0.03382854, -0.04124051,
        0.13483849, -0.17506547, -0.02223866, -0.06441657,  0.05741287,
        0.04021046,  0.03986341, -0.10066988,  0.15693234,  0.05974548,
       -0.0608204 ,  0.06438114,  0.08004773,  0.03811768,  0.08815365,
       -0.04031901,  0.01132831,  0.07403983,  0.0291531 , -0.00168268,
        0.03606791,  0.05535758,  0.05680621, -0.02562432], dtype=float32), np.int64(55701): array([-0.31422272, -0.19990927,  0.15249225,  0.01948382, -0.02907507,
       -0.04552535, -0.06708822, -0.04483096,  0.1559785 , -0.07850549,
       -0.09545185,  0.16250798,  0.01507817, -0.0382081 ,  0.07593879,
       -0.13200982,  0.130862  ,  0.00086096, -0.00035996,  0.06400771,
        0.02605005,  0.03068227,  0.12786345,  0.12803344,  0.34138498,
        0.10551106,  0.22227761, -0.12604856,  0.00168264, -0.01498828,
        0.02040011,  0.16691102,  0.19907922, -0.23087388, -0.19646256,
       -0.0508077 , -0.02377706,  0.31959018,  0.17783366,  0.14078519,
       -0.13781372, -0.03465858,  0.05092585, -0.01633477,  0.13272946,
        0.05131732,  0.03205896,  0.05508947, -0.06671839, -0.07438968,
       -0.09261132,  0.16326705,  0.19571051, -0.09116776, -0.1049313 ,
        0.06908464, -0.01430882,  0.07745659,  0.04960001, -0.05709013,
       -0.01636816, -0.03147959,  0.05980172, -0.01678755], dtype=float32), np.int64(4331): array([-0.36164033, -0.04799632,  0.17204994, -0.03072177, -0.10416206,
       -0.22867897, -0.00735906,  0.01175252, -0.00593819,  0.03718148,
        0.06551825,  0.13625054, -0.07092724, -0.06595714, -0.08018938,
        0.09708142,  0.25196975,  0.09435828,  0.04785889,  0.07568949,
        0.05000519,  0.01404807,  0.32746032,  0.08162878,  0.1842242 ,
        0.06278715,  0.00720129,  0.26182967,  0.12226962,  0.05914233,
        0.15801796,  0.14323156,  0.01939989,  0.11364748,  0.06372494,
        0.09399527,  0.00910604, -0.17518775, -0.01934131, -0.04531024,
        0.08249418,  0.16173379, -0.17322873, -0.02614596,  0.03396318,
        0.0443554 , -0.09146108, -0.0124832 ,  0.0050663 , -0.19731414,
       -0.21096452, -0.16982469,  0.10071445, -0.19107713, -0.13326271,
       -0.01884853,  0.04449767,  0.05675899, -0.09070183, -0.06228976,
        0.09930823, -0.02961078,  0.04373495, -0.11991203], dtype=float32), np.int64(4332): array([-0.34051752, -0.26451698,  0.17385897,  0.03965229,  0.00246986,
        0.01012639, -0.10499302,  0.02954909, -0.09933262,  0.08167651,
        0.1265277 ,  0.05255986, -0.04891576, -0.03482996, -0.2818138 ,
        0.07869192, -0.15525909,  0.09974302, -0.06482901, -0.2506661 ,
       -0.1492798 ,  0.01967373,  0.17988792,  0.05075908,  0.0405749 ,
        0.03839919, -0.02068502,  0.09155381,  0.10522771, -0.09309435,
       -0.0099779 , -0.10221303, -0.01972123, -0.267873  , -0.16339178,
       -0.10844573,  0.130353  , -0.06272808,  0.07715227, -0.02081225,
       -0.086166  , -0.04978054, -0.00958011, -0.02133143,  0.08921503,
        0.20046724,  0.00471245,  0.02595264,  0.1042752 ,  0.00040692,
        0.06726468, -0.25133994, -0.2022364 ,  0.17245974,  0.08434052,
        0.01643219, -0.05327909,  0.20589648, -0.07725265,  0.05930739,
       -0.05868231,  0.14866719, -0.09427454, -0.04335513], dtype=float32), np.int64(24437): array([-1.95739254e-01, -1.40458167e-01,  9.49467719e-02,  2.37835068e-02,
        2.14647353e-01,  1.18592707e-02, -2.98273355e-01, -2.38080710e-01,
       -1.16901778e-01,  2.43260473e-01,  3.15249413e-01,  1.19863495e-01,
        4.55348985e-03, -7.16018900e-02,  3.13877652e-04,  3.82682085e-02,
        3.39704230e-02,  3.14175002e-02,  6.28657863e-02,  1.84102338e-02,
        9.48209036e-03, -3.20951268e-02,  3.22122350e-02,  9.74351642e-05,
       -1.90540291e-02,  2.78179757e-02, -5.03376499e-02, -5.36481142e-02,
       -1.43848643e-01,  3.68150622e-02, -7.67881982e-04,  7.78953284e-02,
       -4.67420788e-03,  6.36854619e-02,  2.47870795e-02,  6.67977780e-02,
       -6.06893934e-02, -2.19235905e-02,  6.66699335e-02,  8.71697254e-03,
       -2.90559828e-01, -2.81005859e-01, -1.06856868e-01,  4.23513770e-01,
       -2.01864615e-01,  2.35127106e-01, -4.49847244e-02, -1.22056361e-02,
        5.01962611e-03, -7.83714373e-03,  3.86668853e-02, -1.63765494e-02,
       -4.30675671e-02, -1.25792599e-03, -5.66709563e-02, -4.37016832e-03,
        7.84438699e-02, -4.29295972e-02, -1.46274287e-02,  3.89254577e-02,
       -9.70201045e-02, -4.37850915e-02,  6.23413697e-02,  4.42668535e-02],
      dtype=float32), np.int64(46045): array([-4.73993905e-02,  1.01120755e-01,  2.71984059e-02,  1.07081167e-01,
        1.96875092e-02,  1.25734853e-02, -8.16521235e-03,  6.92293001e-03,
       -3.57427425e-03, -1.24897407e-02,  3.52277122e-02, -6.24016393e-03,
        3.55535597e-02, -1.15062995e-02,  4.12433920e-03, -2.94603892e-02,
       -4.77408282e-02, -6.00785250e-03,  2.51328107e-02, -7.19682127e-02,
       -9.90549475e-03,  1.86644569e-02, -3.03770807e-02, -5.07468656e-02,
        5.97098435e-04,  5.09566031e-02, -6.12870157e-02,  6.41199276e-02,
       -1.33507863e-01, -5.17253429e-02, -3.37283872e-02,  9.56762023e-03,
       -3.21142823e-02,  9.16758254e-02,  8.65141004e-02, -7.58659467e-02,
        1.10178096e-02, -6.19759373e-02,  1.21372372e-01, -1.07301353e-02,
        2.39625871e-02,  1.15031265e-02, -5.99890724e-02,  1.17480196e-02,
       -3.79629806e-02,  4.25793044e-03,  2.07908735e-01, -7.02524558e-02,
       -6.58707693e-02,  3.57611279e-04, -6.07923931e-03, -2.17888460e-01,
        1.13778397e-01,  2.21883193e-01,  3.30554731e-02, -2.08849430e-01,
        1.21868484e-01, -1.27385382e-03, -2.16772512e-01, -1.41459610e-02,
        3.50418270e-01, -1.03729635e-01,  6.87146842e-01,  6.79034889e-02],
      dtype=float32), np.int64(56176): array([-0.32540298, -0.16903111,  0.19114782, -0.01557137, -0.10620213,
       -0.16159812, -0.07384796,  0.05257357, -0.04868001,  0.01103958,
        0.01350878,  0.07703848, -0.02070024,  0.06466857, -0.08609953,
        0.01992598,  0.09884547, -0.04180787, -0.00872808, -0.02332412,
       -0.07261881, -0.10643497,  0.01772984,  0.4017263 ,  0.14049044,
        0.01183962,  0.11660798,  0.06095526,  0.09683172,  0.12861995,
       -0.10215424,  0.12949961, -0.10995419,  0.06365568,  0.04048863,
        0.08269466, -0.11600856,  0.09284325, -0.01064004, -0.08920716,
        0.22981735,  0.05142362, -0.08034566,  0.02209477, -0.02565474,
        0.08006756,  0.09801701, -0.23395461,  0.21008869,  0.11764173,
       -0.18759748, -0.2439825 , -0.02535238,  0.26568907,  0.073612  ,
        0.09908706,  0.096328  ,  0.16034108, -0.0526996 , -0.10503994,
       -0.00808499, -0.04532009,  0.04052112,  0.03248614], dtype=float32), np.int64(67799): array([-0.28374457,  0.28141478,  0.05819896, -0.44217372,  0.02151557,
        0.39514825,  0.02544878,  0.16289747,  0.0905724 , -0.10544626,
        0.02629715, -0.04227921, -0.15189852,  0.00496104,  0.00713947,
       -0.04810549,  0.08781885,  0.20782577, -0.09153695,  0.03819369,
        0.0699769 ,  0.04355937,  0.21366145,  0.08442282,  0.0605192 ,
        0.18142664, -0.16059099, -0.11148402, -0.0169667 ,  0.01448223,
        0.12259844,  0.00478673, -0.15989925,  0.03789955,  0.14122419,
       -0.03875254, -0.09801626, -0.01213871, -0.04261687,  0.01983996,
       -0.13868327,  0.06808366,  0.01908369, -0.08753715, -0.08703503,
       -0.16950433, -0.02078059, -0.00215342,  0.09186102, -0.0173907 ,
        0.00859239,  0.0933173 , -0.06509413, -0.09218596, -0.04002294,
        0.05564643, -0.08691893,  0.03944166,  0.04724628, -0.0164877 ,
        0.0047553 ,  0.14228342, -0.06122978, -0.00595795], dtype=float32), np.int64(79904): array([-1.76188663e-01,  2.27149844e-01,  1.19232848e-01, -6.26255572e-01,
        2.29689196e-01,  5.35975337e-01, -1.04032986e-01,  5.41014075e-02,
        4.16694246e-02, -7.13321492e-02, -4.91045192e-02, -1.00959457e-01,
       -2.63991542e-02,  1.46315396e-01,  1.40046403e-02, -2.99213305e-02,
        1.31337456e-02,  4.62563848e-03, -4.00120765e-02,  1.74486861e-02,
        8.24533869e-03, -5.04243150e-02,  1.12757506e-02,  4.35743928e-02,
        9.18794498e-02,  4.98335585e-02, -7.31384307e-02, -4.23107706e-02,
        1.19213961e-01,  5.69371618e-02,  1.20465137e-01, -8.66158213e-03,
       -9.01533365e-02,  2.87565365e-02,  3.14476565e-02, -2.20304746e-02,
       -2.66276225e-02,  3.89732644e-02, -9.23891440e-02, -1.15422988e-02,
       -8.42454880e-02,  1.36424676e-02,  3.12757492e-02, -1.13654993e-02,
        1.03129787e-04, -5.84838912e-02, -1.01561202e-02,  5.12457313e-03,
        6.34093722e-03, -3.13592469e-03,  1.08210579e-03,  4.82198372e-02,
       -4.58004661e-02, -2.49596294e-02,  1.54805351e-02,  2.46598162e-02,
        1.03763426e-02, -3.44628729e-02,  5.13408482e-02,  3.37363854e-02,
       -5.89544699e-02, -8.34345818e-02, -2.80537717e-02,  4.69125584e-02],
      dtype=float32), np.int64(102970): array([-0.33697876, -0.085021  ,  0.23757175, -0.05452358, -0.17812473,
       -0.2820793 , -0.06197127,  0.01204982,  0.03469032, -0.05851477,
       -0.11374489,  0.06282271, -0.01664498,  0.02074888,  0.17952491,
        0.23595047, -0.02762203, -0.03237798, -0.04332912,  0.05693076,
        0.00680176, -0.01928675, -0.05974006, -0.06798672,  0.13840756,
        0.07857271,  0.08089067,  0.02490188,  0.00043933,  0.07780752,
       -0.24236543, -0.04657656, -0.1018137 , -0.04858172,  0.126406  ,
        0.05502971, -0.17622565,  0.21417707,  0.07246535, -0.07204616,
       -0.11898094,  0.16011308,  0.14674057,  0.0545975 ,  0.17079934,
        0.02161601,  0.08913374, -0.0749258 ,  0.02965356,  0.06691223,
       -0.02303208,  0.33747715, -0.01084637, -0.02189249,  0.1222944 ,
       -0.21163091, -0.04277339, -0.04388718, -0.09460188, -0.16070439,
        0.14502913,  0.04821022,  0.06606533,  0.08014662], dtype=float32), np.int64(38915): array([-0.22171639,  0.0464511 ,  0.01370227,  0.06458352, -0.0856993 ,
        0.04595648,  0.09931059,  0.17260596,  0.02040236, -0.08697938,
        0.05978344, -0.11518581, -0.07768679,  0.1851294 ,  0.05357162,
        0.07178933,  0.19705151, -0.08233539,  0.19616435, -0.11614262,
        0.06005072,  0.19010773, -0.00121532, -0.2043715 , -0.02706212,
        0.25458035,  0.00555136, -0.01648614, -0.18784943, -0.07750709,
        0.17054504,  0.3432456 ,  0.08335134,  0.01146063,  0.00222136,
        0.10175912, -0.11338425, -0.06741083,  0.12244122,  0.0160963 ,
        0.05305593, -0.13701352,  0.11825711, -0.0302155 ,  0.17517062,
       -0.06810623, -0.0767591 ,  0.1325184 ,  0.05390456,  0.26740804,
       -0.05541779,  0.00558624, -0.03692239,  0.23397695, -0.1015351 ,
        0.08729904, -0.07953982,  0.02121294, -0.06670239,  0.06367669,
       -0.09202436,  0.24842429, -0.05380465, -0.06046499], dtype=float32), np.int64(52010): array([-0.27223167, -0.11437099,  0.17804751, -0.02617014, -0.10329477,
       -0.20030646, -0.23363727, -0.0352732 ,  0.05008206, -0.11958903,
       -0.08061919, -0.05708787, -0.05090651,  0.00277109, -0.15072943,
       -0.09835275,  0.12821399, -0.11482891, -0.037285  ,  0.16424415,
        0.08931511, -0.07452869, -0.09519739, -0.03358487, -0.10367104,
        0.01021384, -0.10852668,  0.07298798,  0.17723395,  0.12987685,
       -0.11726151,  0.14005476,  0.03509252,  0.08643581, -0.03155551,
        0.01570502, -0.01629683, -0.03034195,  0.04813065, -0.07947945,
        0.04201111,  0.04511633,  0.05301756,  0.03951856, -0.02397298,
       -0.0787186 , -0.08807605, -0.11622016, -0.0472895 , -0.08849204,
       -0.06085071, -0.35116646,  0.14599885, -0.06706166,  0.11763918,
       -0.22531196, -0.18537274, -0.11043838, -0.0947848 , -0.41176814,
       -0.0103844 ,  0.01113469,  0.05351464, -0.09619336], dtype=float32), np.int64(22346): array([-0.10169916,  0.18220484,  0.0735471 , -0.46947035,  0.08270622,
        0.44078302, -0.05290054,  0.05758088,  0.02715493, -0.05140004,
       -0.03901766, -0.04861014, -0.01809155,  0.13079977, -0.019279  ,
       -0.0203901 ,  0.03049136, -0.01698984, -0.099049  ,  0.01859718,
       -0.01020894, -0.08038075,  0.11227055, -0.00241573,  0.00090865,
       -0.05971244,  0.09155548,  0.15405126, -0.01022587,  0.05564367,
        0.02808357, -0.03785849, -0.0502193 ,  0.03980181,  0.09439667,
       -0.04615799, -0.09875721,  0.03613833,  0.1291272 ,  0.00208688,
       -0.02159619, -0.01912938,  0.02291342, -0.05564965,  0.04386735,
       -0.09232805,  0.02063347,  0.075419  ,  0.05845143, -0.01022487,
       -0.04658989, -0.00222625, -0.08426361, -0.08352931,  0.2939251 ,
        0.1815902 , -0.17801711,  0.1716622 ,  0.19260502, -0.0262859 ,
        0.18088636, -0.2703061 ,  0.00680627, -0.13579789], dtype=float32), np.int64(22351): array([-3.27040017e-01,  2.22655565e-01, -2.23641515e-01,  3.72044742e-01,
       -4.72265482e-03,  1.70343697e-01, -6.73000664e-02,  1.27990142e-01,
       -3.25974636e-02,  4.97902893e-02, -2.98385527e-02,  6.76404685e-02,
       -2.26158909e-02, -7.38746449e-02,  5.62699325e-02, -1.30725726e-01,
        1.10711260e-02,  1.15986899e-01,  1.10999070e-01,  1.18349437e-02,
        2.56130006e-02,  2.45417934e-02,  2.68222362e-01,  6.39586821e-02,
        6.37883320e-03, -1.00187913e-01,  1.05958745e-01,  4.44486178e-02,
        6.23348430e-02, -5.64232580e-02, -1.07379183e-02,  3.09250026e-04,
       -1.95338935e-01,  1.14234000e-01,  1.58720776e-01,  6.97894096e-02,
        1.54045364e-02,  5.87740727e-02,  1.73368119e-02,  1.46822169e-01,
        7.43791983e-02,  2.88069416e-02,  2.80755341e-01,  1.78676888e-01,
       -8.10747296e-02,  1.00717135e-01,  1.80544984e-02,  2.25841045e-01,
       -2.35986724e-01,  4.95061912e-02, -8.87094662e-02,  5.54616749e-02,
        4.54058545e-03,  4.67955880e-02,  2.47140676e-02,  4.77277264e-02,
       -8.88225734e-02,  5.48048317e-02,  9.58606005e-02,  1.08351551e-01,
       -7.27495849e-02,  1.42299965e-01,  4.48388569e-02, -1.02584593e-01],
      dtype=float32), np.int64(55491): array([-0.36831766, -0.19157872, -0.04290229, -0.01369171, -0.34521416,
       -0.04600536, -0.00787656, -0.02396076, -0.15443988, -0.264342  ,
       -0.07434626,  0.05975451, -0.16017444, -0.11087359,  0.17634207,
        0.13824452, -0.08325414, -0.28489047, -0.06980048,  0.02953599,
        0.02699597, -0.05914136,  0.03954238, -0.08613506,  0.01822777,
       -0.23870404, -0.10177037,  0.01677789,  0.10648172,  0.11532128,
       -0.06159509,  0.02195016, -0.13475767,  0.06996712,  0.00653453,
       -0.00824265, -0.03651201, -0.11081315, -0.01411257, -0.12885772,
       -0.03124058, -0.02282019,  0.05916814,  0.02727463, -0.29533696,
       -0.25768468,  0.07890462,  0.03084759,  0.06936386, -0.01577269,
        0.01685412, -0.07043168, -0.1463639 ,  0.08704889,  0.09359971,
       -0.06932346, -0.01067666,  0.05215542,  0.01912408, -0.01476269,
       -0.0765714 ,  0.11139101, -0.11518001, -0.02896076], dtype=float32), np.int64(57865): array([-0.12187802,  0.27759698, -0.01138169,  0.4902627 ,  0.06906208,
        0.21000563, -0.13349031,  0.16077961,  0.05236038, -0.1537908 ,
        0.1090375 , -0.02097903,  0.19091871,  0.23338962,  0.01130888,
        0.06413979, -0.02681396, -0.16849706, -0.03003163,  0.01053104,
       -0.01646513, -0.02346899, -0.02648114,  0.01745299,  0.02427014,
        0.05882619, -0.02201503,  0.05874291,  0.01914156,  0.209851  ,
       -0.00582161, -0.20865175,  0.17100318, -0.0666414 , -0.17019074,
        0.01661314, -0.2705639 , -0.09054427, -0.05585201, -0.16323276,
        0.03812171, -0.1176427 ,  0.04224339, -0.01172454,  0.00842594,
        0.10679355,  0.0807929 ,  0.01305507, -0.01601147,  0.03611223,
       -0.06722236,  0.03002979, -0.05180419, -0.04054344, -0.00635042,
        0.07882284,  0.06170817, -0.0366178 ,  0.07763843, -0.08522181,
       -0.14981295,  0.13490996,  0.0119715 ,  0.16429712], dtype=float32), np.int64(17371): array([-0.36310992, -0.21305265,  0.13997386, -0.03020168, -0.1524779 ,
       -0.1540889 , -0.1551345 ,  0.17867169, -0.08110648,  0.01334647,
        0.05034345,  0.06808285, -0.06839569,  0.01431128,  0.17748769,
        0.04594612, -0.2284229 , -0.03367822, -0.08829867, -0.16448975,
       -0.10218693,  0.00112652,  0.12104806,  0.07922092,  0.13368268,
       -0.00286094, -0.01313976,  0.14848234,  0.03059043, -0.07267791,
        0.23463915, -0.00353096, -0.01587823, -0.02661851, -0.32464817,
        0.01626883,  0.17531501, -0.05314499,  0.18250348, -0.06388556,
       -0.0960876 , -0.08337995,  0.13724953, -0.12821302, -0.19710924,
        0.01499708, -0.04091396, -0.01714527,  0.0641225 , -0.01900574,
        0.25464046,  0.02829574, -0.05944367, -0.0587197 ,  0.05577108,
       -0.03575089, -0.19415338, -0.10769596,  0.03888249,  0.15301505,
       -0.00257085, -0.00709938, -0.0046611 , -0.00827491], dtype=float32), np.int64(43002): array([-0.3504444 ,  0.19568315, -0.01699133, -0.5223914 ,  0.03646635,
        0.36907804, -0.05990731,  0.10399576, -0.00260198, -0.0577959 ,
        0.02500448, -0.05063732, -0.06166397, -0.01434098,  0.10462403,
        0.00720691, -0.04683835,  0.08965877, -0.13067602,  0.07613472,
        0.01542955, -0.0676607 ,  0.28922462,  0.08659407,  0.09991676,
        0.10738935, -0.16568987, -0.13004556,  0.14222151,  0.06904247,
        0.14081144,  0.00562059, -0.18649738,  0.05384505,  0.12030324,
        0.09558112, -0.085446  ,  0.03879696, -0.10980026,  0.01073828,
       -0.07624215, -0.1252165 ,  0.01728379, -0.01799626,  0.13178289,
        0.00077993, -0.09681499,  0.03300578, -0.00245385, -0.04179034,
       -0.01080461, -0.00652346,  0.05493973, -0.01298332, -0.00853281,
        0.00893511,  0.03579872,  0.01516276, -0.01893741, -0.02078117,
        0.05355409,  0.04446541, -0.00834174,  0.0879545 ], dtype=float32), np.int64(66356): array([-0.30717993, -0.28722668,  0.19591928,  0.04707234,  0.21339145,
        0.05082782,  0.07483386,  0.14666483,  0.12553695, -0.17188963,
       -0.27875903,  0.3034801 ,  0.07603823, -0.23241699, -0.02039491,
        0.18044381, -0.14220515,  0.00385504, -0.07739132, -0.00380164,
        0.00696216,  0.00754496, -0.07727882,  0.02962442, -0.07295196,
        0.04363537, -0.07919341,  0.02988045,  0.15830214,  0.23868926,
       -0.15939745,  0.32836118,  0.0435758 ,  0.10140793, -0.00339528,
       -0.14540355,  0.08891349, -0.21707648, -0.11942861,  0.03153019,
        0.06754055,  0.02809305, -0.05982738,  0.04200942,  0.00895711,
       -0.02213785, -0.06966239,  0.05187843, -0.06264439, -0.02817406,
        0.0245276 ,  0.00446091,  0.02457879,  0.00156387, -0.0293139 ,
        0.04377123, -0.00405902, -0.05418092,  0.03126601,  0.00974143,
       -0.01529903, -0.03330719,  0.00168996, -0.00727908], dtype=float32), np.int64(69442): array([-0.348816  , -0.00548897,  0.11538928, -0.051693  , -0.2671078 ,
       -0.28574255,  0.00410923,  0.05102678, -0.08450428,  0.09225214,
       -0.00307812,  0.12383561, -0.11253762,  0.11307435,  0.09850975,
        0.13487403, -0.05306121, -0.19700095, -0.05281548, -0.12571093,
       -0.05198648,  0.00243623,  0.10475852,  0.05276558,  0.12073755,
       -0.1309303 ,  0.03877782, -0.14773329, -0.129855  , -0.04965567,
        0.09267244,  0.11088938, -0.04017338,  0.04084423, -0.06242334,
       -0.00990211, -0.04620943, -0.08335898, -0.03243396, -0.09078056,
       -0.13577709, -0.2241462 ,  0.08829107, -0.21686149, -0.08057796,
       -0.09792219,  0.08501806,  0.13228214,  0.12262389, -0.03247368,
        0.10225857,  0.10926419, -0.1015261 , -0.1488007 ,  0.05788745,
       -0.14582813, -0.0302507 , -0.12915221, -0.04006141,  0.2844832 ,
        0.1134658 ,  0.12047114,  0.16282548,  0.10420696], dtype=float32), np.int64(73782): array([-1.49078414e-01,  2.03204947e-03,  3.51565145e-02,  1.19447894e-01,
       -1.42276287e-01,  1.16081700e-01, -1.89322799e-01,  1.99536219e-01,
        1.11351475e-01, -1.92605898e-01, -2.48448491e-01,  4.22309905e-01,
        1.96296096e-01, -3.44404578e-01, -4.29408014e-01,  8.84216931e-03,
       -4.08593006e-02, -1.02507524e-01, -6.88670650e-02, -4.68037352e-02,
        1.24769993e-02,  2.98173316e-02, -1.19699702e-01, -2.51116864e-02,
       -4.68044169e-02, -4.34360374e-03,  4.55929339e-02, -1.24674477e-02,
       -6.94300458e-02,  4.91157025e-02,  8.13752785e-02, -1.18721873e-01,
        5.66523261e-02, -7.07842857e-02, -6.10859059e-02, -1.03128813e-01,
       -5.08668125e-02,  3.21533196e-02, -7.62202889e-02, -1.17785960e-01,
       -1.14574000e-01,  1.08054206e-01, -3.75325908e-04, -7.46545047e-02,
       -7.91013911e-02, -2.72857193e-02, -8.37588012e-02,  1.89208537e-02,
       -8.94351583e-03, -1.06479675e-01, -3.26594040e-02,  6.09574132e-02,
       -1.02476124e-02,  1.03317246e-01,  6.67859688e-02,  9.27874818e-02,
       -3.77900414e-02,  3.37794190e-04, -8.72911140e-02,  1.18954927e-02,
        2.19585244e-02,  1.34442002e-02,  1.14641689e-01, -2.26518754e-02],
      dtype=float32), np.int64(7915): array([-0.22767663,  0.01259371,  0.04551664,  0.24689667,  0.05532733,
        0.09276649, -0.0786857 , -0.04439148, -0.10300273,  0.18953757,
       -0.38741466, -0.08433668, -0.22640797, -0.1050491 , -0.11173213,
        0.00627037,  0.04040544,  0.10929399,  0.04864282,  0.05354852,
       -0.06392752, -0.17046039, -0.03460893,  0.03810603, -0.03717181,
       -0.11596086,  0.09177519,  0.0702612 ,  0.13140874, -0.2928696 ,
        0.04043204,  0.06204863, -0.08372308,  0.0914296 , -0.00472436,
        0.03397761, -0.29778937, -0.19052383, -0.04945688,  0.21346642,
       -0.0015763 , -0.08080655,  0.21750285, -0.02689058, -0.03725312,
        0.13037817,  0.02225582, -0.15188563,  0.04344824, -0.02576574,
       -0.05857136, -0.03047259, -0.05129304, -0.09388822, -0.10474321,
       -0.14340274, -0.16856001, -0.01442414,  0.00500204,  0.03878037,
        0.02807933, -0.00903862, -0.1613432 ,  0.04772212], dtype=float32), np.int64(7924): array([-2.8755951e-01,  1.2672701e-01,  1.3148500e-01, -5.6677663e-01,
        1.5446672e-01,  5.7016581e-01, -7.5646982e-02,  1.3065517e-03,
        1.3202643e-02,  2.8877782e-02,  9.2689032e-03,  8.0025211e-02,
       -3.4181993e-02,  9.9264033e-02, -5.3534046e-02,  1.2942791e-02,
        1.8512504e-02, -5.0856359e-02, -3.5810228e-02,  1.7444247e-03,
        5.8585014e-03, -3.0922083e-02, -3.7610274e-02,  2.7417937e-02,
       -5.0039187e-02,  1.3882589e-01, -8.8247592e-03, -8.7603740e-03,
        1.2316666e-01,  4.4463940e-02,  8.9904875e-02,  2.6830694e-02,
       -6.2483773e-02, -5.4646563e-02,  8.1440285e-02,  5.6017074e-04,
       -4.9361242e-03,  2.8155411e-02, -7.4738570e-02,  9.9191507e-03,
       -1.1276936e-01, -2.6504038e-02,  5.5706497e-02, -2.7042808e-02,
       -1.0225905e-02, -4.7835298e-02, -3.7879314e-02, -5.9393093e-02,
       -2.0199760e-03,  2.1916924e-02, -7.6632015e-02,  4.3308144e-03,
       -9.7497873e-02, -1.1237721e-02, -1.3864680e-01, -1.3995390e-01,
        7.2087586e-02, -7.6264322e-02, -3.9514348e-02, -3.1159079e-02,
       -2.6938712e-02, -1.2616335e-01,  2.8906787e-02,  2.7777147e-02],
      dtype=float32), np.int64(16276): array([-0.20217319,  0.14266832, -0.1316209 ,  0.23418303, -0.05430136,
        0.09118828, -0.12074854,  0.25344476,  0.16917796, -0.1289077 ,
        0.03969099,  0.06397022,  0.16870378, -0.0864934 , -0.06867161,
       -0.13595314,  0.24517764,  0.11630028, -0.12465689,  0.116851  ,
       -0.2295863 , -0.04352795,  0.2257316 , -0.02128808,  0.10272501,
       -0.00775666, -0.00662051,  0.03993925,  0.14651287,  0.05991569,
       -0.00185333, -0.04025491, -0.08607594, -0.17944832, -0.00141218,
        0.16337933,  0.04168792,  0.00787456, -0.02189056,  0.2122424 ,
        0.07152843,  0.08099126, -0.0919831 ,  0.01054307, -0.04915093,
        0.02068295, -0.11826091, -0.0075792 ,  0.11332361,  0.03375484,
        0.26245844, -0.0149875 , -0.14309554,  0.02353783, -0.1983258 ,
        0.13041872,  0.06614766, -0.09102204,  0.14003015, -0.03611588,
       -0.13457347,  0.00740077,  0.16115043, -0.17253558], dtype=float32), np.int64(35474): array([-0.3027787 ,  0.15655091,  0.12591136, -0.56324035,  0.02224094,
        0.45123747, -0.10343799,  0.0839575 , -0.00942026, -0.16721152,
       -0.07118557, -0.07048181, -0.04587457,  0.06476881,  0.13029408,
        0.00264142, -0.04681065,  0.12110072, -0.10276822,  0.07278608,
        0.0148342 , -0.06111605,  0.20393719,  0.09226098,  0.11242309,
        0.07830637, -0.11806858, -0.04723193,  0.21430127,  0.0366557 ,
        0.11297046, -0.11664986, -0.10132956,  0.03279311,  0.07129585,
       -0.02510753, -0.06727864,  0.03756353, -0.02816929,  0.01380774,
       -0.03743212, -0.02948801,  0.03335347, -0.06215701, -0.07390249,
       -0.07613258, -0.0826482 , -0.05852484,  0.01542464,  0.01950264,
       -0.04066582,  0.02792673,  0.02042459, -0.02059035, -0.07091923,
       -0.06192073,  0.00296908,  0.00548781, -0.03629352,  0.00847095,
       -0.03214217,  0.03529529,  0.05330959, -0.01007779], dtype=float32), np.int64(44698): array([-0.05571299,  0.03825222, -0.14822413, -0.01683639,  0.0167957 ,
       -0.0200235 ,  0.03019981,  0.01951693,  0.03235166, -0.03913169,
        0.07016067,  0.07882787, -0.22518848, -0.04261091,  0.01018832,
       -0.03260331, -0.06901222, -0.07655177, -0.02210253, -0.00624616,
        0.03390687,  0.07780517,  0.0430629 ,  0.02263892, -0.32719192,
        0.5644629 ,  0.2738969 ,  0.09392175,  0.03134985,  0.0495673 ,
        0.12276204,  0.09647847, -0.11669282, -0.18706912,  0.19817828,
        0.21888547, -0.08004258,  0.08143493, -0.05562735,  0.02739686,
       -0.04419391, -0.22599253,  0.03234377,  0.14363252,  0.01343024,
        0.12953947,  0.1235644 ,  0.11580487, -0.0119256 ,  0.0524225 ,
        0.0347008 ,  0.0148614 ,  0.06160839,  0.04023156,  0.03009197,
        0.02543271,  0.10842396, -0.00680932, -0.0527474 , -0.08041939,
       -0.15735555,  0.02291809,  0.12158371, -0.01784934], dtype=float32), np.int64(50204): array([-0.31279284,  0.15886681,  0.1205719 , -0.54302806,  0.06287562,
        0.49387082, -0.09166836,  0.12651232,  0.01242397, -0.05640979,
        0.04226874, -0.04251005, -0.11208503,  0.00107574,  0.02458602,
       -0.0605806 ,  0.01575633,  0.09138247, -0.04852579,  0.0639211 ,
        0.03544459, -0.02790437,  0.2284629 ,  0.10719464,  0.05206492,
        0.20360374, -0.07096235, -0.02120715,  0.2170045 ,  0.09208512,
        0.08116333, -0.01873306, -0.08199879,  0.03402762,  0.11819701,
       -0.02504209, -0.05171777,  0.00238097, -0.02876079,  0.05675926,
       -0.03914681, -0.00741303,  0.01590896, -0.04268415,  0.07079506,
        0.04322557,  0.00486656,  0.0813347 , -0.04035683, -0.02099651,
        0.05835978,  0.00504819,  0.02494157,  0.01192145,  0.03707027,
        0.0576328 ,  0.07066933, -0.08381116,  0.07975917, -0.03234389,
       -0.02079755, -0.01497967,  0.01337523,  0.0305336 ], dtype=float32), np.int64(68881): array([-0.33084977, -0.13655207, -0.00097537,  0.18766294,  0.08663636,
        0.14670743, -0.11615624,  0.00481849, -0.15943122,  0.35518733,
       -0.2022987 , -0.10493755, -0.06638525, -0.09356016, -0.2194645 ,
        0.10028284,  0.02141974,  0.11433251, -0.09319202, -0.0947671 ,
        0.14389236, -0.1923605 , -0.08998497, -0.11314242,  0.10572865,
        0.11928757, -0.06204818,  0.04227177, -0.18551815,  0.19890916,
       -0.00612587, -0.13052914, -0.0940886 , -0.06612379,  0.03449673,
       -0.12709609,  0.22660066,  0.06211095,  0.05221165, -0.06079667,
        0.1079051 , -0.03580087, -0.0103529 ,  0.01758785, -0.04859992,
        0.07438199, -0.09064539,  0.01273244, -0.09066747, -0.14977895,
        0.05451201, -0.08476037,  0.0523323 ,  0.12112802,  0.02871154,
        0.12408354, -0.05788194,  0.10025701, -0.01352145, -0.06724901,
        0.0774707 , -0.00469393,  0.2576723 , -0.02346626], dtype=float32), np.int64(84572): array([-1.93359375e-01, -2.20569372e-02, -2.68241353e-02,  6.88978881e-02,
        1.78146884e-01, -4.21282053e-02, -1.78094760e-01,  1.27262697e-01,
       -1.38869166e-01,  2.37423822e-01, -1.89585000e-01,  2.38583490e-01,
       -1.04708821e-01, -1.35408744e-01, -1.67266488e-01,  1.18095838e-02,
        1.69921935e-01,  2.03427210e-01, -5.55454716e-02,  3.51127051e-02,
       -6.70535639e-02, -1.71446577e-01,  8.80420730e-02, -4.24037725e-02,
        4.56818612e-03, -6.15687333e-02,  1.12384465e-02,  4.09037508e-02,
       -5.79906516e-02,  2.56281704e-01,  9.81898904e-02, -1.14635587e-01,
       -1.14018813e-01, -3.23133804e-02,  9.42079946e-02,  9.05064270e-02,
        2.65111383e-02,  8.05396289e-02, -4.57134098e-02, -8.98592472e-02,
        2.13722497e-01,  2.80280947e-04,  3.00153866e-02, -1.18668675e-01,
       -4.24210966e-01,  5.55631630e-02,  7.98662528e-02,  8.29566345e-02,
       -4.69617359e-02,  2.29024470e-01, -7.30862319e-02, -2.50628646e-02,
       -2.32251547e-02, -6.16566800e-02, -3.06973122e-02,  9.56090987e-02,
       -2.98237596e-02, -1.73942372e-01, -4.41887341e-02,  5.84916957e-02,
       -7.61178732e-02, -5.91496900e-02, -6.45345151e-02, -5.82332313e-02],
      dtype=float32), np.int64(100131): array([-0.31187925, -0.19053747, -0.04803921,  0.10437956,  0.14597523,
        0.05812002,  0.0739153 ,  0.05637412, -0.21888213, -0.2518621 ,
       -0.26117063, -0.03013802, -0.12175208, -0.1530335 , -0.27827555,
        0.17423701,  0.10499984,  0.27305776, -0.07505795,  0.02678351,
       -0.06102367, -0.21479283, -0.12970373, -0.11896472, -0.02976498,
       -0.0358996 , -0.0273069 , -0.03753553, -0.12199337,  0.065936  ,
        0.08433554,  0.01151763, -0.07992738,  0.01388156,  0.0868254 ,
       -0.0916531 ,  0.18325582,  0.16727702, -0.05974788, -0.20065235,
       -0.14063038,  0.12782966,  0.04231627, -0.05165249, -0.00135772,
        0.07181536, -0.02120066,  0.11959785,  0.05521626, -0.00818975,
       -0.02492817, -0.09583836,  0.09915049, -0.01626314, -0.0178952 ,
       -0.11875219,  0.03966799,  0.05662135,  0.06556172,  0.07004464,
       -0.0597582 ,  0.10928433, -0.18549906, -0.00814616], dtype=float32), np.int64(104169): array([-3.83891284e-01,  4.06499580e-02,  1.19469687e-01, -9.40612331e-02,
       -2.80954093e-01, -3.44835550e-01,  2.13584397e-02,  6.49184808e-02,
        5.98872965e-03,  1.16194598e-01,  2.54926849e-02,  6.96516186e-02,
        6.17498159e-02,  1.28553048e-01,  7.59697109e-02,  1.00288332e-01,
       -2.99894549e-02,  1.21931151e-01,  8.88819844e-02, -2.08674341e-01,
        1.13165706e-01,  7.30784163e-02,  2.06931248e-01, -1.91062242e-01,
       -5.03809899e-02,  4.09460925e-02, -1.06107794e-01, -9.32069421e-02,
       -1.23599716e-01, -9.36281234e-02,  1.66754611e-02,  1.41213715e-01,
        1.68951869e-01,  2.61774529e-02, -2.52508670e-02, -2.45972624e-04,
       -6.22331537e-02, -4.49368283e-02,  6.43168464e-02, -1.51359782e-01,
       -7.63268322e-02, -5.94709776e-02,  1.56224132e-01, -1.67426646e-01,
        1.38280541e-01,  8.63477141e-02, -2.06740224e-03, -1.00646183e-01,
        1.42749762e-02,  2.89677791e-02, -1.86337885e-02,  1.31224692e-01,
        3.83969513e-03,  6.04516193e-02, -6.07694834e-02,  4.29646894e-02,
        1.65221870e-01, -3.32683511e-02, -8.45688358e-02,  1.17308773e-01,
        2.29991958e-01,  3.87928896e-02,  3.82762812e-02,  2.06646174e-01],
      dtype=float32), np.int64(7551): array([-0.33697647, -0.1584302 ,  0.17375962,  0.00216672, -0.10308281,
       -0.1512822 , -0.03495937, -0.01855144,  0.10500453, -0.10749307,
       -0.08693685,  0.01653861, -0.08931594, -0.04435886, -0.10473702,
        0.03406204,  0.28195515, -0.00781547,  0.02811056,  0.18452804,
        0.03185774, -0.08796661,  0.16480394,  0.3178153 ,  0.17293893,
        0.0146991 ,  0.16337094,  0.10984331,  0.24385127,  0.08920945,
       -0.02838055, -0.0245103 , -0.1014636 , -0.08337384,  0.05182537,
        0.1222222 ,  0.09922068, -0.2838063 , -0.04479261, -0.07535576,
        0.20454906,  0.0886495 , -0.14837207,  0.04641544, -0.00909512,
        0.05246167, -0.14043546, -0.06888793, -0.03987886, -0.18279484,
       -0.07643429,  0.01669317,  0.08978437, -0.00321187, -0.00860862,
        0.03405535, -0.11089395, -0.15789072, -0.05496319,  0.13520646,
        0.05515361,  0.03973506, -0.00152788, -0.08280776], dtype=float32), np.int64(17818): array([-0.06705204,  0.12080625, -0.02006481,  0.23708971,  0.02383671,
        0.0935569 , -0.08062952,  0.06836256, -0.0208298 ,  0.01101563,
       -0.07928853,  0.00956727,  0.00663618,  0.17619246,  0.01824807,
        0.08481322,  0.07427036, -0.05196226, -0.00949511, -0.01025323,
        0.00957006,  0.03049645,  0.11256395, -0.05292221, -0.00546979,
       -0.00766132, -0.03771862, -0.06190262, -0.17608859, -0.06423529,
        0.06495398,  0.21833183, -0.11598559,  0.00107631,  0.13700351,
       -0.10028818,  0.32262123,  0.14769295, -0.10189478, -0.14779852,
       -0.0708556 , -0.02155021, -0.09994251, -0.03191137,  0.10585913,
       -0.0051813 , -0.06961031,  0.04936902,  0.31567076,  0.0651887 ,
       -0.07082781, -0.03109064,  0.1856475 , -0.15490676, -0.08740056,
       -0.08190459, -0.06967824,  0.18753992,  0.37233222,  0.05131125,
        0.27506223,  0.16347459,  0.19374327,  0.0408756 ], dtype=float32), np.int64(27483): array([-0.34212056, -0.12999275, -0.19177619, -0.01808687,  0.07155784,
        0.04128228, -0.00782793, -0.04184119,  0.338279  ,  0.10881615,
       -0.08436531,  0.06234141,  0.15859385, -0.17192216, -0.14976624,
        0.01911863,  0.12238768,  0.37571546,  0.16518769,  0.01270996,
       -0.05112911, -0.0321133 ,  0.30596524, -0.0015697 ,  0.09932512,
        0.01364425, -0.07602114, -0.00610344,  0.17969553,  0.0270227 ,
        0.02209296, -0.057555  , -0.13944338, -0.11861174, -0.06048789,
        0.24847138, -0.01183219,  0.07432359,  0.04647029, -0.0104199 ,
        0.19486272, -0.03932965, -0.08896794,  0.03811225, -0.04721025,
        0.0359915 , -0.08369174,  0.0700447 , -0.08662444, -0.0563897 ,
       -0.14815417, -0.09918756, -0.03990575, -0.08636276, -0.03115962,
       -0.0594894 , -0.00993241,  0.10927822, -0.06379406, -0.105721  ,
        0.06081273, -0.08013366, -0.07115066, -0.04822348], dtype=float32), np.int64(38537): array([-0.2655199 ,  0.25203437, -0.02442143,  0.39334872, -0.0217269 ,
        0.15042561, -0.00941399,  0.26695558,  0.12521406, -0.20165372,
        0.1298216 , -0.00618604,  0.04216937, -0.09421814, -0.07079665,
       -0.08611975,  0.08369403,  0.16923822,  0.18919325, -0.00499544,
       -0.03525666, -0.10723537,  0.2041614 , -0.02466534,  0.05784445,
       -0.06512002,  0.08451412,  0.1001607 ,  0.1412874 ,  0.06716666,
       -0.04526477, -0.08558761, -0.05055171,  0.08034479,  0.17976625,
        0.14062028,  0.03491179, -0.00745362,  0.08617131,  0.20162761,
        0.11745869, -0.131234  ,  0.13226669,  0.0617445 ,  0.08518699,
       -0.03332696,  0.04681286, -0.00731082, -0.00322813,  0.15907001,
        0.12978014, -0.04260617, -0.09141796,  0.08371335, -0.16414656,
        0.026528  ,  0.01287587, -0.09361356, -0.14203426,  0.06315845,
        0.06396689,  0.10206549, -0.14487568, -0.07623033], dtype=float32), np.int64(59090): array([-0.22680213,  0.31284955,  0.04634838,  0.5797747 ,  0.03194532,
        0.2826781 , -0.07938227,  0.09197643,  0.12074522, -0.20217864,
        0.17741187,  0.02604358,  0.21585535, -0.01949167, -0.0241825 ,
       -0.05345711, -0.1514035 , -0.11606683,  0.07108232,  0.01664479,
       -0.02784504, -0.08380188, -0.03051168,  0.05123119, -0.04621003,
       -0.04443165,  0.10530098,  0.1078099 , -0.04102125,  0.14519285,
        0.0711086 , -0.07550421,  0.08341955, -0.01481156, -0.04835155,
       -0.1326851 , -0.0149317 ,  0.09608754, -0.07551084, -0.18615688,
       -0.01322128, -0.05688543,  0.00214163, -0.03815936, -0.02293659,
        0.02880483,  0.08080231, -0.12019219,  0.10515144,  0.0333791 ,
       -0.00335427, -0.01866928,  0.00607654,  0.00728864, -0.06015162,
       -0.05486733,  0.0329444 ,  0.0202423 ,  0.08397264, -0.03224751,
        0.01273544,  0.00347381, -0.1646615 ,  0.07075752], dtype=float32), np.int64(69760): array([-0.22994815,  0.06687288, -0.00735345,  0.31583467, -0.06065064,
        0.22905205, -0.00643187, -0.01165397,  0.14080779, -0.01475003,
       -0.02576124,  0.1285088 ,  0.00144975, -0.14193071, -0.09465112,
       -0.05578351, -0.00984562,  0.18996812, -0.01482372,  0.01836894,
       -0.1006891 , -0.2597282 ,  0.00799249, -0.05013215, -0.00171009,
       -0.19756687,  0.18398578,  0.071527  , -0.00337994, -0.08822442,
        0.05476031,  0.1228056 , -0.1969603 ,  0.03287508,  0.17986108,
       -0.02432073, -0.01672949,  0.04519829, -0.02632578,  0.22721772,
        0.02728817,  0.13993193,  0.30587566, -0.02792892, -0.0893408 ,
        0.08990899, -0.1040782 ,  0.03837653, -0.15396595,  0.05950483,
       -0.11871941,  0.02971078, -0.26782992, -0.0364554 , -0.02172817,
        0.03980676, -0.08221067, -0.16445512, -0.03876156,  0.09925886,
       -0.17270015, -0.04779144,  0.17062175,  0.04555748], dtype=float32), np.int64(81545): array([-0.19318119,  0.07111855,  0.02348534,  0.2793782 ,  0.0988332 ,
        0.14119509, -0.06986181, -0.06212337, -0.06531295,  0.19190753,
       -0.33331606,  0.0008299 , -0.15894824, -0.174825  , -0.00885516,
       -0.10619231, -0.04158256,  0.14459124,  0.05086301,  0.00671534,
       -0.03989175, -0.13649932, -0.03716647, -0.02081525, -0.01952804,
       -0.13542502,  0.14101323,  0.03486712, -0.0008193 , -0.22670142,
        0.01608517,  0.19416593, -0.13867219,  0.07282732,  0.19931903,
       -0.09916651,  0.08872276,  0.04636789,  0.01136599,  0.20223312,
        0.12384443,  0.10246863,  0.30985415,  0.02030082, -0.13337986,
        0.1565265 , -0.14739183,  0.02881805, -0.11414874,  0.15283467,
       -0.16761392, -0.00305882, -0.1145565 , -0.11901417,  0.11883713,
       -0.01197772, -0.05235765, -0.08759952,  0.00201718,  0.07909907,
       -0.0748608 , -0.01092662,  0.03616874,  0.05209386], dtype=float32), np.int64(106079): array([-0.28448176, -0.18812847,  0.16617492,  0.02242046, -0.00367632,
       -0.02365421, -0.0752169 , -0.11135034,  0.14217238, -0.0353068 ,
       -0.11506896,  0.22356471,  0.02375167, -0.09000496,  0.10538508,
        0.19415541, -0.14069143,  0.04266342, -0.07141222, -0.01551325,
       -0.00282665,  0.0022714 , -0.00611233, -0.08882745,  0.03061527,
        0.05502609, -0.09938517,  0.13370588,  0.07585558,  0.11930917,
       -0.13302909,  0.17486377, -0.04667627,  0.03276747,  0.06290768,
       -0.01635885, -0.04038978, -0.20430067, -0.0141057 , -0.11459007,
       -0.11239163, -0.15697372, -0.00267641, -0.30703834, -0.27803937,
       -0.00712925,  0.07502904,  0.05457149,  0.17167646,  0.1309392 ,
       -0.12463775, -0.04268593, -0.14290811,  0.14082916, -0.00259678,
       -0.15140262, -0.15666397,  0.08280945, -0.20401686,  0.04708733,
        0.02475353,  0.21148615,  0.17246182,  0.0269754 ], dtype=float32), np.int64(8119): array([-0.37210414, -0.14417976, -0.01432261,  0.18252623,  0.06274408,
        0.1305558 , -0.08474812, -0.06667126, -0.20720702, -0.03290414,
        0.05584305,  0.2231527 ,  0.05343312, -0.17654738,  0.02853773,
       -0.14414018,  0.282862  ,  0.18373948, -0.08523887, -0.04329003,
       -0.07666947, -0.22429134, -0.14177121, -0.10086603,  0.01826607,
       -0.06433463, -0.01018617, -0.0630004 , -0.05450771, -0.10470784,
        0.00398288,  0.0958584 , -0.08355407,  0.03425487,  0.073943  ,
        0.00254511,  0.03597749, -0.05613836,  0.00993845,  0.03349019,
        0.14093679,  0.02587592,  0.2621992 , -0.04592333, -0.0387631 ,
        0.06504769,  0.08439445,  0.06298614, -0.15608658,  0.04772813,
       -0.17651068,  0.03492116, -0.0971389 , -0.02579357,  0.0089029 ,
        0.00256614, -0.09209161, -0.17143881,  0.00601807,  0.13019305,
       -0.05793703, -0.19142774,  0.22303773,  0.19925232], dtype=float32), np.int64(15143): array([-0.37114498, -0.10086965,  0.2523758 , -0.03792964, -0.15720762,
       -0.30597135, -0.03678762, -0.02405665,  0.0495546 , -0.07318164,
       -0.09667994, -0.00142475, -0.03660612,  0.09445487, -0.0208008 ,
        0.02579659, -0.0008613 , -0.03130263, -0.11575368, -0.0770868 ,
       -0.04717363, -0.01299488,  0.03305912, -0.09961314, -0.0588211 ,
       -0.07568485,  0.07568373,  0.06122391,  0.14245799,  0.16294318,
        0.16055939,  0.18106239,  0.18651192,  0.10762956,  0.14626442,
        0.17416579, -0.03046093, -0.0108077 ,  0.11624304, -0.17509066,
       -0.07268319, -0.06559145,  0.02696091, -0.08040585,  0.01405813,
        0.18907684,  0.05531202, -0.23178172,  0.03521064, -0.11883351,
       -0.00977957, -0.02186312,  0.11201055,  0.07682181, -0.14379373,
        0.13270973, -0.01212903,  0.19515352, -0.107558  ,  0.23018332,
        0.01234617,  0.04958491, -0.06795787,  0.21178141], dtype=float32), np.int64(24067): array([-0.2930258 ,  0.08622373, -0.17257707, -0.02626841, -0.11929654,
       -0.09312209,  0.0907983 , -0.03440838,  0.11240081, -0.04354549,
        0.02300837,  0.10423573, -0.00072067, -0.18964711,  0.04636623,
       -0.02641919,  0.12776013,  0.16422687,  0.13903508, -0.02909958,
        0.00717066,  0.01219202,  0.44540083, -0.05571051,  0.04904767,
       -0.09723104, -0.12222997, -0.01223048, -0.03985904,  0.12388288,
       -0.11662811,  0.23394264, -0.15829033,  0.14841467,  0.09934961,
        0.2619449 , -0.03937121, -0.05892554, -0.02136705, -0.02416432,
       -0.07113939, -0.09396727, -0.00051145, -0.03149498,  0.26085517,
        0.06789702, -0.00049007,  0.20819049, -0.05880409, -0.2139297 ,
       -0.01162816,  0.07768255,  0.11780651,  0.08933014, -0.03968876,
        0.08637878,  0.01389564,  0.01934042, -0.11838924, -0.00490632,
       -0.06002859,  0.12478038, -0.00933109, -0.1382617 ], dtype=float32), np.int64(51313): array([-0.17705987,  0.33314416, -0.01780342,  0.50625765,  0.0511152 ,
        0.18059199, -0.10602617,  0.20748283,  0.10576796, -0.2202599 ,
        0.23950249, -0.04175882,  0.17778404,  0.04348894,  0.07437558,
       -0.09867317,  0.0241997 , -0.0464875 ,  0.01036991,  0.00251352,
       -0.04902148, -0.14189677, -0.05632026, -0.00998002,  0.02887167,
       -0.02863335,  0.05042474,  0.04621834, -0.12786411,  0.12779997,
        0.01655909, -0.03319655,  0.06063216, -0.03605146, -0.03956359,
       -0.06187519, -0.04852935, -0.0474079 , -0.03425406, -0.08663183,
        0.1515256 , -0.15143943,  0.01798269, -0.06426785,  0.01014304,
       -0.00956148,  0.15184993, -0.1795993 ,  0.1403457 ,  0.04019361,
       -0.0084113 ,  0.04462823, -0.10635788, -0.08988336, -0.03545465,
       -0.02855785, -0.03358499, -0.09521421, -0.08579066, -0.13631381,
        0.01009905, -0.1430509 , -0.14484148,  0.15124549], dtype=float32), np.int64(71582): array([-3.8200712e-01, -2.6776806e-01,  1.7828256e-01,  2.8121760e-01,
        1.6159782e-01,  2.7059978e-01, -1.1028243e-01, -2.0491631e-01,
        2.3486170e-01, -9.6938618e-02, -9.9583484e-02,  2.6257437e-01,
        6.8094634e-02, -1.1715750e-01, -1.5035754e-01,  1.4322880e-01,
        2.2628769e-02, -7.9678290e-02, -3.7997682e-02, -3.0769531e-02,
       -2.3018166e-02, -1.8054582e-02,  3.6529566e-03, -7.4230172e-02,
       -3.2237746e-02,  3.7390862e-02,  3.0252463e-03, -8.9725152e-02,
       -3.0687466e-04, -1.2591064e-01,  1.4550208e-02,  4.6505906e-02,
       -6.8212012e-03, -4.3200040e-03,  4.2059902e-02, -3.0320533e-02,
        8.3083190e-02,  1.6752543e-02, -7.2851209e-03,  1.4271423e-01,
        5.7076819e-02, -6.6478655e-02, -1.3116227e-01,  3.4401680e-03,
       -4.3923579e-02,  6.2047560e-03,  1.0116503e-01, -2.1823849e-01,
       -1.3489324e-01,  6.3394181e-02, -6.1737038e-02, -9.8040588e-02,
       -1.2740212e-02,  1.2285583e-01, -1.2605923e-01, -3.5047049e-03,
       -1.4731005e-01, -1.5102395e-01, -7.7388607e-02,  3.1543616e-02,
        1.9182030e-02,  2.8158905e-02, -1.8045345e-01, -4.0713944e-02],
      dtype=float32), np.int64(71587): array([-0.25626385,  0.07058246,  0.00534801, -0.02250713, -0.12250209,
       -0.1221859 ,  0.07767864,  0.15085514,  0.01259699,  0.08377496,
        0.02947428,  0.158827  ,  0.05218378, -0.11271793,  0.15021273,
        0.06330208,  0.10689921,  0.15298022, -0.01955668,  0.01935632,
       -0.12285548,  0.00498619,  0.14267276, -0.10256352, -0.10852661,
        0.05555231, -0.14751934, -0.1810176 , -0.42558578, -0.05147792,
       -0.13664013,  0.26267374,  0.02485297,  0.1817877 ,  0.08826271,
       -0.08748271, -0.1049419 , -0.21781313, -0.07309672, -0.06491382,
       -0.18181515, -0.1144188 ,  0.03209972,  0.04092406,  0.02856313,
        0.0575581 , -0.05484844, -0.09275153, -0.11221518,  0.07300641,
       -0.08926813,  0.10067637, -0.02142206, -0.09560597, -0.16067262,
        0.05498878, -0.14422372,  0.05815376, -0.03944552, -0.08471649,
       -0.03081936, -0.08305877, -0.27291268,  0.03119806], dtype=float32), np.int64(74088): array([-0.21760438, -0.16780494,  0.06297558,  0.0280307 ,  0.3123282 ,
       -0.08286817,  0.20909035, -0.01002574,  0.08293048, -0.05658637,
       -0.00586501,  0.03579696, -0.1246664 ,  0.22694951, -0.06906758,
       -0.22688328, -0.14513367, -0.06489597, -0.09000801,  0.13031358,
        0.12324476,  0.03976137, -0.04183899, -0.2005291 , -0.3773906 ,
        0.28279245,  0.07535812,  0.04980642,  0.04662526, -0.0610265 ,
        0.05406103, -0.0163288 , -0.07862663, -0.10687475, -0.00583836,
       -0.09440372,  0.04323349,  0.06967136, -0.12563244,  0.13868485,
        0.1644869 , -0.0934648 ,  0.00594592, -0.00441199, -0.0140199 ,
       -0.01151004,  0.1108516 ,  0.05779959, -0.04577174,  0.06084623,
       -0.04820196,  0.16512711,  0.01581244,  0.00305947,  0.08163139,
        0.08434802,  0.05666873,  0.10601829, -0.04663124,  0.04265644,
       -0.24171253,  0.11906302, -0.02836199,  0.16342969], dtype=float32), np.int64(23582): array([-0.33533502, -0.10219051,  0.12127148, -0.02818527, -0.04588629,
       -0.16743635, -0.00245465,  0.22648048,  0.045527  , -0.08813298,
       -0.09889601, -0.08387671,  0.10405135, -0.20091507,  0.12336091,
        0.14263676, -0.02211232,  0.04398489, -0.0909355 , -0.10014983,
        0.20485926,  0.00192123,  0.1630496 , -0.12047075,  0.0153194 ,
        0.00166685, -0.02616825,  0.16368529,  0.02671055,  0.08848478,
       -0.06591344,  0.00068146, -0.21326324,  0.03552937,  0.11417108,
        0.11762708, -0.14989337, -0.02685455, -0.13031186, -0.11367876,
        0.17274727, -0.04937195, -0.19789316,  0.07555563, -0.24205546,
       -0.21913499,  0.0045046 ,  0.20524442, -0.03128177, -0.08189999,
       -0.05552476,  0.02417027, -0.12000605,  0.21881078,  0.0881179 ,
       -0.11196055,  0.04905872, -0.02613229, -0.01909508,  0.10024955,
        0.08895465, -0.07035504,  0.02649295,  0.22077726], dtype=float32), np.int64(49035): array([-3.13953578e-01,  1.32419288e-01,  1.79327890e-01, -5.56365967e-01,
        1.49006844e-02,  4.12914336e-01, -1.22647658e-01,  1.27448380e-01,
       -1.67966299e-02, -3.02775092e-02, -1.79961566e-02, -4.07405607e-02,
       -3.75225805e-02,  7.79523030e-02,  1.41015872e-01,  4.84740920e-02,
       -4.81833406e-02,  4.40554060e-02, -9.03776139e-02,  5.63520640e-02,
        4.17388696e-03, -7.41020739e-02,  7.75069371e-02,  5.63861392e-02,
        7.34203234e-02,  8.92999098e-02, -1.49438024e-01, -1.02037981e-01,
        2.24911064e-01,  3.55618559e-02,  4.68426049e-02, -1.15504541e-01,
       -4.66897502e-04, -1.45612154e-02,  6.17473163e-02, -8.99436474e-02,
        2.72793993e-02,  3.21449935e-02,  1.58916954e-02,  1.93926378e-03,
       -1.81457028e-01,  1.24535235e-02,  8.27025846e-02, -9.45471078e-02,
       -8.65285248e-02, -1.27347752e-01, -2.70685796e-02, -5.22966646e-02,
        5.97160310e-03,  1.96974222e-02, -2.50568651e-02,  2.62726042e-02,
       -1.28487557e-01,  5.87565415e-02, -4.47772481e-02, -6.46592900e-02,
        6.81583807e-02, -5.42964041e-02,  7.87138790e-02, -5.10919355e-02,
       -1.00679174e-01, -1.16219021e-01, -6.07506260e-02,  4.11024094e-02],
      dtype=float32), np.int64(64183): array([-0.31149304, -0.13528465,  0.2140986 , -0.00095855, -0.07838318,
       -0.13225108, -0.03413002, -0.09851472,  0.05911196, -0.05692555,
       -0.0990767 ,  0.05244181, -0.05359227, -0.08930951, -0.06806003,
        0.36323857, -0.04582624, -0.01587641, -0.04141591,  0.05381601,
        0.01274987, -0.00591509, -0.0771578 , -0.15403001, -0.04673453,
        0.02969192, -0.03897487,  0.0525746 ,  0.18338144,  0.2348833 ,
       -0.17539398,  0.13664536,  0.05166308,  0.01726866,  0.1074952 ,
        0.04781742, -0.02952376, -0.06843521,  0.09723772, -0.18601772,
       -0.11230451,  0.23783472,  0.10071824,  0.04689685,  0.13168396,
        0.11480861,  0.2328765 , -0.11419363,  0.14409944,  0.05976263,
       -0.06296791,  0.01410854, -0.11463834, -0.0377271 ,  0.11839288,
        0.04233884,  0.03969593,  0.10740954,  0.1158728 , -0.09646761,
       -0.1551512 , -0.1774367 , -0.23694907,  0.05498723], dtype=float32), np.int64(64193): array([-0.3470807 , -0.04989143,  0.15987478, -0.03756866, -0.13566609,
       -0.28344372, -0.01601271, -0.02097533,  0.10553913, -0.04837353,
       -0.09870274,  0.00890856,  0.0582504 ,  0.02557038,  0.01810621,
        0.09358944,  0.13339224, -0.04404349, -0.00127011,  0.23168133,
       -0.10225628, -0.05354047,  0.16149765,  0.02228297, -0.22701034,
       -0.10004427, -0.04700301,  0.09422638,  0.00460294,  0.06979827,
        0.092967  ,  0.04941145, -0.13329758,  0.13706593,  0.1788929 ,
        0.06454358, -0.11569083, -0.12806115, -0.10954283, -0.13644373,
       -0.08645555, -0.14853056,  0.08274377, -0.09036334, -0.10626838,
       -0.16195978, -0.12083387, -0.00275249, -0.06541688, -0.18853663,
       -0.13820751, -0.17024235, -0.09575278,  0.1405263 ,  0.03296833,
       -0.05822505,  0.13383135,  0.10823685, -0.10922622, -0.09611551,
        0.2096372 ,  0.10726935, -0.08045718,  0.2201113 ], dtype=float32), np.int64(83679): array([-0.16760388,  0.03942025, -0.1614162 , -0.27188832, -0.03084846,
        0.20890005, -0.08002476,  0.02681966, -0.07191455, -0.17293692,
       -0.19314487,  0.11948189,  0.26433098,  0.0115325 , -0.18275414,
       -0.01422189,  0.04313993,  0.06616693,  0.2489346 ,  0.01885369,
       -0.21460313,  0.18710251, -0.02470355, -0.12131141, -0.05849211,
       -0.1171352 ,  0.14925748,  0.14135619, -0.13560186, -0.00251978,
       -0.15488692,  0.02496251,  0.0291336 ,  0.02488929, -0.06410389,
        0.30872685,  0.0830008 ,  0.04852257, -0.15596344,  0.05908583,
       -0.04004545, -0.04022399,  0.02276414,  0.01862733,  0.08907387,
        0.02564622,  0.16820067,  0.03314492, -0.070813  ,  0.02483918,
        0.0022142 , -0.005328  ,  0.05662362, -0.00309845,  0.20183593,
        0.05944728,  0.11206426,  0.03806258,  0.20149428, -0.11046091,
       -0.16710658,  0.03425181, -0.06294312, -0.16732827], dtype=float32), np.int64(8477): array([-4.2007613e-01,  7.9080573e-06, -2.3783554e-01,  9.7675640e-03,
       -7.1345873e-02, -1.0930890e-01, -6.0452431e-02,  1.3676086e-01,
        2.7715802e-02, -5.9620780e-03,  5.9165310e-02,  2.8805459e-02,
        3.5910331e-02,  4.5062229e-03,  5.5020742e-02,  9.7779222e-02,
        1.9856591e-02,  9.5965572e-02,  1.9944901e-02, -1.7283778e-01,
        6.0720138e-02, -3.9919328e-02,  4.4580901e-01,  6.0449600e-02,
       -2.1038199e-02,  3.5100009e-02, -1.6963784e-01, -2.5996551e-02,
        8.5830368e-02,  1.9287845e-03, -4.7673270e-02,  6.3602887e-02,
       -2.2053909e-01,  9.7323090e-02,  7.7130303e-02,  3.0128780e-01,
       -8.8484883e-02, -7.7514537e-02, -9.0098334e-03,  2.2106754e-02,
        3.1727530e-02, -2.4453545e-01,  4.2056318e-02, -9.6863188e-02,
        8.0133565e-02, -1.6322201e-02, -3.6535542e-02,  1.3456725e-01,
        4.3934643e-02, -7.2660479e-03, -3.9930264e-03,  1.3155261e-01,
        1.5878987e-01, -2.9802321e-02,  6.2530771e-02,  3.9997410e-02,
        6.6324770e-02,  1.0554016e-01, -3.2916695e-02, -9.4124757e-02,
        5.7903085e-02,  7.5692028e-02,  1.9188555e-01,  1.6262937e-01],
      dtype=float32), np.int64(29212): array([-0.37710795, -0.17872663,  0.15048549, -0.03404391, -0.14246637,
       -0.04325978, -0.15328111,  0.08318664, -0.25917327, -0.13597621,
        0.03715895,  0.06340994,  0.06320056, -0.10975418,  0.24724187,
        0.10952386, -0.13821618,  0.07815908, -0.00489976,  0.02548835,
       -0.02414313, -0.08364099, -0.00511362,  0.01755878, -0.13497499,
       -0.08104487,  0.05160311, -0.03035844, -0.03317387, -0.02114895,
        0.01992864, -0.106328  , -0.03061385, -0.00355023,  0.04090026,
       -0.07592932, -0.02225867,  0.01613685, -0.01516354,  0.19911894,
        0.05514263, -0.12668756, -0.07416248,  0.0649556 ,  0.0558563 ,
       -0.1396366 ,  0.02355873,  0.14400315,  0.00570514, -0.02052438,
        0.0544853 , -0.24341115, -0.08523594, -0.27193204,  0.19893116,
        0.17592826,  0.06283215,  0.14265898, -0.02237389,  0.14139779,
        0.32037085, -0.04092026,  0.00671596,  0.09225329], dtype=float32), np.int64(32070): array([-2.90517747e-01,  1.70569032e-01,  8.60302225e-02, -5.62525928e-01,
        9.35860798e-02,  5.00900090e-01, -5.56686223e-02,  7.53704011e-02,
        6.94864290e-03, -3.28817926e-02,  4.49829251e-02, -5.72696403e-02,
       -1.49699226e-01,  1.44352112e-02, -3.39931436e-02, -6.38077110e-02,
        5.44013195e-02, -5.48516437e-02, -7.43220672e-02,  4.28520963e-02,
        4.30049151e-02, -1.76996682e-02,  2.02072605e-01,  8.32766369e-02,
        1.68868586e-01,  6.97893351e-02, -2.22447172e-01, -1.15935698e-01,
        1.67871833e-01,  3.46608609e-02,  1.35823071e-01, -5.79481497e-02,
       -6.93554431e-02,  5.06022647e-02,  3.26209143e-02, -9.59523842e-02,
       -5.93200475e-02,  1.15348026e-02,  3.32138799e-02,  1.52914813e-02,
       -4.31692116e-02,  5.52537739e-02, -3.11558805e-02, -1.23681575e-02,
        3.20709608e-02, -7.28793163e-03, -6.67589754e-02, -7.17197210e-02,
       -8.28937441e-03,  9.41971783e-03, -3.27286832e-02, -1.12924939e-02,
        1.36905548e-03,  3.09300795e-02, -6.30225018e-02, -1.56508218e-02,
        1.95411537e-02, -8.64088256e-03, -4.15748097e-02, -4.46314341e-04,
       -8.28400068e-03, -1.64151145e-03, -2.90519726e-02, -1.44408429e-02],
      dtype=float32), np.int64(35107): array([-1.29435673e-01,  6.72266781e-02, -9.38703641e-02,  2.01677561e-01,
       -4.02081273e-02,  1.33675069e-01, -1.18186951e-01,  1.04642836e-02,
       -2.01834247e-01, -2.88314641e-01, -1.94279805e-01,  2.04220921e-01,
        1.93800136e-01, -1.57503523e-02, -1.60499498e-01,  2.72243991e-02,
        1.62394904e-02, -4.00370918e-02, -6.80579096e-02, -2.66998746e-02,
       -3.39991384e-05, -2.30209646e-03, -4.84940261e-02, -1.46358879e-02,
        1.71829313e-02,  2.83284150e-02, -2.33144667e-02, -5.66398241e-02,
        7.66459703e-02, -1.90944865e-01,  1.10372026e-02, -1.62081793e-02,
        4.02456746e-02,  7.59024844e-02, -9.26772356e-02, -1.81628875e-02,
       -1.56212449e-01, -6.88683763e-02, -1.10305734e-01, -9.78571102e-02,
       -1.41122922e-01, -5.65855391e-02, -1.75982550e-01,  3.10256593e-02,
        5.66551574e-02,  1.09645553e-01,  2.97793627e-01, -1.42053396e-01,
       -3.70307833e-01, -1.18637189e-01, -1.32275298e-01, -3.11632063e-02,
        2.09913492e-01,  7.79985562e-02,  5.37758544e-02, -4.30368036e-02,
       -1.03477776e-01,  8.78729597e-02,  1.34073541e-01,  1.15967162e-01,
        1.55426964e-01, -8.10380578e-02,  1.17269620e-01,  7.40479156e-02],
      dtype=float32), np.int64(35112): array([-0.03186604,  0.02216697,  0.02325888, -0.01428615, -0.01780887,
       -0.08195855,  0.03319783, -0.02761187,  0.03056996, -0.01005488,
       -0.03500217,  0.04084807,  0.00420858,  0.07738724, -0.01757238,
        0.01143444,  0.08954994, -0.04704938,  0.08308353,  0.12135519,
        0.00909362, -0.12452916, -0.04278029,  0.39351162,  0.03775637,
        0.03603197, -0.10346975,  0.27231675, -0.24548003, -0.13703021,
        0.26681542,  0.00746307, -0.00856997,  0.14649458,  0.0581195 ,
        0.1201897 ,  0.1694957 , -0.31179205, -0.03799785, -0.06382851,
       -0.02170415,  0.11983978, -0.08414446,  0.04835853,  0.10968572,
       -0.04079368,  0.04735405,  0.11903334,  0.00447776,  0.0034964 ,
       -0.2968397 ,  0.08825654, -0.10077987,  0.21443565, -0.0074749 ,
        0.10440773,  0.21838266, -0.01979802,  0.09640506, -0.15025452,
        0.09830464,  0.20715897, -0.05752957,  0.11144405], dtype=float32), np.int64(35168): array([-0.37790126,  0.06157567, -0.02838184, -0.36652565,  0.0338124 ,
        0.2876839 , -0.04820159,  0.02318339,  0.05271789, -0.14667034,
       -0.04044763, -0.0882348 , -0.00819661,  0.04024452, -0.1432905 ,
       -0.04211421,  0.23366965,  0.24162363,  0.01752893, -0.2258824 ,
        0.0231985 , -0.13392684,  0.2827217 , -0.02146212,  0.0175885 ,
       -0.05011671,  0.08181521,  0.03437309,  0.10577843,  0.01291453,
       -0.09938829, -0.07238504,  0.05380736,  0.02417265, -0.00301278,
        0.2392847 ,  0.01163595, -0.00614351, -0.16602665,  0.03910151,
       -0.0014784 , -0.00862375,  0.04501666,  0.0473686 ,  0.11624603,
        0.02699908,  0.0945807 ,  0.0790142 ,  0.05804896,  0.1843168 ,
        0.08512763,  0.06485066, -0.00237448,  0.04651228,  0.0946115 ,
        0.14699072, -0.05265568, -0.12748793, -0.0437091 ,  0.01188968,
       -0.11820886, -0.1170173 ,  0.13264106,  0.04220886], dtype=float32), np.int64(46328): array([-0.3194908 , -0.19606546,  0.18779929,  0.00568111, -0.0854884 ,
       -0.14753509, -0.0583529 , -0.00586186,  0.09669899, -0.10993072,
       -0.0918741 , -0.00101338, -0.04884842,  0.08282681, -0.13097578,
       -0.13093656,  0.10398173, -0.07197682, -0.01426142,  0.25638643,
        0.1192582 , -0.07416905, -0.02177158,  0.16215865,  0.1446007 ,
        0.03903711,  0.0636794 ,  0.1354313 ,  0.09817281,  0.12353992,
       -0.0133799 ,  0.04874928, -0.12478764,  0.10866164,  0.13851732,
        0.13127102,  0.01559338, -0.2641044 , -0.01976745, -0.19411969,
        0.07198418,  0.09559976, -0.09033273, -0.09433823, -0.37147796,
        0.07205471,  0.14887545,  0.00635459,  0.18070929,  0.07062989,
        0.00246668, -0.02496444,  0.07430494,  0.04318111, -0.16352257,
        0.08586212, -0.02703684, -0.20134187,  0.05841858,  0.0394487 ,
        0.06105344, -0.1258573 , -0.00128639,  0.05761368], dtype=float32), np.int64(50027): array([-2.07394108e-01,  1.84036762e-01,  1.07679933e-01, -5.71310997e-01,
        2.22441163e-02,  5.70467651e-01, -1.62876040e-01,  1.44024109e-02,
       -3.98939336e-03,  4.32713032e-02,  1.15614384e-02,  6.13349564e-02,
        2.13069692e-02,  1.05191804e-01, -9.21984091e-02, -3.10017746e-02,
        2.50019152e-02, -1.17482003e-02, -1.27374446e-02,  9.20695660e-04,
        1.12599805e-02, -5.32428809e-02,  2.50499230e-02,  3.30933332e-02,
        4.40983139e-02,  1.82230528e-02, -7.35449865e-02, -9.48024914e-03,
        3.97842936e-02,  6.47873208e-02,  1.31412670e-01,  2.79931293e-04,
       -1.06637813e-01,  3.26822586e-02,  1.07637420e-01, -1.62680268e-01,
       -1.19419478e-01,  1.37337986e-02,  1.52835742e-01,  2.64337100e-02,
       -8.37268904e-02,  1.10576432e-02,  2.71443836e-03, -7.33102337e-02,
        6.41966313e-02, -7.87080452e-02, -4.04036306e-02, -3.89012620e-02,
       -1.47099616e-02, -3.89025174e-02, -3.32557932e-02, -3.25128138e-02,
       -8.13616812e-02, -4.03617136e-02,  1.81558002e-02,  1.10904286e-02,
        9.83909220e-02,  5.18008843e-02,  1.38894930e-01, -3.39016020e-02,
       -4.13041748e-02, -8.34369510e-02, -1.41042490e-02, -4.76052053e-03],
      dtype=float32), np.int64(82330): array([-0.13951172, -0.05356086, -0.07106334,  0.08085696,  0.37188286,
       -0.04967495, -0.1597692 ,  0.03679045,  0.04625479,  0.06859315,
       -0.132358  , -0.04140122, -0.17145482, -0.01224561,  0.02343194,
        0.04120177,  0.13404506,  0.24965845, -0.12796856,  0.01211343,
       -0.13612224, -0.31135735, -0.22930612, -0.11538612,  0.05983048,
       -0.02324626, -0.07518265, -0.12860984,  0.00820621, -0.138227  ,
        0.00362169,  0.14711873, -0.08976768, -0.01116204,  0.01605666,
        0.01825442,  0.21284139,  0.07074535,  0.05532349,  0.00563711,
        0.1126068 , -0.10071766, -0.13314971, -0.01477692, -0.09095369,
        0.07019624,  0.00216161, -0.10852449,  0.05206966, -0.2299961 ,
       -0.05958602,  0.21361093,  0.05013593,  0.16997363,  0.2957578 ,
        0.05214798,  0.09703716, -0.03903654, -0.13332121, -0.07423656,
        0.06709491, -0.03994659, -0.00590661, -0.02370944], dtype=float32), np.int64(98704): array([-0.36382133,  0.27264905, -0.217718  ,  0.40606323, -0.05092592,
        0.1588946 , -0.06093615,  0.18229263,  0.13950366, -0.22038688,
        0.19057642,  0.00245129,  0.05879919,  0.0301677 ,  0.01059044,
        0.02644373,  0.04796757,  0.05807198,  0.1021801 ,  0.0021867 ,
        0.04092051,  0.04998755,  0.31403288, -0.01377234, -0.03079848,
       -0.01179035, -0.0057117 , -0.05097584, -0.22013056, -0.0389806 ,
        0.02052495,  0.13471207, -0.17981617,  0.04830826,  0.09874605,
       -0.02124445, -0.0490768 , -0.09480284, -0.14149414,  0.05017704,
       -0.01642283, -0.01093125,  0.02309879, -0.01121224, -0.02244985,
        0.0955473 ,  0.25474894,  0.00471394, -0.06093635,  0.01194227,
        0.08559296,  0.07999648,  0.04874608,  0.04426583,  0.02929462,
       -0.02563853, -0.04772628, -0.08578645,  0.11053186,  0.04821778,
       -0.05406314,  0.03641619,  0.07173535,  0.0625533 ], dtype=float32), np.int64(6505): array([-0.33522925, -0.09813667,  0.14646678,  0.15399902,  0.02399041,
        0.02851654, -0.05069821, -0.071118  ,  0.15921168, -0.09826853,
       -0.01166879,  0.1524998 ,  0.01821187, -0.18399195,  0.00236209,
       -0.13386056,  0.24984105,  0.0146316 ,  0.01078921, -0.04758259,
       -0.01637585,  0.01167165,  0.28615513, -0.1203823 ,  0.04706502,
       -0.0467654 ,  0.08874403,  0.15022801,  0.15812196, -0.09046229,
       -0.05234352, -0.08605308, -0.14401112, -0.20350577, -0.04811008,
       -0.11319278,  0.14593472, -0.00542758,  0.00865582,  0.22955513,
       -0.12721403,  0.02287103, -0.19984663,  0.0699399 ,  0.11078295,
       -0.18989259, -0.16907898,  0.09386961,  0.03983116,  0.04780321,
       -0.07544669,  0.1369482 ,  0.12468734,  0.1800012 , -0.14849466,
       -0.12498234,  0.04297772, -0.03806207, -0.15497139, -0.05368788,
        0.07137722, -0.08889037, -0.05200822, -0.12184998], dtype=float32), np.int64(34061): array([-0.25412452,  0.0739383 ,  0.16117135, -0.4167651 , -0.06307312,
        0.52079344, -0.01131439, -0.0132119 ,  0.05195289, -0.07710148,
       -0.0567802 , -0.07866187, -0.08103482,  0.02912903, -0.21341242,
        0.08513521,  0.02550368, -0.00758486, -0.1050484 ,  0.05161399,
        0.00780342, -0.06431399,  0.10610193,  0.00243688, -0.00779919,
       -0.05296769,  0.07537296,  0.10182996, -0.01845179,  0.02272447,
        0.03386733, -0.01629866, -0.07242347,  0.05790653,  0.09021877,
       -0.00245202, -0.09441196,  0.04818413,  0.22845545,  0.02577577,
        0.01456815, -0.04685042,  0.00215268, -0.05440477,  0.07973927,
       -0.1507414 , -0.07454915, -0.09091385, -0.00794209, -0.04631667,
       -0.10963885, -0.16081062,  0.07558113,  0.05722616,  0.18178147,
        0.06586061, -0.14480478,  0.09508597,  0.23848589,  0.04065995,
        0.07553853, -0.10833756,  0.03166691, -0.05390697], dtype=float32), np.int64(49413): array([-0.26011667,  0.14414994,  0.13166034, -0.5819344 ,  0.12613876,
        0.5701332 , -0.08181732,  0.03715631,  0.01369904,  0.02974125,
       -0.01692249, -0.05708714,  0.06718989,  0.06749868,  0.01556068,
       -0.07342961,  0.08746926, -0.0671321 , -0.1225647 , -0.02898879,
        0.09816184, -0.07684657, -0.00926785,  0.05786344,  0.07557485,
        0.06470869, -0.09416427, -0.07394171,  0.13273312,  0.04565546,
        0.1299112 , -0.01052053, -0.07250031, -0.0028156 ,  0.05962732,
       -0.08868747, -0.03523208,  0.02210925, -0.01229146,  0.0070721 ,
       -0.08845908,  0.0261171 ,  0.02392917,  0.00442749, -0.01837069,
       -0.01621257, -0.04491225, -0.07980335,  0.06763318,  0.07186162,
       -0.03851524,  0.04038787, -0.08626182,  0.00862081, -0.07795583,
       -0.07770409,  0.00990962, -0.05065114, -0.06768797, -0.00120372,
       -0.02096659, -0.00808404,  0.00374948,  0.04846845], dtype=float32), np.int64(77854): array([-0.33112934, -0.13767488,  0.20462295, -0.01181121, -0.09595565,
       -0.15920421, -0.06240406, -0.02157713,  0.08202565, -0.08329957,
       -0.08970047,  0.042813  , -0.0374431 ,  0.02784273, -0.04511357,
        0.17136717, -0.18032657,  0.06491908, -0.03025637,  0.1542163 ,
        0.09237668, -0.05743527,  0.11633673, -0.12720469, -0.19326505,
       -0.03246846, -0.15409191, -0.02860421, -0.03852333,  0.08472703,
       -0.05175942,  0.10498113, -0.06257822,  0.07132071,  0.08291306,
        0.05810308, -0.13587368, -0.08203578, -0.0350773 , -0.13206089,
       -0.08184779, -0.04731692,  0.12827781, -0.07567789, -0.11311565,
       -0.35543454, -0.16566506, -0.04477165, -0.16908552, -0.16483006,
       -0.17318445,  0.07457329,  0.09175874, -0.22162561, -0.09929095,
       -0.0015292 , -0.09253126,  0.04546387, -0.02503985, -0.13056554,
       -0.18827683, -0.01413999,  0.15070738, -0.19196902], dtype=float32), np.int64(94129): array([-0.35323393, -0.24087623,  0.2151482 ,  0.02805679,  0.03320418,
        0.06146627,  0.16465999, -0.10064136,  0.18456925, -0.05566598,
       -0.11846722,  0.18311979,  0.01449997,  0.1227083 , -0.1119835 ,
       -0.08882958, -0.17851862,  0.06242425, -0.08507615, -0.12875387,
       -0.03650418, -0.03306378,  0.17439413,  0.00329368, -0.24771078,
       -0.09667584, -0.08051798,  0.04402934,  0.00941634,  0.15544024,
       -0.08747305,  0.33328566,  0.01810465,  0.11758327,  0.12344529,
        0.04448178, -0.04896018, -0.11579446, -0.04176544, -0.05301888,
       -0.04534259, -0.08515327,  0.03302833, -0.09050744,  0.11813532,
       -0.04476327, -0.14293602,  0.0884245 , -0.1535596 , -0.12969118,
       -0.00990418,  0.03045069,  0.02283961,  0.04586767, -0.16659991,
        0.10119882,  0.21001956,  0.08112302, -0.04671707,  0.01615281,
        0.06393036,  0.12250579, -0.11179201,  0.10831346], dtype=float32), np.int64(98375): array([-0.18493807,  0.21887542,  0.13318825, -0.5554009 ,  0.09563313,
        0.54277825,  0.01348237,  0.07464757, -0.02866746,  0.00378691,
       -0.0191825 , -0.01552318,  0.00173102,  0.05383812, -0.03968317,
       -0.05447317, -0.02168091, -0.0069069 , -0.12562482,  0.03490816,
        0.02564179, -0.0313436 , -0.02086782,  0.09458615,  0.1227897 ,
        0.14020762, -0.19803567, -0.16575965,  0.16646937,  0.06436673,
        0.19163461, -0.044639  , -0.0887514 ,  0.02041888,  0.04628509,
       -0.07719896, -0.02336758,  0.02654886, -0.11457019,  0.01020276,
       -0.10187533,  0.03589198,  0.03492106, -0.00655944, -0.02133246,
       -0.04424901, -0.03233754, -0.06244645,  0.02980512, -0.01752164,
       -0.0085671 ,  0.02096824, -0.02781686, -0.01429095, -0.06080888,
       -0.03230453,  0.0023984 , -0.02537847, -0.04650375,  0.05966061,
        0.03745836,  0.02991551, -0.03502818,  0.06522956], dtype=float32), np.int64(16141): array([-0.14772965,  0.22953919, -0.04296743,  0.41982138,  0.03050804,
        0.19124159, -0.14516449,  0.16476583,  0.0789081 , -0.12334936,
        0.02004277,  0.01793043,  0.2878174 ,  0.1058815 , -0.08791241,
        0.06074342, -0.04501301, -0.20737581, -0.07579845,  0.06847288,
       -0.1393111 ,  0.06200847, -0.1090077 , -0.00077796,  0.01737944,
        0.0478715 , -0.01765354,  0.03723289,  0.07827078,  0.07888461,
        0.03344514, -0.16200499,  0.17180881, -0.06690623, -0.11859061,
       -0.08327739, -0.11494857,  0.00478991, -0.09769081, -0.3186981 ,
        0.0198665 , -0.07522015, -0.07116625, -0.06663936, -0.00849623,
        0.1419038 , -0.00414168, -0.01341451, -0.14815556, -0.1997251 ,
       -0.05559942,  0.0845219 , -0.06982135,  0.08442689,  0.16969089,
        0.117139  , -0.02458461, -0.07307053, -0.0958387 , -0.06694296,
        0.06539876,  0.12564655,  0.12464817, -0.04812777], dtype=float32), np.int64(19352): array([-0.39630154, -0.09678679,  0.07132632, -0.0829677 , -0.1437819 ,
       -0.29855135, -0.05321237,  0.07482261,  0.14298396,  0.01736011,
       -0.08508943, -0.09445702,  0.1512677 ,  0.1654821 ,  0.00834901,
       -0.09031366, -0.12484507,  0.08984896,  0.06180127, -0.09117801,
       -0.01086591,  0.1251863 ,  0.18253325, -0.03114736,  0.13618256,
        0.09383245,  0.04227339, -0.05217892, -0.11508839, -0.08084536,
        0.05391715,  0.10125718, -0.04888316, -0.05470828, -0.10026843,
       -0.10758427,  0.01625245, -0.12427387, -0.07204478,  0.08518704,
        0.01619144, -0.07447302, -0.01683809, -0.0301872 ,  0.08365034,
        0.02403951, -0.0851667 ,  0.3007595 , -0.1055508 , -0.224502  ,
        0.05316278, -0.13347822, -0.23639517, -0.17314418, -0.07874364,
        0.04795324, -0.06703291,  0.11413119, -0.15244153,  0.18111235,
       -0.1859975 , -0.06859257, -0.00063285,  0.02091682], dtype=float32), np.int64(25386): array([-0.40927112, -0.22339326,  0.22502217, -0.05548441, -0.16039018,
       -0.20368408, -0.17547563,  0.18194778, -0.07205332,  0.0248659 ,
        0.01061754,  0.04799321,  0.04450293,  0.21028885,  0.08243333,
       -0.1447437 , -0.32124105,  0.03076295,  0.09520688, -0.12457667,
       -0.03993583, -0.00551886, -0.1375993 , -0.0488347 ,  0.13029839,
        0.00594177,  0.05634472,  0.04356721,  0.02540967,  0.03181748,
       -0.04301725, -0.21070723, -0.27044365, -0.04727842,  0.11412118,
        0.03180059,  0.0449506 , -0.07930686,  0.04311694, -0.07808612,
       -0.08351471,  0.01083394, -0.03692544,  0.01534632,  0.09775748,
        0.18289194,  0.04665313, -0.01676426,  0.12480938,  0.01415865,
        0.0888538 , -0.03775727,  0.0643017 ,  0.01912452, -0.14001626,
        0.06088552, -0.08275864, -0.03277826, -0.02758909,  0.1705319 ,
        0.0264555 , -0.20388149,  0.01044921, -0.03241384], dtype=float32), np.int64(44139): array([-0.29061282,  0.16426475,  0.0185819 , -0.5340793 ,  0.09934811,
        0.48002675, -0.04384851,  0.04053903, -0.04201571, -0.05663952,
        0.02251883, -0.08179566, -0.07355913, -0.00127368, -0.04540465,
       -0.08938923,  0.0527306 ,  0.00720861, -0.12095843,  0.11114468,
       -0.05948468, -0.05238949,  0.07529021,  0.10477526,  0.20732297,
        0.08221836, -0.24655412, -0.12767148,  0.16446976,  0.06511422,
        0.1437286 , -0.01158905, -0.08754645, -0.03668615, -0.05279093,
        0.02537786, -0.03837677,  0.13126673, -0.15225893,  0.03470436,
       -0.04952927,  0.0555878 ,  0.03761081,  0.05992566, -0.02616772,
       -0.00243194,  0.0521025 , -0.01240908,  0.04216584, -0.0145093 ,
        0.02413475,  0.01627424, -0.00608318,  0.04504694, -0.06097385,
       -0.00062355, -0.08242339,  0.01160427,  0.00074133,  0.04417269,
        0.05896269,  0.02614032, -0.06275728,  0.06766669], dtype=float32), np.int64(78373): array([-0.26984286, -0.22562785,  0.16796167,  0.05968048,  0.07397076,
        0.02573937, -0.03029967, -0.14995833,  0.08716338, -0.01745005,
        0.06082201, -0.05182239, -0.02789791, -0.04629849,  0.33514228,
       -0.11713237,  0.11310202, -0.03936468, -0.04290532, -0.07147585,
       -0.0146599 ,  0.03492075, -0.00937874, -0.1520894 ,  0.07412975,
        0.022761  ,  0.00602996,  0.13136873, -0.15275078, -0.03292169,
       -0.02638648, -0.11162576, -0.09189811,  0.01573557,  0.02120832,
       -0.01733238, -0.06891448,  0.05504731,  0.03690847,  0.06769253,
       -0.30841556, -0.20136179, -0.1752578 ,  0.28649443, -0.09753308,
        0.22894718, -0.07459757, -0.17456186, -0.08817776,  0.04312448,
       -0.14786367,  0.3023006 ,  0.15860078, -0.03624473, -0.16186431,
       -0.08212426,  0.05550271,  0.02247145,  0.03146584,  0.00304232,
       -0.00574443, -0.07661971, -0.02851666,  0.04119731], dtype=float32), np.int64(96365): array([-0.09858709, -0.05321423,  0.07033184, -0.00153665,  0.34185472,
       -0.1022189 , -0.12621364, -0.0472263 ,  0.03752554, -0.05840798,
        0.00876557, -0.01423259, -0.0096703 , -0.09192325,  0.03614058,
        0.06120069,  0.02800671,  0.02594639,  0.02503814, -0.01697516,
        0.00809077,  0.03214993,  0.00499782, -0.04404202, -0.00222469,
        0.00973473, -0.04789668, -0.05756995, -0.21648425,  0.02151639,
       -0.01948315,  0.10845477,  0.00575194,  0.06285834,  0.02382862,
        0.07418165, -0.05071722, -0.01889043,  0.05321148,  0.04590448,
       -0.3495165 , -0.3438572 , -0.13379228,  0.49575067, -0.2593333 ,
        0.27951697, -0.03991469, -0.03587869,  0.06274673,  0.00362232,
       -0.01166459, -0.03705625, -0.10614099,  0.02416003, -0.15409854,
        0.01898969,  0.08893251, -0.05633204, -0.01622888,  0.01577728,
       -0.10037058, -0.04246601,  0.08601324,  0.07193954], dtype=float32), np.int64(102291): array([-0.33642206, -0.01530923,  0.06583381, -0.39389196,  0.0958275 ,
        0.37987062, -0.09618302,  0.02574874,  0.00073216,  0.0422422 ,
        0.02887778,  0.21128301, -0.12149902,  0.02041454,  0.03881096,
        0.09336223, -0.14590517, -0.1854646 , -0.15073283,  0.08896948,
        0.0016207 , -0.11582892,  0.17014168,  0.05643154,  0.08177688,
       -0.1382942 , -0.06729309,  0.06641806,  0.17738172,  0.06572426,
       -0.02944256,  0.1390463 , -0.02445872, -0.1200167 , -0.14354381,
       -0.25553662,  0.10401069, -0.16702661,  0.1592441 , -0.07259315,
       -0.02525893,  0.03675254, -0.08849204, -0.02218059,  0.00185623,
       -0.0032633 , -0.01289224, -0.01583143,  0.05696858, -0.01927617,
        0.06564291, -0.00143932, -0.13011484,  0.03436327,  0.01211825,
        0.05203765, -0.14881408,  0.01279003,  0.06142003,  0.12144323,
       -0.05043324,  0.07718344, -0.09353694, -0.02154471], dtype=float32), np.int64(13724): array([-0.14002818,  0.24133568,  0.08714507, -0.59844327,  0.10141031,
        0.53847593, -0.05720672,  0.06135576,  0.03605201, -0.05090806,
       -0.05296675, -0.08045255, -0.01936962,  0.18115316, -0.00883406,
       -0.02783288,  0.03036983, -0.00565954, -0.02794882,  0.00225958,
        0.00269029, -0.05879103,  0.05187476,  0.01724614,  0.04126651,
       -0.01454755,  0.00111143,  0.03996686,  0.04623454,  0.04633565,
        0.11408149, -0.00069477, -0.11021073,  0.03129449,  0.09389725,
       -0.13539098, -0.11226507,  0.0092051 ,  0.19824396,  0.00342824,
       -0.02829325,  0.00241295, -0.05150008, -0.00444698,  0.05689961,
       -0.04547945, -0.05503916, -0.0432578 ,  0.01417911,  0.05241963,
       -0.00563578,  0.0378227 , -0.02356228,  0.05645958,  0.13538565,
        0.11185651, -0.05373342, -0.01555124,  0.11679254,  0.00775517,
       -0.09048329, -0.03443161, -0.01181733, -0.04034635], dtype=float32), np.int64(24436): array([-0.34129274, -0.02160245,  0.13682823, -0.13442774, -0.2828471 ,
       -0.05790196, -0.04795489,  0.13396496, -0.05394351,  0.05398303,
        0.04387737,  0.10340399, -0.0160362 , -0.05784493,  0.21350645,
        0.17742904, -0.09179249,  0.09965612,  0.16982186, -0.06010456,
        0.02190097,  0.08166134,  0.01820876, -0.17801505, -0.01711925,
        0.09417203, -0.13388887, -0.04071023, -0.07152808,  0.00924029,
       -0.21777774, -0.01508228,  0.12071053,  0.12864801,  0.06084259,
        0.34977177,  0.00899308, -0.00138392,  0.08014821, -0.10696705,
       -0.17089537,  0.06273191,  0.13894981, -0.00361057,  0.17339349,
        0.06569   ,  0.02419567,  0.05273022,  0.05974497,  0.07797483,
       -0.1615739 ,  0.06253033, -0.04962124,  0.06309038,  0.11326823,
       -0.12801489, -0.20652035, -0.0680882 , -0.04120224, -0.14927994,
       -0.2383366 ,  0.00287562, -0.04107825, -0.03942524], dtype=float32), np.int64(51107): array([-0.18960907, -0.15292618,  0.11597323, -0.02165568,  0.5335717 ,
       -0.09936243, -0.2514884 ,  0.11109552, -0.3327259 ,  0.2794593 ,
        0.35292226,  0.20950063,  0.07386301, -0.09726501, -0.02517284,
        0.06765969,  0.05909117,  0.01139685,  0.07709114,  0.0311373 ,
        0.00183518, -0.04108846,  0.00777305,  0.03626799, -0.05064496,
        0.01372578, -0.0645184 , -0.03886574, -0.07934755,  0.0451119 ,
       -0.0147657 ,  0.07658064,  0.03270746,  0.03725777,  0.03610878,
        0.0422885 , -0.00938726,  0.01967149,  0.05008908,  0.01486284,
       -0.07693355, -0.09463403, -0.04191591,  0.16107902, -0.01482519,
        0.0817069 ,  0.05092397,  0.02740495,  0.05391985, -0.03001135,
        0.01195297, -0.03532769, -0.05356493,  0.05638386, -0.14704153,
        0.03745919,  0.07330004, -0.01293462, -0.02441564,  0.00493354,
       -0.14053725, -0.04179676,  0.1312561 ,  0.04509711], dtype=float32), np.int64(66309): array([-0.1411446 , -0.10048939, -0.02487558, -0.03001574,  0.34716526,
       -0.07196102, -0.15154287,  0.07860455, -0.19970535,  0.16048998,
        0.24879679,  0.17400114, -0.09245604, -0.04445279, -0.00213327,
        0.04236447,  0.00046406, -0.07251395,  0.018305  ,  0.00732229,
        0.03281681,  0.02046071, -0.04813873,  0.02225815, -0.24826385,
        0.38992003,  0.15606529,  0.02733847, -0.04655851,  0.01378906,
        0.08685044,  0.09382819, -0.02237325, -0.11372077,  0.11110342,
        0.05591064, -0.0967685 , -0.03221465,  0.01592446,  0.02093864,
       -0.2298044 , -0.24384405, -0.09378809,  0.33606455, -0.18951067,
        0.19347343, -0.1111983 , -0.0608688 , -0.02727538,  0.03885353,
        0.00988094, -0.00375775, -0.02561715, -0.05721316,  0.04072555,
       -0.01856731,  0.03825106, -0.01922527,  0.00653542,  0.00963851,
        0.02500384,  0.00596593, -0.03565524,  0.02053334], dtype=float32), np.int64(2681): array([-0.30083966,  0.35320362, -0.12511279,  0.48299527,  0.02923642,
        0.17596844, -0.02518391,  0.1033923 ,  0.12308485, -0.21585241,
        0.23596653, -0.0063611 ,  0.16497734, -0.15471862,  0.02783615,
       -0.15148996, -0.09443408, -0.0156822 ,  0.11898386,  0.00706631,
        0.0067623 , -0.00233504,  0.00539038,  0.07127561, -0.04510649,
       -0.13578083,  0.12863441,  0.08166603, -0.08243513,  0.20904118,
        0.0698153 , -0.03045401, -0.06911165, -0.03776743,  0.02812635,
       -0.05053432,  0.05827333,  0.04680559, -0.08342649, -0.01898275,
        0.14260131, -0.10457185, -0.01868777, -0.06616823, -0.03524891,
        0.10583002,  0.0882967 , -0.05218842,  0.1261178 , -0.037635  ,
        0.01885128,  0.17323115, -0.12555839, -0.05843396,  0.02616437,
        0.0067854 ,  0.06912775,  0.0130537 , -0.00741903, -0.11074889,
        0.03996051,  0.02757557,  0.01031472, -0.05532465], dtype=float32), np.int64(48521): array([-0.47181952,  0.48031765,  0.20307928, -0.13317247, -0.04131007,
       -0.28677168,  0.11542819, -0.10701288,  0.04660467,  0.09371264,
        0.01377025,  0.0424542 ,  0.01607698,  0.02622364, -0.04577709,
        0.13265996,  0.18022701,  0.08621705,  0.00564869, -0.0389873 ,
       -0.00916056,  0.04461706,  0.08195119, -0.09870837, -0.08223822,
       -0.06167999,  0.0200072 , -0.00418959, -0.17279638,  0.07134318,
       -0.12149508, -0.00998521, -0.00316649,  0.003698  ,  0.07108022,
        0.01424023,  0.00654783, -0.01222063,  0.24011202, -0.02977044,
       -0.05646859,  0.08662062, -0.07169478,  0.05459286, -0.02397689,
       -0.06226541,  0.16435666,  0.14941087, -0.14248781,  0.02494578,
        0.04931309, -0.05907014, -0.02759562, -0.0471347 ,  0.06655823,
       -0.06820523, -0.06889699, -0.09155101,  0.00732734, -0.07273759,
       -0.09483728,  0.0508099 , -0.12488278,  0.05861358], dtype=float32), np.int64(52122): array([-0.31887314, -0.24898504,  0.21581218,  0.04192319, -0.04254554,
       -0.06582751, -0.04309965, -0.05632824,  0.03106734, -0.09009392,
        0.04254123, -0.23654811, -0.11967209,  0.03531923,  0.13381767,
        0.01048237,  0.1120104 , -0.06026052,  0.04340888,  0.10763263,
        0.03085296, -0.01213923, -0.09618931,  0.13406031,  0.22352014,
        0.08949119,  0.18799415, -0.05475214,  0.09591861,  0.16522288,
       -0.32422847,  0.24581471, -0.04397881,  0.06052866,  0.04993987,
       -0.01871735,  0.01721061, -0.08560412,  0.07309072, -0.20352684,
        0.01676391,  0.13482983,  0.10817789,  0.05682319, -0.05563717,
        0.02778818,  0.0562885 , -0.19186424,  0.00544507,  0.13615522,
        0.18669547,  0.10560505, -0.08360447, -0.01494249,  0.07006741,
        0.01699402,  0.18781373, -0.05748487,  0.18188137,  0.0722756 ,
        0.0041529 , -0.10730742,  0.05718927, -0.10637382], dtype=float32), np.int64(73659): array([-0.20996167,  0.04781913, -0.17089605,  0.19291352,  0.01628524,
        0.10348062,  0.09411305, -0.01115458, -0.12959684,  0.10781961,
       -0.36800942, -0.03639907,  0.16402501, -0.08990839, -0.07815012,
       -0.00478222,  0.02197376,  0.0864912 , -0.10754611,  0.00668985,
       -0.05546202, -0.07920043, -0.11399096, -0.02372716, -0.01277436,
       -0.02392446,  0.01849389, -0.01036632,  0.15788832, -0.34449384,
       -0.0295385 ,  0.1021022 , -0.0342916 ,  0.04663737, -0.06187587,
        0.04396127, -0.30667296, -0.17924838, -0.03594625,  0.04923794,
       -0.09217631, -0.05844025, -0.03593002, -0.05942811,  0.10224638,
       -0.139417  ,  0.24677692, -0.15285386,  0.11160455, -0.13170324,
        0.18943697, -0.00463777,  0.00715715, -0.02344775, -0.14149238,
       -0.03166755,  0.06895316,  0.14694838,  0.1993271 , -0.1006602 ,
        0.09241543,  0.04017372,  0.08175756,  0.11005248], dtype=float32), np.int64(86097): array([-0.30680647, -0.25414404,  0.14688802,  0.0474423 ,  0.16128755,
        0.06488041, -0.5178217 , -0.35291952,  0.23101664, -0.07748407,
       -0.10566042,  0.28461778,  0.00543648, -0.33063084, -0.25471535,
        0.07108406,  0.01477957, -0.03303335, -0.05639789, -0.0356974 ,
        0.01889188,  0.05145252, -0.0595434 , -0.04819681, -0.02203639,
        0.04574475, -0.05991186, -0.08236454, -0.09164593, -0.04316538,
       -0.00258518, -0.03239603,  0.05789921, -0.00517237,  0.00099557,
        0.00315555,  0.03366514, -0.01476199,  0.03677145, -0.01050873,
       -0.00396817, -0.00074836, -0.00708806,  0.01349532,  0.00289781,
        0.05506225, -0.0008483 , -0.00775943, -0.06066456, -0.03019818,
        0.0129389 , -0.02275124, -0.03488925,  0.0229151 , -0.02966791,
       -0.0134751 ,  0.04182286, -0.00156071,  0.0244128 ,  0.01294288,
       -0.05994485,  0.01806471, -0.00323326,  0.02699319], dtype=float32), np.int64(15755): array([-0.30133227, -0.08277544,  0.12169298,  0.28222868,  0.10572546,
        0.17376277, -0.08132426, -0.11091834,  0.18674615, -0.10460442,
       -0.02655701,  0.20281704,  0.05923362, -0.07991087, -0.10261635,
        0.12422492,  0.05691424, -0.03122485, -0.00303056, -0.01841266,
       -0.01295949, -0.02745769,  0.10920779, -0.06637169, -0.11525802,
       -0.07642974,  0.03188683, -0.0198259 , -0.01356876,  0.00245886,
        0.01887261,  0.01112867, -0.11171704,  0.01074705,  0.13587673,
       -0.06354629,  0.05578534,  0.04083377, -0.00192846,  0.20300844,
       -0.11610705, -0.00420047, -0.01672052, -0.06605695, -0.05399584,
       -0.03723933, -0.17010948,  0.07173081,  0.15897954, -0.21489939,
       -0.13441628,  0.14470817, -0.14805259,  0.09738262,  0.05812917,
       -0.09601395,  0.01680649,  0.2855979 , -0.20765656,  0.12890361,
        0.12689167,  0.24298334, -0.16312478, -0.21363662], dtype=float32), np.int64(37661): array([-0.22742246, -0.15166438, -0.0354467 ,  0.0027864 ,  0.10083675,
       -0.00160059, -0.29168993, -0.18796226,  0.2118495 ,  0.04386612,
       -0.08270308,  0.07019195,  0.1725959 , -0.23171616, -0.16975161,
        0.04847467,  0.01982532,  0.06183274, -0.04949058, -0.11108302,
        0.29363802, -0.04250528,  0.20453393,  0.03573472,  0.04321505,
        0.07774993, -0.02015126,  0.0016917 ,  0.00477844, -0.10252088,
       -0.00897418, -0.0006026 ,  0.07675849, -0.24469736, -0.18461947,
       -0.07949837,  0.09696267, -0.12778349,  0.11034135, -0.0020379 ,
       -0.290155  , -0.17559102, -0.02698673,  0.34222293, -0.15134728,
        0.1703501 , -0.09456415, -0.06821577,  0.01166863,  0.01092909,
       -0.02006987, -0.01494479, -0.01266704, -0.01392877,  0.03352072,
       -0.01260199,  0.03990763, -0.02870834, -0.00266938,  0.01316196,
        0.01427565,  0.02475327, -0.023086  ,  0.04683106], dtype=float32), np.int64(99982): array([-0.14965522,  0.24469703, -0.12259667,  0.35731122,  0.06654339,
        0.12266659, -0.06248565,  0.12979692,  0.13165013, -0.06009388,
        0.13929905, -0.11539049,  0.29298756, -0.02381926, -0.01775839,
       -0.02068277, -0.06815181,  0.00443505, -0.0553784 ,  0.05153087,
       -0.08176781, -0.13875318, -0.10254882,  0.05025554,  0.01271861,
       -0.10564397,  0.13568284,  0.13125865,  0.10262056,  0.19090535,
        0.04103364, -0.17733115,  0.06569602, -0.10199282, -0.07288451,
        0.032016  , -0.18022881,  0.07292348, -0.09042498, -0.23487365,
        0.03716749, -0.12801127,  0.10549533, -0.02914006, -0.01783258,
        0.03270445, -0.22989313,  0.18928006, -0.0171965 ,  0.0109382 ,
        0.05832641,  0.1603142 , -0.2374363 , -0.0229771 ,  0.08886757,
        0.17039976,  0.01301528, -0.06296834, -0.06756619, -0.05560591,
       -0.11852495, -0.01156119,  0.11627437,  0.11265583], dtype=float32), np.int64(211): array([-0.29125747, -0.19411115,  0.15814517,  0.02355556, -0.3391462 ,
        0.04191347, -0.08378271,  0.05453567,  0.08732193, -0.06513318,
       -0.12612027,  0.17139736,  0.06212539, -0.12640348,  0.4192141 ,
        0.01780308, -0.14715424, -0.00145952, -0.11764187, -0.02240574,
       -0.00207526, -0.02903817, -0.03575343, -0.02972755, -0.08835258,
       -0.03633231, -0.01812995, -0.09702605, -0.08403882,  0.04749992,
       -0.04575443,  0.04347728, -0.0286513 ,  0.03592121,  0.01699954,
        0.01960305, -0.01179464, -0.08492139,  0.02976024, -0.03777613,
       -0.18329124, -0.17648743, -0.15195258,  0.4050888 , -0.20949629,
        0.1503563 , -0.02318007, -0.11602867,  0.02028381,  0.02879485,
        0.01799612,  0.0169434 , -0.01568803,  0.03300857, -0.04264882,
        0.03802796, -0.01651291,  0.18789832, -0.02303669,  0.04321634,
       -0.06128313,  0.07579953, -0.00444347,  0.04589212], dtype=float32), np.int64(28083): array([-2.1597955e-01,  1.9005153e-01,  1.4562814e-01, -5.4162037e-01,
        1.3424511e-01,  5.4246598e-01, -4.6000827e-02, -1.7759604e-02,
        6.6891439e-02, -5.5459369e-02, -5.1072601e-02, -4.6056084e-02,
       -3.1247389e-02,  4.7419354e-02, -1.4924482e-02, -4.1904084e-02,
       -1.7075481e-02,  7.2046784e-03, -1.1538424e-01,  3.1099895e-02,
        2.3542888e-02, -3.5101317e-02,  2.8652363e-02,  8.2582004e-02,
        1.1943791e-01,  1.3022356e-01, -1.9709684e-01, -1.5467580e-01,
        1.3687265e-01,  6.1196670e-02,  1.9785561e-01, -2.7441768e-02,
       -1.1318100e-01,  3.7162401e-02,  7.1257390e-02, -9.5923997e-02,
       -5.8192722e-02,  2.0353211e-02, -9.5868409e-02,  1.6418422e-02,
       -1.1707017e-01,  1.3149043e-02,  3.2077741e-02, -2.1511288e-02,
        6.0697231e-03, -5.2602407e-02, -3.4384415e-02, -2.6895892e-02,
       -1.5034768e-02,  2.3683337e-03, -1.2381168e-03,  2.8663084e-03,
       -3.3138152e-02, -5.2964546e-02, -8.4490344e-02, -5.3019088e-02,
        2.1542346e-02,  2.8786100e-02,  1.0692712e-02,  4.7404800e-02,
        4.1234531e-02,  2.5926980e-05, -7.7030219e-02,  5.3367902e-02],
      dtype=float32), np.int64(34260): array([-0.4099338 ,  0.30351794,  0.2457162 , -0.08885551, -0.06165391,
       -0.23690455,  0.0387605 , -0.05085131,  0.02012257,  0.0473709 ,
       -0.01994825,  0.13318267,  0.03852032,  0.05641731,  0.04387367,
       -0.01622138,  0.02480811,  0.02405938,  0.13298778, -0.03896714,
       -0.0429461 , -0.06088466,  0.01765762,  0.02680199, -0.06373315,
       -0.19813432,  0.19769575,  0.10562246, -0.09080158, -0.10498424,
       -0.05039924,  0.16158846, -0.04329793,  0.00048146,  0.04956574,
        0.13217695,  0.07306299,  0.08563776,  0.11380114,  0.03405076,
        0.10201634,  0.00419747, -0.23428915, -0.07833404,  0.01249496,
       -0.07666951, -0.23941568, -0.10897353,  0.01621787, -0.15388656,
       -0.00709888, -0.00736911, -0.20739885, -0.06664283, -0.02828351,
       -0.04762624, -0.0126371 ,  0.09259966, -0.12375493,  0.0831105 ,
        0.20800678, -0.12351891, -0.19778948, -0.11406074], dtype=float32), np.int64(50875): array([-2.33906314e-01, -2.84362316e-01,  1.65769130e-01,  1.66921556e-01,
        3.53010446e-02,  2.99516439e-01,  8.18125427e-01,  1.73311643e-02,
        7.95271695e-02,  2.97071356e-02, -5.72345667e-02,  6.05718009e-02,
        5.99450711e-03,  6.22409023e-02,  1.24298401e-01,  8.11422616e-02,
       -4.85622995e-02,  2.67575756e-02,  9.77449585e-03, -7.20629795e-03,
       -1.79403406e-02,  1.04001975e-02,  1.39180385e-02, -3.24068889e-02,
       -1.44091425e-02, -2.56900187e-03,  2.12160368e-02, -1.69597324e-02,
        2.13878565e-02,  3.52022995e-04,  5.73029276e-04, -1.97761375e-02,
       -7.36766821e-03, -1.22746546e-03, -7.25998450e-03,  4.49896092e-03,
       -3.40221333e-03,  1.19144050e-03, -6.40668906e-03,  7.61768036e-03,
       -1.89355612e-02, -9.86494124e-03, -5.66674105e-04, -1.01396805e-02,
       -1.53259039e-02,  1.77839026e-02, -6.70125335e-03,  4.22943756e-03,
       -3.69586982e-03,  4.51267464e-03, -5.31152938e-04, -1.06661934e-02,
        3.60477803e-04,  4.61171789e-04,  3.50868632e-03,  1.23923819e-03,
        6.31322199e-03,  3.03629250e-03,  4.95871250e-03,  3.96449352e-03,
        1.17255561e-03, -5.66798728e-03,  1.61345105e-03,  1.93959498e-03],
      dtype=float32), np.int64(73810): array([-0.23676808,  0.16911861,  0.16085334, -0.5539163 ,  0.11548078,
        0.545055  , -0.06398443,  0.00623755,  0.06355144, -0.06462634,
       -0.05614038, -0.06348484, -0.02226355,  0.04970087,  0.04112203,
       -0.09123957,  0.06355802, -0.03090838, -0.1184838 ,  0.00956977,
        0.02279103, -0.02249127, -0.013439  ,  0.05555153,  0.12468395,
        0.11888918, -0.17457405, -0.12665951,  0.11193088,  0.04697745,
        0.14368822, -0.01113619, -0.06558233,  0.00434364,  0.04286591,
       -0.07044539, -0.03473884,  0.02394224, -0.13459726, -0.00954586,
       -0.12362381,  0.02396298,  0.0536361 , -0.06754401, -0.00688823,
       -0.05806386, -0.07407548, -0.04961754,  0.00197672,  0.00905416,
       -0.04756496, -0.00801799, -0.08689119, -0.02450336, -0.08875903,
       -0.01856693,  0.03383185, -0.02249482, -0.07025715,  0.02176763,
        0.0523404 ,  0.00299918, -0.02648713,  0.09757017], dtype=float32), np.int64(16315): array([-4.50650513e-01,  3.56388390e-01,  1.22000463e-01, -1.66891187e-01,
       -7.94230402e-02, -3.74515861e-01,  1.21408597e-01, -1.30268887e-01,
        6.32108515e-03,  5.41497767e-02,  4.80168639e-03,  1.02976337e-01,
       -2.18072208e-04,  1.04341485e-01, -6.35288581e-02,  1.85437709e-01,
        2.29694247e-01,  3.47560481e-03, -2.61074826e-02, -3.64129953e-02,
       -2.07166448e-02,  2.22512651e-02,  1.15718611e-01, -1.22621812e-01,
       -3.21671516e-02, -1.73392907e-01,  3.51446159e-02,  2.42493674e-02,
       -8.52692798e-02, -3.50770378e-03, -6.23947084e-02,  5.21559939e-02,
       -1.49442568e-01, -1.53520564e-02, -1.05377438e-03,  1.23239495e-01,
       -3.42294350e-02,  3.93645391e-02,  5.56223802e-02,  5.19802086e-02,
       -9.99059305e-02,  4.02891822e-02, -1.06430445e-02,  9.57120433e-02,
        1.08947597e-01, -3.08130123e-03,  1.49700511e-02,  1.77532241e-01,
       -1.00541875e-01, -1.08578555e-01,  1.50241300e-01,  6.72563761e-02,
       -1.69454366e-02, -3.55569795e-02, -2.41012033e-02,  3.16510163e-02,
        4.95870113e-02, -1.22409225e-01,  4.47790371e-03,  1.07880309e-01,
       -2.32740968e-01,  2.41435487e-02,  3.59859429e-02,  8.35200995e-02],
      dtype=float32), np.int64(35444): array([-0.4448149 ,  0.24607784,  0.12701587, -0.14274497, -0.10614288,
       -0.4315512 ,  0.09451921, -0.0877059 ,  0.05645765,  0.13384625,
       -0.0599915 ,  0.08780064,  0.02204568,  0.16796994, -0.08924415,
        0.16825137,  0.24459945, -0.05829775,  0.05027948, -0.01008294,
       -0.06947302, -0.12854402,  0.06945281, -0.05172126, -0.02845376,
       -0.08849061,  0.03636953, -0.05946668,  0.07600351,  0.03908842,
       -0.01482326, -0.03073973,  0.06554841, -0.00720109,  0.1513801 ,
       -0.12394392,  0.05132775,  0.13409866, -0.02010184, -0.07258976,
       -0.09359775,  0.03716963,  0.06922861,  0.10286642,  0.01933998,
       -0.17326286,  0.09129337,  0.06947337, -0.04254258,  0.03236719,
       -0.06550197,  0.11792381, -0.05490356, -0.0773482 ,  0.14181662,
        0.00889152, -0.07346531,  0.06587326,  0.16817027,  0.08528637,
       -0.13367096, -0.0077905 ,  0.10648271,  0.1187463 ], dtype=float32), np.int64(39193): array([-0.33121464, -0.07304524,  0.15127206, -0.36616433,  0.00635957,
        0.4392094 , -0.17480728,  0.07748745,  0.15575418, -0.12554383,
       -0.19945979,  0.1779592 ,  0.06572653, -0.0195059 , -0.01339027,
       -0.03538148,  0.13566127, -0.08350251,  0.0949918 , -0.10923396,
       -0.01169428,  0.02976486, -0.091541  , -0.13041845, -0.12461725,
       -0.15477993,  0.15756303,  0.04161702, -0.18913609, -0.12274005,
       -0.06981379, -0.06310597,  0.02344664, -0.05186295, -0.01286612,
        0.00847907, -0.01070534, -0.07703413,  0.11582078, -0.06504387,
        0.05453181,  0.0287859 ,  0.03307339,  0.18210329, -0.08383255,
       -0.11457452, -0.00912422,  0.04942638,  0.04718697,  0.002373  ,
       -0.0103785 ,  0.01047738, -0.0418655 , -0.05753099,  0.003226  ,
       -0.12613578,  0.07528318,  0.0062311 ,  0.09941019,  0.01592347,
       -0.20603082, -0.01600028, -0.1020837 ,  0.04577649], dtype=float32), np.int64(48295): array([-0.42568174, -0.15902622,  0.23475666, -0.08138908, -0.18910626,
       -0.28254947, -0.13493833,  0.13806936, -0.04247204,  0.03715929,
       -0.00994221,  0.12087743,  0.0438632 ,  0.17981383,  0.14402635,
        0.05713745, -0.15085022,  0.03867308,  0.15966253,  0.10520858,
        0.07996736,  0.00447813, -0.11710105, -0.19151147,  0.09411664,
        0.016699  ,  0.05933349, -0.02548363, -0.01820763,  0.02065156,
       -0.15452892, -0.04424348, -0.18705475, -0.02323322,  0.17235789,
        0.02156916, -0.14835112, -0.03605606, -0.03193814, -0.1249439 ,
       -0.13016742,  0.11665239,  0.05817707, -0.06545465,  0.06730203,
        0.13020124,  0.08400639, -0.02795615, -0.00770723,  0.12204122,
       -0.13652085,  0.08587525,  0.04954882,  0.13475445,  0.01278973,
       -0.09437761,  0.01158365,  0.05902084, -0.16095926, -0.18328796,
       -0.05815249, -0.11605405,  0.08311617,  0.12047914], dtype=float32), np.int64(95617): array([-0.31072804,  0.116974  ,  0.14620131, -0.10199929, -0.09404276,
       -0.41888255,  0.08898977,  0.00450869,  0.00306219,  0.08969175,
       -0.05990817,  0.06399278,  0.11851261,  0.05951895,  0.01424616,
        0.14893354,  0.0743965 , -0.02292922,  0.05736339,  0.06033765,
        0.01209366,  0.0353785 , -0.04593935, -0.12303598,  0.07221342,
        0.05997747, -0.04208641,  0.17419194, -0.03550977, -0.00187548,
       -0.05255719,  0.02553481,  0.00789282, -0.08453364,  0.08656178,
        0.14681795, -0.06948765,  0.0079258 ,  0.21722838, -0.1130118 ,
       -0.17481048,  0.23530583,  0.20378625,  0.04169601,  0.00088326,
        0.10360288, -0.05828401, -0.0347993 ,  0.00559562, -0.14725742,
       -0.10777868,  0.07460202, -0.22607791,  0.11606959, -0.02417395,
       -0.09478807, -0.03621143, -0.1561579 ,  0.25272077,  0.19311675,
        0.10184393, -0.05491111,  0.0479577 ,  0.17761256], dtype=float32), np.int64(100158): array([-0.2882245 ,  0.15409826,  0.20032799, -0.5696974 ,  0.03573917,
        0.4676589 , -0.1171784 ,  0.11003397, -0.04031228, -0.02959882,
       -0.01511982, -0.07782944, -0.01754546,  0.06121424,  0.13285568,
        0.01952818, -0.08154278,  0.0086766 , -0.13019162,  0.05693389,
        0.01570181, -0.05876544, -0.02498275,  0.0602778 ,  0.1036095 ,
        0.09402431, -0.16042498, -0.14168042,  0.15822275,  0.05470698,
        0.12276264, -0.05946945, -0.07979308, -0.01810288,  0.04924054,
        0.00974809,  0.01419647,  0.05273739, -0.17312165,  0.04046486,
       -0.1376075 ,  0.04864332,  0.05021572, -0.04279475,  0.01020431,
       -0.05963364, -0.00169287, -0.05387093, -0.0018454 ,  0.04049936,
       -0.02178176,  0.0282224 , -0.0730316 , -0.04813568, -0.10349827,
       -0.04776227,  0.02965753,  0.02723197, -0.01722329, -0.01806583,
        0.03686708,  0.03873819, -0.0133965 ,  0.00622248], dtype=float32), np.int64(10245): array([-0.35081762, -0.22465014, -0.01111783,  0.01151857, -0.01032864,
       -0.01046366, -0.07222235, -0.04263664,  0.21709815,  0.0674815 ,
       -0.10752445, -0.01639671,  0.25365514, -0.19503641,  0.14376006,
       -0.002219  ,  0.1444518 , -0.01574207, -0.21027355, -0.00263856,
        0.11465766,  0.30240643, -0.06659027,  0.12901324, -0.07485951,
       -0.03994066, -0.10709956,  0.16135886,  0.07348192,  0.19640599,
       -0.14708729,  0.2372903 , -0.04883521,  0.0752617 ,  0.09491156,
       -0.02661468, -0.00178841, -0.06398199, -0.01202818, -0.00364344,
       -0.15028767, -0.03732489,  0.10457914, -0.13930227, -0.19803622,
       -0.25261757,  0.00646902,  0.02862116, -0.11367083, -0.05556129,
       -0.02893935, -0.00888704, -0.01253591, -0.07717591, -0.0276418 ,
       -0.00262989,  0.00789906,  0.01409088,  0.0848124 , -0.17452438,
       -0.11768924,  0.01408138,  0.07394592, -0.11522192], dtype=float32), np.int64(10307): array([-0.32511187,  0.20165958, -0.29808623,  0.2859616 , -0.08198559,
        0.10575052, -0.14063309,  0.13874021,  0.12422328, -0.22503407,
        0.15269771, -0.01698057,  0.0547237 , -0.03121309, -0.11233699,
       -0.03190348,  0.1137649 ,  0.00250913,  0.11233152,  0.01033793,
       -0.03437174, -0.08494845,  0.35427788, -0.01575452,  0.06452079,
        0.02042479,  0.03852645,  0.07833369,  0.17159645,  0.09074277,
        0.00062772, -0.09246086, -0.16041856,  0.06235871,  0.07079308,
        0.25323564, -0.03777838,  0.09261109, -0.01297622,  0.2099108 ,
       -0.02605392, -0.02319566,  0.03010658,  0.09206931,  0.04968636,
        0.00645252, -0.00271361,  0.05316152, -0.07980385, -0.02232922,
        0.12931783,  0.00421206, -0.01536892, -0.03056057, -0.0284185 ,
       -0.02767194, -0.02157856, -0.0452325 ,  0.18358019, -0.07515113,
       -0.03599711,  0.02554771,  0.20606597,  0.1377095 ], dtype=float32), np.int64(14797): array([-0.0739278 ,  0.09299643,  0.02091142, -0.03866749, -0.02983908,
       -0.15181772,  0.06196038, -0.04247599,  0.04021455,  0.02585009,
        0.00150236,  0.06969997, -0.04671139, -0.03713906, -0.04251862,
        0.0874043 ,  0.1720905 ,  0.09614044, -0.01762703,  0.03876795,
        0.00915603,  0.04401336,  0.27444878, -0.0228825 , -0.01664163,
       -0.10441519,  0.04758433,  0.02038397,  0.13589543,  0.10876697,
        0.06821582, -0.04044354, -0.10028485,  0.00202206,  0.15773632,
        0.31743857, -0.16747393,  0.07486665, -0.07686277, -0.03087054,
        0.4178996 ,  0.10020122, -0.1895069 , -0.04270674, -0.08633465,
        0.18618718, -0.09637222, -0.15343298, -0.04051568, -0.12370248,
        0.04145158, -0.07732995,  0.007172  ,  0.17979625, -0.17175685,
        0.11498773,  0.13533138, -0.03501783, -0.17453714,  0.02894494,
        0.20652361,  0.0394696 , -0.19327688,  0.24391401], dtype=float32), np.int64(35832): array([-0.300041  , -0.18098728,  0.1919278 , -0.0074431 , -0.09311367,
       -0.10574506, -0.10462894, -0.00849209,  0.08905813, -0.05126131,
       -0.11803564,  0.15001617,  0.04695024, -0.04659609,  0.27477086,
        0.03330557, -0.07480568, -0.03937976, -0.15274315, -0.06228503,
       -0.02473984,  0.05727963, -0.08992837, -0.23057368,  0.3019021 ,
        0.07650225,  0.0955711 ,  0.23224579,  0.12687671,  0.14374748,
        0.06812784,  0.19184797,  0.09661238,  0.01420736, -0.00928698,
        0.04019189,  0.01572076,  0.02523291,  0.16589783, -0.17177424,
       -0.11404167,  0.09420199,  0.05289545, -0.1272238 ,  0.04641682,
        0.24676788,  0.16369556, -0.16861117,  0.10296463,  0.11070988,
        0.02853712, -0.21103604, -0.02362623, -0.03469891, -0.02535945,
        0.1407516 ,  0.01285433,  0.06316613, -0.05390133, -0.0430153 ,
        0.06433817,  0.07334016, -0.08010907, -0.01172198], dtype=float32), np.int64(49326): array([-0.32226887,  0.12674631,  0.1389303 , -0.5617607 , -0.09795237,
        0.45392305, -0.10960816,  0.16876446, -0.01941165,  0.01115173,
       -0.01897193, -0.07839186,  0.05357025,  0.12400406,  0.13908927,
        0.03772645, -0.07133381,  0.03138447, -0.09032952,  0.09961173,
       -0.08825517,  0.01420244,  0.13020612,  0.01309371,  0.06845977,
        0.02972898, -0.04246021, -0.0568441 ,  0.03316214, -0.0142153 ,
        0.21820071,  0.08435395,  0.01404795, -0.05676224, -0.03244708,
       -0.12751201, -0.04776483, -0.05270204,  0.04985934,  0.02403762,
       -0.10916867, -0.05285141, -0.01986856, -0.03829647,  0.07858466,
        0.01496185, -0.10497408, -0.0222111 , -0.00560633,  0.00140091,
       -0.05503049,  0.05824037, -0.14003535,  0.00348893, -0.04290562,
       -0.04243549,  0.00554868, -0.04692874,  0.09986238, -0.03483664,
       -0.08915687, -0.06162719,  0.04679557,  0.08201126], dtype=float32), np.int64(61805): array([-1.90169007e-01,  1.13517679e-01,  1.13362029e-01, -8.93298835e-02,
       -1.16482668e-01, -2.62617230e-01, -4.93907882e-03,  5.04651181e-02,
       -4.30032685e-02,  7.35399574e-02, -1.07733058e-02,  2.33660474e-01,
        3.90448682e-02, -9.95973870e-03,  2.27601957e-02,  8.50067064e-02,
       -1.46174043e-01,  8.53385404e-02, -4.29032035e-02,  6.26955107e-02,
        5.64023256e-02,  3.11882962e-02,  2.40940824e-02, -2.59556949e-01,
        5.02694622e-02,  8.22233483e-02, -9.37051252e-02,  1.72410220e-01,
        6.34421632e-02,  9.66248512e-02, -2.65662909e-01, -9.03561190e-02,
        4.68135439e-02,  1.07852362e-01,  2.07096934e-01,  2.79841661e-01,
       -1.00088246e-01, -5.82652353e-03,  8.60421732e-02, -1.98536873e-01,
       -1.73189670e-01,  1.73034653e-01,  1.38287440e-01,  6.21465109e-02,
        4.70258780e-02, -1.89288601e-01,  1.74062550e-01,  2.57571286e-04,
        2.32254658e-02,  3.27256881e-02, -7.53591210e-02,  2.67755300e-01,
       -1.83448754e-02, -2.98840962e-02,  3.08522396e-02,  2.55456492e-02,
       -1.45140216e-01,  1.31548017e-01,  3.91598865e-02, -1.33038551e-01,
       -1.04091860e-01,  5.95131218e-02, -1.70422480e-01, -3.54247428e-02],
      dtype=float32), np.int64(87702): array([-0.32602033,  0.17447379,  0.17834993, -0.58883893,  0.02301277,
        0.42921022, -0.10976285,  0.13059282, -0.00263947, -0.03434444,
       -0.00545653, -0.04096455, -0.04931069,  0.07552712,  0.1236374 ,
        0.03168546, -0.03866697,  0.08487581, -0.1052472 ,  0.06741103,
        0.01209325, -0.04063654,  0.18642664,  0.05225057,  0.1239502 ,
        0.06752476, -0.06808808, -0.05848289,  0.20352939,  0.03888498,
        0.17724517, -0.06019263,  0.01144012,  0.04895264,  0.06507374,
        0.02017252, -0.01550002,  0.0482344 , -0.03023105,  0.02904299,
       -0.04646286, -0.00567872,  0.03540421, -0.0566588 , -0.08692136,
       -0.06753258, -0.0557109 , -0.04758841, -0.01323253, -0.01885501,
        0.00545972,  0.03171573,  0.01351968,  0.0465668 , -0.0933991 ,
        0.03196257,  0.03019624, -0.05133834, -0.10278617, -0.00669108,
        0.08593257, -0.01065516, -0.03383739,  0.0436293 ], dtype=float32), np.int64(91640): array([-0.2887071 , -0.09424077, -0.00253137,  0.00426776, -0.01788375,
       -0.10252298,  0.02318383, -0.05018322,  0.18592685,  0.00316825,
       -0.06797612, -0.01584339, -0.02373198, -0.05145786, -0.22649144,
        0.12333252,  0.17026456,  0.190434  ,  0.04463601,  0.11523843,
        0.12257591, -0.28875378,  0.1663685 ,  0.38075048,  0.10239894,
        0.05853771, -0.16888851,  0.19902277, -0.12178899, -0.07003776,
        0.08083047,  0.01704753, -0.03063984, -0.15365268, -0.13311654,
        0.0955762 , -0.0698984 ,  0.08441823, -0.05361535,  0.07075636,
        0.12746012, -0.09948291, -0.07783477, -0.03704777,  0.06972647,
       -0.00063507, -0.1460574 ,  0.00703975, -0.25202644,  0.09202494,
        0.05029324, -0.17764783,  0.09306893, -0.06061213,  0.04312174,
        0.00255982, -0.06442422,  0.15866105, -0.07085267, -0.0706861 ,
       -0.0039706 , -0.07259418, -0.14959155,  0.07812006], dtype=float32), np.int64(7170): array([-0.3143889 , -0.31086814,  0.228795  ,  0.05998278,  0.59538996,
        0.12324397,  0.3426378 , -0.02057028,  0.11516951, -0.09395777,
       -0.05034129,  0.01242178, -0.03178448, -0.01584011,  0.14446583,
        0.15482578,  0.01642733,  0.0287261 ,  0.02669372, -0.00866216,
       -0.02832046,  0.02809542,  0.04311968, -0.04798374, -0.06236246,
       -0.03466214,  0.02530493, -0.01271638, -0.1248735 , -0.04807271,
       -0.02339702,  0.06216069,  0.0067558 ,  0.06211919, -0.02210519,
        0.0130198 ,  0.00320222, -0.02506959,  0.09558808,  0.01815785,
       -0.01226795, -0.05415798, -0.03647276,  0.07090309, -0.00802631,
        0.05333393,  0.03556583, -0.03472449,  0.05618648, -0.05429472,
       -0.06789199,  0.00908521,  0.00162007,  0.08613525, -0.25217187,
        0.04168364, -0.04100943, -0.07336242, -0.01302101,  0.03777292,
       -0.09004405,  0.11381716,  0.10439703,  0.02625245], dtype=float32), np.int64(14981): array([-0.28500897, -0.16044115,  0.02138557, -0.01149758,  0.21684393,
       -0.05335639,  0.16514568,  0.09791362,  0.13959719, -0.00739428,
       -0.04535161, -0.12514217,  0.14377286, -0.10743719,  0.19895072,
       -0.12479094,  0.3491386 ,  0.01261115, -0.02410721, -0.14258716,
        0.3015767 , -0.08112445,  0.3987262 ,  0.03464521,  0.00964656,
        0.03176281,  0.02717954,  0.04728637,  0.20682634, -0.06088999,
       -0.00400419, -0.05080876, -0.01480659, -0.2259022 , -0.15288362,
       -0.04406788,  0.07138483, -0.04824715,  0.08594214, -0.00060613,
       -0.13192622,  0.00797549,  0.09006006,  0.08742998,  0.10432269,
        0.02668099,  0.08231408,  0.0457698 , -0.03031399, -0.05486429,
       -0.06591339,  0.06636248,  0.02032623,  0.05647362,  0.07277653,
       -0.06009092,  0.00958702, -0.01097743,  0.08889849, -0.01384783,
       -0.00873204, -0.00315134, -0.09487721, -0.19898656], dtype=float32), np.int64(28536): array([-0.26182428,  0.20069385, -0.23995264,  0.21984828, -0.04021787,
        0.07825114, -0.09908501,  0.01526648,  0.14590949, -0.13174193,
        0.09171535,  0.07464769,  0.17531049, -0.06676744, -0.08770394,
       -0.02513421,  0.00307932,  0.16625825,  0.16424508,  0.00101881,
       -0.04390078, -0.08555581,  0.3188938 ,  0.01543361,  0.03251542,
       -0.06004919,  0.03624284,  0.05696847,  0.00481537,  0.08491471,
        0.03713354, -0.00610096, -0.17272325,  0.18027717, -0.14685196,
        0.11325137, -0.19876295,  0.1379345 , -0.10349094, -0.06901065,
       -0.12448509,  0.18317297,  0.08089492, -0.05037642, -0.02593562,
        0.08819412, -0.11897534,  0.15211718, -0.12098675, -0.15878339,
       -0.08616795, -0.12422703,  0.1147933 ,  0.02957216,  0.18281871,
       -0.0651741 ,  0.01425792, -0.17949541, -0.02071333, -0.02681193,
       -0.01279776, -0.07166709,  0.20117278,  0.13880795], dtype=float32), np.int64(88326): array([-9.47094038e-02,  4.68160808e-02,  5.00474451e-03,  6.97983056e-02,
       -4.23228741e-02,  2.21796427e-02, -6.92491308e-02,  5.88626452e-02,
       -2.39348765e-02,  4.63192500e-02, -2.72582769e-01,  1.32003173e-01,
       -4.33758944e-02, -2.01051921e-01, -1.62304789e-01, -9.53350216e-02,
       -1.79460533e-02,  9.46841761e-02,  4.35002595e-02,  4.18818742e-02,
       -7.77806636e-05,  1.41903525e-02,  1.56214893e-01,  9.99447405e-02,
        4.21652682e-02, -4.61954214e-02,  5.54650649e-02,  9.94541049e-02,
        3.55937928e-01, -3.73715818e-01, -1.38156926e-02,  2.65264735e-02,
        4.57666032e-02, -1.78748295e-01, -2.21441388e-01,  1.99354049e-02,
       -2.99246877e-01, -1.22473486e-01, -2.38286294e-02, -1.04491219e-01,
       -1.85809195e-01, -1.05097122e-01, -1.37052953e-01,  6.07835595e-03,
        1.96859971e-01, -1.41671687e-01, -9.40389407e-04, -1.06666654e-01,
        1.90349892e-02, -1.66338846e-01,  1.17349448e-02, -9.76573750e-02,
        1.90605726e-02, -1.76582500e-01, -2.18080822e-02, -9.17969868e-02,
        9.90875065e-02, -4.62489054e-02, -3.87474038e-02, -8.37200731e-02,
       -3.10947057e-02,  8.10156390e-02,  6.90002441e-02, -1.56660244e-01],
      dtype=float32), np.int64(90680): array([-0.21723169,  0.11854667, -0.3200024 ,  0.22399065, -0.0215433 ,
        0.08253846, -0.10795326,  0.14924148,  0.07001778, -0.12133051,
       -0.09715154,  0.08910643,  0.26688477,  0.15125744, -0.16935915,
        0.14273852,  0.19854453,  0.17120574, -0.17417197,  0.04174834,
       -0.05910235, -0.08612842,  0.29780844, -0.0232535 ,  0.1268741 ,
        0.14410038, -0.09471833, -0.03540847,  0.17887795, -0.14037177,
       -0.09996814, -0.08488262,  0.02164363,  0.05911846, -0.01322315,
        0.1567799 ,  0.03727483,  0.01129897,  0.05831913,  0.08143223,
        0.13018788, -0.10281593, -0.0365506 ,  0.07932129, -0.07016723,
       -0.01432326,  0.02526073, -0.07590245, -0.20954123, -0.09516255,
       -0.02724931, -0.04614506,  0.00223781,  0.09632576,  0.00718441,
       -0.04900181, -0.1096913 ,  0.09007441,  0.16579832,  0.14253806,
        0.07282042,  0.14139882, -0.00723137, -0.00774841], dtype=float32), np.int64(99201): array([-1.65203363e-01,  2.46511325e-01,  1.07501276e-01, -6.18973613e-01,
        8.31632987e-02,  5.67009926e-01, -8.03318992e-02,  8.23985189e-02,
        4.09757234e-02, -7.05283508e-02, -9.73322615e-02, -2.47390307e-02,
       -8.52376281e-04,  9.57767889e-02, -6.91723824e-02, -4.30641435e-02,
        8.49077944e-03, -1.54413544e-02, -9.35724229e-02,  1.42837558e-02,
        1.55676026e-02, -4.72152568e-02,  1.49348341e-02,  4.48209196e-02,
        8.89212713e-02,  5.80138303e-02, -9.12021846e-02, -6.21785820e-02,
        1.06757738e-01,  6.35200292e-02,  1.47810608e-01, -2.37359833e-02,
       -1.02107808e-01,  1.20574394e-02,  7.14768469e-02, -8.91151875e-02,
       -5.63564859e-02,  2.33708713e-02,  3.45175737e-03,  1.41629605e-02,
       -7.81022385e-02,  2.43439209e-02,  3.11240612e-04, -1.56346858e-02,
        2.73616202e-02, -5.56920357e-02, -2.48923227e-02, -4.24160063e-02,
        6.96044369e-03,  3.04093454e-02,  1.70795508e-02,  2.42964588e-02,
       -7.54827484e-02,  8.53202771e-03,  5.80162555e-02,  4.01822701e-02,
       -7.97776133e-03, -2.59650722e-02,  3.49516310e-02, -2.35604085e-02,
       -4.37240526e-02, -8.99943858e-02, -3.15530859e-02, -2.96681318e-02],
      dtype=float32), np.int64(3958): array([-0.35346916,  0.31905657, -0.12107959,  0.28900108, -0.02700505,
        0.0060336 ,  0.03805385,  0.16441415, -0.02008653, -0.07882895,
        0.09636196,  0.01641088,  0.03130262, -0.18015489,  0.00106089,
       -0.05914376, -0.01439732,  0.05791199,  0.19157074,  0.03822139,
       -0.01144874, -0.10524751,  0.28104895,  0.05207841, -0.07779322,
       -0.06254066,  0.07375229,  0.00191696, -0.0159493 ,  0.00675436,
        0.08522652,  0.08343194, -0.17397343,  0.11571154,  0.10720948,
       -0.03678743, -0.01907342, -0.15497346, -0.19477627,  0.08900671,
        0.0744361 , -0.00635264,  0.23546593,  0.0413599 ,  0.0185463 ,
        0.08345136,  0.24678668, -0.10099369, -0.00481885, -0.10519352,
        0.02386125, -0.08866862,  0.15839459, -0.17387411,  0.11418027,
        0.01093362, -0.13863641, -0.13906215, -0.0778133 ,  0.08144598,
       -0.03954012, -0.052898  , -0.01383549,  0.12836629], dtype=float32), np.int64(14516): array([-0.10822448,  0.01984141,  0.08568925, -0.0312995 , -0.11171823,
       -0.17510198,  0.01670205,  0.04260965, -0.08132451, -0.03848301,
        0.0364734 , -0.2651171 , -0.10333256,  0.08168475, -0.24165788,
        0.16397393,  0.05742845, -0.0405403 ,  0.02876049,  0.03848089,
       -0.01908726,  0.02300117, -0.03135749, -0.04397698,  0.10224154,
       -0.05240187,  0.18879516, -0.03993012,  0.04748042, -0.0163412 ,
        0.37243342,  0.05749312,  0.31471997,  0.03905505, -0.16123988,
       -0.14879027,  0.06155092,  0.05302251, -0.07707164,  0.1903879 ,
        0.05840093, -0.13331376,  0.0226918 ,  0.03158283, -0.16239195,
       -0.00761002,  0.03197957,  0.14634256, -0.05820695,  0.02955365,
        0.11114697, -0.11970202,  0.08439294,  0.07010087,  0.14272548,
       -0.09644965, -0.02639454,  0.14488894, -0.1274107 , -0.32459882,
       -0.16644225,  0.09406422, -0.11812046,  0.10222793], dtype=float32), np.int64(21870): array([-0.43585438, -0.0512353 , -0.4121012 , -0.06086529, -0.1999838 ,
       -0.08282697,  0.10634566, -0.05636238,  0.09649034, -0.05966347,
       -0.01999764,  0.01642261, -0.10134389, -0.11096635, -0.17683044,
        0.16624135, -0.00526087,  0.06559277,  0.14742796, -0.01311402,
       -0.02748046, -0.03855594,  0.24417347, -0.10747914, -0.07859349,
        0.06275346,  0.04230112,  0.01847162,  0.24716608,  0.13295357,
       -0.05243382,  0.08562841, -0.09786522,  0.00184901, -0.08304354,
       -0.16106093, -0.00523584, -0.04339408, -0.20819977,  0.03441419,
        0.10172391,  0.09997509, -0.05205985,  0.09403898, -0.03471319,
        0.06259213,  0.04436202,  0.07908282, -0.13869794, -0.0793419 ,
        0.04601819,  0.0902668 ,  0.0254205 , -0.03990417,  0.07783009,
       -0.01138185,  0.15217873, -0.02901386,  0.05646673,  0.16286285,
        0.00337429, -0.13271813,  0.03143398,  0.16157904], dtype=float32), np.int64(40017): array([-0.44939712, -0.13693264, -0.086229  , -0.10155246, -0.12883028,
       -0.27688548, -0.07644942,  0.11629259, -0.08179982, -0.02134638,
        0.02913282,  0.07454523, -0.04884867,  0.1750328 ,  0.05569984,
       -0.14719947, -0.2626552 ,  0.09409426,  0.01831027, -0.03131648,
       -0.19878542,  0.03764674,  0.02456931, -0.13150267,  0.38508248,
        0.01657742,  0.00498594,  0.05203236,  0.01122585, -0.03740193,
       -0.10892873, -0.07627851,  0.02068212,  0.01684209, -0.11744497,
       -0.1886839 , -0.00503433,  0.1766937 ,  0.06552579,  0.04317774,
       -0.03664112, -0.00859828, -0.02247352,  0.06910339,  0.04552438,
        0.08175905,  0.08513504,  0.06025777,  0.04596476, -0.01505009,
       -0.17469902,  0.04962649, -0.09004977, -0.00380494, -0.13604645,
        0.03280409,  0.0946504 ,  0.08456729, -0.14937724, -0.14862742,
        0.10552599, -0.13985734, -0.03143523,  0.00203252], dtype=float32), np.int64(46869): array([-0.15556362,  0.23717752,  0.11592697, -0.5708895 ,  0.07821865,
        0.5378111 , -0.07816356, -0.03881907,  0.03342239, -0.01951559,
       -0.01222669, -0.11175218, -0.03427002,  0.12293085,  0.01998393,
       -0.05190995, -0.01423797, -0.011928  , -0.12224633,  0.03815157,
        0.01084158, -0.04726117, -0.01121743,  0.07488089,  0.12083969,
        0.10076255, -0.14953738, -0.11940996,  0.16139217,  0.05729361,
        0.1735372 , -0.02844827, -0.08585283,  0.0019038 ,  0.05292257,
       -0.10691354, -0.03881528,  0.01940094, -0.0643564 ,  0.00625515,
       -0.09375494,  0.03360329,  0.02786261, -0.01745591, -0.02950962,
       -0.03993187, -0.06256362, -0.08286861,  0.04498624,  0.03597348,
       -0.0340636 ,  0.02221577, -0.06448761, -0.00778446, -0.10454393,
       -0.04883888,  0.02407662, -0.02823113, -0.10183433,  0.01695452,
        0.04068441,  0.04052271, -0.0233131 ,  0.08333698], dtype=float32), np.int64(61033): array([-1.87886655e-01, -2.21989885e-01,  1.44803166e-01, -7.79190008e-03,
        8.18464458e-01, -1.77306294e-01, -3.31284821e-01, -4.37289923e-02,
        8.04841816e-02, -1.58774719e-01, -2.48558093e-02, -3.96992825e-02,
       -4.67639677e-02, -1.02131650e-01,  7.89621621e-02,  1.24089606e-01,
        5.87653480e-02,  7.28548877e-03,  2.75018830e-02,  6.47995621e-03,
       -1.25765288e-02, -3.04394937e-03,  1.47877382e-02, -1.01800924e-02,
       -3.20799947e-02,  6.71859365e-04, -1.49276201e-02, -2.81876884e-02,
       -3.25385045e-04, -9.95196681e-03,  5.66182286e-03,  1.11929020e-02,
        2.53605433e-02,  9.63198766e-03,  1.08480330e-04, -3.37435538e-03,
        7.92039838e-03,  2.91943201e-03,  4.89188079e-03,  2.13216059e-03,
        3.25195305e-02,  2.90416572e-02,  5.91707707e-04, -4.34280606e-03,
        4.85276952e-02,  1.20342271e-02, -1.05329659e-02, -8.08262359e-03,
       -1.13213230e-02, -3.80223175e-03,  1.25234947e-02,  1.95164152e-03,
        2.07176781e-03, -1.27235483e-02,  2.54369760e-03,  2.00265646e-03,
        1.51703274e-03,  2.60450155e-03, -2.45643430e-03,  1.53878541e-03,
       -1.82858855e-03,  2.10677390e-03,  1.09372232e-02, -1.04401708e-02],
      dtype=float32), np.int64(80935): array([-0.22969986,  0.04817824, -0.28268424,  0.12273895, -0.05522237,
        0.08822331, -0.12587473, -0.17952655, -0.10408045,  0.15010732,
       -0.33771986, -0.03040258,  0.04137624, -0.17363761, -0.10256244,
       -0.07470682, -0.02393603,  0.04460979, -0.07155339,  0.0439873 ,
       -0.04862299, -0.11113966,  0.06324928,  0.04363344,  0.05823377,
       -0.15315838,  0.01782616,  0.03328859,  0.00350129, -0.01224083,
       -0.04846028, -0.03491533,  0.06005951, -0.07334917, -0.02975792,
        0.09516063, -0.50976676, -0.05148582, -0.09016718,  0.02382839,
       -0.20409054,  0.14134789, -0.08421196, -0.09336016,  0.06139267,
       -0.11709381, -0.10841271,  0.01251607,  0.05252748, -0.25446895,
       -0.00522522, -0.04001587,  0.18052131,  0.05840597,  0.05600367,
       -0.08209395,  0.03887011,  0.0698525 , -0.02697248, -0.10400247,
       -0.01749716,  0.04018533,  0.0169377 , -0.01890816], dtype=float32), np.int64(94984): array([-0.31073508,  0.01226158, -0.30156854, -0.1574743 , -0.12746197,
        0.0715509 , -0.11146165, -0.00154555, -0.06960155,  0.00263004,
        0.12299405,  0.21909463, -0.07996719, -0.1841709 , -0.03989517,
       -0.1760076 ,  0.22288848,  0.07054826, -0.05554097,  0.1077458 ,
       -0.19880293, -0.04066467,  0.4251842 , -0.01600428,  0.12070899,
       -0.13701995, -0.14116232,  0.00194048,  0.01100881, -0.00947803,
       -0.08398162,  0.01440977, -0.0366591 ,  0.12524861, -0.03794109,
        0.07604535, -0.07467055, -0.03139879,  0.06958365, -0.00370095,
        0.08365965, -0.08369104, -0.0125802 , -0.01275271,  0.10322497,
        0.08493637,  0.03515232,  0.1730147 ,  0.04003612,  0.09065834,
       -0.05506928, -0.04129851,  0.09579662,  0.05619176,  0.0925307 ,
        0.0727824 , -0.09273416, -0.08459871,  0.08239523, -0.08650482,
        0.01220331, -0.08337326,  0.28202707, -0.0642418 ], dtype=float32), np.int64(99657): array([-0.01009858,  0.01239334,  0.00298535, -0.00505126,  0.00873474,
       -0.01722278, -0.00176717, -0.02076021,  0.00091205,  0.00691458,
        0.00311602,  0.00063868,  0.00973827, -0.02146078,  0.00073374,
        0.01136067,  0.00891541,  0.01454568,  0.00333792, -0.01402064,
        0.01760734,  0.01536393, -0.01182343, -0.03229735,  0.02398791,
        0.03013172, -0.02060729, -0.04172591, -0.15674387,  0.01312046,
        0.0090978 ,  0.05775575, -0.01160252,  0.04957955, -0.00556821,
        0.02464116, -0.08707109, -0.06569027,  0.04742379,  0.0238241 ,
       -0.42130005, -0.36518174, -0.15082884,  0.5490032 , -0.37696144,
        0.3178675 , -0.17691061, -0.09470539, -0.00964935,  0.05337929,
       -0.00482348, -0.0031072 , -0.04082347, -0.07571893,  0.04580241,
       -0.03255544,  0.05902434, -0.03518361, -0.00917581,  0.03256929,
        0.05564405,  0.01030447, -0.0645526 ,  0.03159523], dtype=float32), np.int64(54502): array([-0.3521484 , -0.04390865,  0.19352326, -0.09706884, -0.11103036,
       -0.3552237 ,  0.03451437,  0.16105658,  0.07683327, -0.12338098,
       -0.183224  ,  0.0543507 , -0.00739154,  0.1700414 ,  0.03144101,
        0.00971285,  0.02807982,  0.01500755,  0.20200206,  0.18586357,
        0.08426957, -0.0641948 , -0.06414255,  0.16703787,  0.0053037 ,
        0.03288015, -0.04794732, -0.08688322,  0.1470514 ,  0.00064433,
       -0.19343485, -0.03763178,  0.01392319, -0.13833025, -0.08584102,
       -0.04920189,  0.04220172,  0.11110888,  0.15538785,  0.00638088,
       -0.0474557 ,  0.08609254, -0.01319936,  0.14057657, -0.10608597,
        0.08400631,  0.07509416,  0.08752051,  0.0377956 , -0.19097388,
        0.06118979, -0.06180444,  0.03776369, -0.08359718, -0.09337749,
       -0.02644969, -0.20087293,  0.24775435, -0.16185461, -0.0703141 ,
        0.04699667, -0.1550745 ,  0.14920804, -0.09745499], dtype=float32), np.int64(60429): array([-0.13976929,  0.01549925,  0.10675346, -0.04435195, -0.11308581,
       -0.24283722,  0.01149947,  0.05901744,  0.00137262, -0.048784  ,
       -0.02472326, -0.07115039,  0.01881195,  0.20303196,  0.0421984 ,
       -0.5455505 ,  0.3601697 , -0.19566791, -0.09133971,  0.17119136,
        0.15206614, -0.06155203, -0.0398757 , -0.21836494, -0.28784084,
       -0.12783715, -0.02942463, -0.1416616 ,  0.08441997, -0.00730886,
        0.0619141 , -0.07760879,  0.05462075,  0.04118573, -0.03154541,
       -0.12663576,  0.02957622, -0.01817035, -0.08289737,  0.07563341,
        0.0211979 , -0.0147658 , -0.09243812,  0.02202033, -0.0165521 ,
        0.00072524, -0.02719774,  0.10589796, -0.04327611,  0.03094424,
        0.09691299, -0.06498364,  0.10644758, -0.00661108,  0.01611571,
        0.03689711, -0.025198  , -0.05570512,  0.05697499, -0.03909017,
        0.04302532,  0.03808495,  0.14758982, -0.05448708], dtype=float32), np.int64(76895): array([-0.44076473, -0.05433549, -0.09434755, -0.12558997, -0.11476012,
       -0.17750926, -0.05536807,  0.08510703, -0.07569784,  0.00242739,
        0.03195839,  0.0419354 ,  0.03714331, -0.05554586,  0.11074501,
        0.13197976, -0.05610237,  0.05755781, -0.1558909 , -0.1097376 ,
       -0.10561161, -0.08614096,  0.35923812, -0.0443144 ,  0.06355555,
       -0.16624871, -0.10071332,  0.14918925,  0.03600743,  0.06705016,
       -0.10563944,  0.00760571, -0.21931812, -0.05105298, -0.04410675,
        0.37791768, -0.04466819,  0.0714079 , -0.00117269, -0.05926153,
       -0.04637869, -0.09223814,  0.06408983, -0.09250686,  0.06058796,
       -0.12844954, -0.08379059,  0.05228518, -0.12428162, -0.12081805,
       -0.14579779,  0.02820423,  0.1357779 ,  0.02082269,  0.04127192,
       -0.16389576,  0.11942302, -0.04690914,  0.04219361, -0.10206141,
       -0.09603338, -0.02849887,  0.09588455, -0.01472296], dtype=float32), np.int64(82224): array([-0.36890382,  0.08561285,  0.2194754 , -0.25652748, -0.28752634,
       -0.09872929,  0.00983411,  0.02172392,  0.06839999, -0.06093746,
       -0.12556618,  0.04665039, -0.01816918,  0.06786465,  0.1714267 ,
        0.22926506,  0.07021669, -0.0030503 ,  0.1682933 ,  0.05902791,
       -0.00369971, -0.10397206, -0.05519748,  0.16928057, -0.06587665,
        0.02439366, -0.18624122,  0.06692801, -0.06100637,  0.00468898,
        0.09475926,  0.01095189, -0.05494542, -0.02578149,  0.10619196,
        0.16188431, -0.15864518,  0.16149281,  0.08524552,  0.04175274,
       -0.01790427,  0.00152849,  0.1258815 , -0.02500096,  0.22861522,
       -0.1520386 , -0.11539072, -0.04994674, -0.14483099, -0.15197358,
       -0.03890198, -0.10524756, -0.12914596, -0.01141037,  0.23437838,
        0.06909002, -0.00897914,  0.05202393,  0.10914548,  0.09835305,
        0.14002216,  0.01890717, -0.11501973, -0.00515774], dtype=float32), np.int64(86690): array([-0.16598704,  0.20137335,  0.14096   , -0.54911476,  0.17907943,
        0.48827204, -0.10433583,  0.04994315,  0.02599408, -0.0836053 ,
       -0.08751665, -0.03842838, -0.01522405,  0.0208126 , -0.05196598,
       -0.02922961, -0.00763669, -0.03678561, -0.2261102 ,  0.04409456,
        0.01920605, -0.05828942,  0.00759679,  0.07435759,  0.10654174,
        0.09956867, -0.12880334, -0.10948672,  0.11934534,  0.05269136,
        0.17501271, -0.05223274, -0.07215405,  0.02019002,  0.08316282,
       -0.17300577, -0.04784362,  0.01079505,  0.00072747, -0.00070867,
       -0.10858957,  0.05533884, -0.00147562, -0.06200821, -0.00840057,
       -0.11027395, -0.06967819, -0.07580394,  0.04439735,  0.01394416,
       -0.02542631, -0.017814  , -0.10644909, -0.04781585,  0.02197104,
        0.04521101, -0.00382239,  0.05444453,  0.0729552 ,  0.03486668,
        0.05444103, -0.01427303, -0.0757025 ,  0.1321909 ], dtype=float32), np.int64(93836): array([-0.02941707,  0.03517679,  0.00402772, -0.01318278, -0.01068794,
       -0.04678227,  0.01754841, -0.02668977,  0.00048086,  0.00621043,
        0.01193085,  0.0076379 ,  0.0053174 ,  0.0046121 ,  0.02262037,
        0.03190971,  0.03699104, -0.00710068,  0.02948862,  0.0028879 ,
        0.00505938,  0.05054044,  0.01234991, -0.00830798,  0.00591735,
        0.04952085, -0.05903481, -0.10330586, -0.1856128 , -0.00790895,
        0.07113037,  0.11228945,  0.06096217, -0.03642185, -0.03997639,
       -0.04190032, -0.09344393, -0.00292855, -0.11393482, -0.06777568,
        0.05088574, -0.19106156,  0.01791008,  0.00142577,  0.01844779,
        0.15812741,  0.06488122, -0.04686792,  0.10490085,  0.2259821 ,
       -0.00280675,  0.11494683, -0.3604099 ,  0.134139  , -0.09119018,
       -0.12976196, -0.17526424, -0.06067093, -0.03327017, -0.45797816,
       -0.05824002, -0.42994907, -0.12703343, -0.33880675], dtype=float32), np.int64(98831): array([-0.1638426 ,  0.24429226,  0.10929007, -0.62304157,  0.08221942,
        0.56708944, -0.07993776,  0.07905345,  0.03941724, -0.06902352,
       -0.10099123, -0.02837145,  0.0009241 ,  0.11319572, -0.06606929,
       -0.02896467,  0.01736557, -0.02670988, -0.09493479,  0.00883274,
        0.00948828, -0.04526545,  0.00609984,  0.03711829,  0.05682822,
        0.03383859, -0.06419326, -0.0454165 ,  0.07728668,  0.03814359,
        0.15134248, -0.01203048, -0.08709463,  0.01333071,  0.0741492 ,
       -0.14291973, -0.072788  ,  0.00274579,  0.08860607,  0.01623894,
       -0.05821727,  0.01744547, -0.01909968, -0.0076288 ,  0.01428768,
       -0.06268068, -0.05543939, -0.06610048,  0.05816834,  0.05449516,
       -0.03348044,  0.01971344, -0.08197501,  0.01662187, -0.00772449,
        0.03865919, -0.02308465, -0.02724934, -0.00737835,  0.0022669 ,
       -0.02363471, -0.00427089, -0.01307118,  0.0321026 ], dtype=float32), np.int64(103351): array([-0.3467958 , -0.19229189,  0.14495853, -0.0152222 , -0.02272847,
        0.08245376, -0.10416812, -0.0331483 ,  0.18224831, -0.10147899,
       -0.10509584,  0.15432084,  0.04485511, -0.14026456,  0.14913894,
       -0.06914716,  0.17273255, -0.01539138,  0.302245  , -0.12489346,
       -0.01725931,  0.02755616, -0.09596049, -0.10357065, -0.14845954,
       -0.08831149,  0.02250669,  0.00916143,  0.18688895,  0.232815  ,
       -0.06431025,  0.17521794, -0.0313508 ,  0.00943105,  0.1109673 ,
       -0.11923764, -0.00356001, -0.16451918, -0.06299921,  0.10419369,
        0.0440606 ,  0.02689589,  0.03215643,  0.06442278, -0.00166114,
       -0.114654  ,  0.13636127,  0.17663038, -0.01649929,  0.0493615 ,
       -0.05306845, -0.02895299, -0.07104953, -0.18011886,  0.05674855,
        0.18904646, -0.06016916,  0.14153782, -0.04571862,  0.06227076,
        0.21682788, -0.14845812, -0.1298575 ,  0.15524797], dtype=float32), np.int64(23919): array([-0.29635373,  0.16286674,  0.11209294, -0.5738623 ,  0.08275648,
        0.51269287, -0.08879324,  0.073173  ,  0.11492462, -0.06526195,
       -0.06979745, -0.00097083, -0.05797183,  0.08481815,  0.06940877,
       -0.05983108,  0.1020482 ,  0.13744958, -0.10002805,  0.02703553,
       -0.02720269, -0.10739689,  0.12850471,  0.00071625,  0.07611926,
       -0.0071718 , -0.02132549, -0.00910973,  0.08020413, -0.02888281,
        0.0912592 , -0.06372366, -0.07831261, -0.10446281, -0.05969317,
        0.1322916 , -0.03526569,  0.03353852, -0.00888793,  0.03904367,
        0.04904325, -0.02568999, -0.03493207, -0.04411548,  0.06091262,
        0.03373842, -0.02097094,  0.01915245,  0.07212607,  0.01660495,
       -0.09480028, -0.08155046, -0.0633062 ,  0.04561718,  0.03594122,
       -0.05410712, -0.13387106, -0.0725063 , -0.028808  ,  0.04996381,
        0.02539022,  0.03501514,  0.05062671, -0.09128409], dtype=float32), np.int64(87864): array([-0.2700403 , -0.04675905,  0.14418218,  0.04837348, -0.23830086,
       -0.04558706,  0.0522231 , -0.08100259,  0.1065807 , -0.0184718 ,
       -0.07303624,  0.17143661,  0.01040562, -0.09196874,  0.07715672,
        0.03479442,  0.27792725, -0.0578149 , -0.02868952, -0.05168674,
       -0.01753172, -0.02307247,  0.10691182, -0.07086102, -0.14511016,
       -0.11891495,  0.04657203, -0.00445776,  0.01587408, -0.03833474,
        0.02597805, -0.03863421, -0.04308476,  0.03324318,  0.15539421,
        0.14431602, -0.11479471,  0.02798266,  0.01609327, -0.02798372,
       -0.01548855, -0.15222515,  0.11146957, -0.18941943,  0.1107254 ,
        0.04706006, -0.2581826 , -0.290349  ,  0.00699194, -0.2109824 ,
       -0.23245335,  0.18365218, -0.01646977, -0.0020326 , -0.20602049,
        0.1337557 , -0.0203873 ,  0.05331163, -0.17892013,  0.13403067,
        0.0568092 ,  0.22752273, -0.16483231,  0.01950546], dtype=float32), np.int64(94057): array([-0.27527198, -0.11081543,  0.08955696, -0.01377081, -0.20190571,
       -0.00354856,  0.0385472 , -0.09385452,  0.2034302 , -0.01802154,
       -0.12491079,  0.2531689 ,  0.04656791,  0.12439172, -0.11812405,
       -0.08830862, -0.11546391,  0.08975035,  0.28904235,  0.06151536,
        0.12067447,  0.02768269,  0.00752234, -0.0745606 , -0.1284563 ,
        0.06290903, -0.29240572,  0.08950313, -0.01192195,  0.18040912,
       -0.08984449,  0.30975175, -0.06112006,  0.08277647,  0.0407683 ,
       -0.03982525, -0.22980815,  0.05366107, -0.06414498, -0.01126413,
       -0.0773782 , -0.20125869,  0.05585027, -0.09399322, -0.18170185,
       -0.13177004,  0.03325352,  0.16691786,  0.01520462, -0.1946607 ,
       -0.02345545,  0.08048109, -0.02731399, -0.03771587,  0.06283775,
        0.08509915, -0.07921498, -0.06297479,  0.02169113,  0.07893731,
        0.00677778, -0.10625286, -0.08392092,  0.07830098], dtype=float32), np.int64(98273): array([-0.06753545,  0.12553231,  0.06381587, -0.33828273,  0.06028845,
        0.3349273 , -0.04289864,  0.03217719, -0.00649107, -0.02314381,
       -0.04070992, -0.06016057,  0.0212388 ,  0.10716131, -0.00206567,
       -0.0067587 ,  0.0054225 , -0.08131378, -0.10523895,  0.0084824 ,
       -0.0067228 , -0.0616026 , -0.06458801, -0.00066426,  0.00727327,
       -0.07559355,  0.05803146,  0.07563163,  0.02163968, -0.0130676 ,
        0.01176734, -0.01510358, -0.03167643, -0.045601  ,  0.05601428,
       -0.18723506, -0.14125113, -0.05191894,  0.2068097 , -0.03910767,
       -0.00449115, -0.07591037, -0.10132949, -0.00875277,  0.05348395,
        0.08836798, -0.06532697,  0.1045482 ,  0.07528   ,  0.20904613,
       -0.079391  ,  0.2138506 , -0.08660866, -0.12399541,  0.17745124,
       -0.24657801, -0.27203456,  0.02232057,  0.18290481, -0.00350101,
       -0.33118245,  0.04615171,  0.1963703 , -0.24053833], dtype=float32), np.int64(100576): array([-0.39792532, -0.01863472,  0.22194347, -0.08643015, -0.17813371,
       -0.4521847 ,  0.01845711, -0.11414432, -0.05347183, -0.13542584,
       -0.12518366,  0.07294486,  0.02163673,  0.23899041, -0.02469066,
        0.06442119,  0.04019927, -0.03109738, -0.13153037, -0.0656409 ,
       -0.05738643, -0.03872051,  0.05428854, -0.14442225,  0.09888819,
       -0.06440289,  0.19407073,  0.04894935,  0.07768162,  0.08826868,
        0.0769626 , -0.03547025, -0.06449766,  0.05382613,  0.09322916,
       -0.02537436, -0.06922062, -0.07355933, -0.06663138, -0.17085554,
       -0.11786725, -0.03442844,  0.15511578,  0.01746701,  0.01300935,
        0.1270047 ,  0.04602983, -0.13999137,  0.06480288, -0.01515596,
       -0.02693545, -0.03618788,  0.06807134,  0.05106769, -0.02711307,
        0.02269918, -0.13810626,  0.13360806, -0.21899007, -0.07857107,
        0.0510367 ,  0.05265091, -0.22320463,  0.06159894], dtype=float32), np.int64(102677): array([-3.36806685e-01, -1.03409693e-01,  8.74950364e-02, -2.75596473e-02,
       -1.10629402e-01, -1.00307979e-01, -6.26859888e-02, -3.17124218e-01,
        3.88046019e-02, -1.05850264e-01, -8.21963921e-02,  1.78766325e-01,
        3.74381058e-02,  5.37844561e-03,  7.01084137e-02,  4.97001410e-02,
        2.63205230e-01,  3.56757119e-02,  1.75391287e-01, -4.34759147e-02,
       -1.16990656e-02,  1.74757130e-02,  1.15292198e-04, -9.45497900e-02,
       -1.32523077e-02, -8.30931962e-03, -5.39303496e-02, -1.52868181e-02,
        2.45393008e-01,  2.81023458e-02, -7.63291642e-02, -1.06433325e-01,
        1.26871336e-02, -1.71471938e-01, -5.12682982e-02,  4.63270582e-02,
        1.48738623e-02,  2.77110692e-02,  1.50018230e-01, -1.53950587e-01,
       -8.13798308e-02,  1.05827823e-01,  1.71687156e-01,  1.68077480e-02,
        7.68827870e-02,  5.15674651e-02,  1.27297521e-01, -1.41981244e-01,
        8.67932513e-02, -8.91502351e-02, -1.49619713e-01, -8.17374289e-02,
       -4.18455042e-02,  3.05008446e-03,  2.59003818e-01, -2.70496219e-01,
       -1.32341251e-01,  7.25854188e-02, -3.09680607e-02, -2.59323776e-01,
       -5.45924082e-02,  1.88928340e-02, -1.53328121e-01,  8.85307714e-02],
      dtype=float32), np.int64(3102): array([-0.34793338, -0.18322118,  0.22877648, -0.01685241, -0.14024964,
       -0.2323363 , -0.07811913,  0.02763623,  0.06416132, -0.10986227,
       -0.11608107, -0.0267503 , -0.01816403,  0.16525859, -0.04947626,
       -0.11185104, -0.08038653, -0.06771267, -0.06548806,  0.00355887,
       -0.04615491, -0.11670938, -0.04761871,  0.21427593,  0.04872263,
        0.00649449, -0.06360985,  0.29606643, -0.04064206,  0.02353074,
        0.25457242, -0.00830346,  0.09418668,  0.08505594,  0.01194217,
        0.01217135, -0.08272852,  0.04817913, -0.01702009,  0.08991931,
        0.03402425, -0.04392467, -0.01544663,  0.12204193, -0.20063742,
       -0.30948833, -0.11142249,  0.00119265, -0.07227325, -0.07124297,
       -0.14264299,  0.10823078,  0.25205684, -0.0326934 , -0.12121798,
       -0.04238151, -0.14670566, -0.00186903,  0.02581006,  0.16270006,
        0.01941608, -0.12193887,  0.0895357 , -0.05279975], dtype=float32), np.int64(39353): array([-1.08887948e-01, -8.63110796e-02,  3.62581797e-02,  4.47617769e-02,
       -1.52686596e-01,  7.90292919e-02, -2.05167353e-01, -4.01976883e-01,
        1.18870936e-01,  1.00442767e-01,  1.21710449e-01,  5.24394028e-03,
       -5.38356490e-02,  2.25381292e-02,  2.70270612e-02, -7.33271753e-03,
       -6.67959359e-03,  3.50933359e-03,  1.16213495e-02,  2.02214960e-02,
       -5.94876008e-03, -1.51591077e-02,  3.70076597e-02, -2.87721772e-03,
        2.94201747e-02,  1.91983860e-02, -5.19835204e-02,  1.23498969e-01,
        3.76101881e-02, -1.23280473e-03, -1.16514750e-02, -7.28454813e-02,
       -7.40681663e-02, -3.08626128e-04,  4.55657542e-02,  5.67382053e-02,
       -3.45859565e-02, -7.61774927e-03,  4.82761078e-02, -5.48636951e-02,
       -8.13291147e-02, -2.18927890e-01,  1.21095620e-01, -3.20639253e-01,
       -5.92579663e-01, -3.16493213e-01,  4.51457053e-02,  7.43811876e-02,
        1.17627950e-02, -1.75349768e-02,  3.59978410e-03,  3.17242183e-02,
        4.53384221e-02,  3.48974727e-02, -1.49574634e-02,  5.60234450e-02,
       -8.66012089e-03, -7.87096396e-02,  7.66070709e-02, -2.00158060e-02,
       -5.31348549e-02, -9.10807680e-03,  2.36709081e-02,  1.43652624e-02],
      dtype=float32), np.int64(99459): array([-0.41167447,  0.06540512, -0.18564813, -0.39079309,  0.01581525,
        0.20106496, -0.04074408,  0.04054753,  0.12350783, -0.10385355,
       -0.06875425,  0.07517669, -0.0402095 , -0.05104642,  0.15914889,
       -0.00670268,  0.02229459,  0.06636909, -0.00664038,  0.01333367,
       -0.02592897, -0.06947295,  0.32971138, -0.03412179, -0.00819567,
        0.00435078,  0.01565639,  0.11663694,  0.12109243,  0.10559724,
       -0.06777088,  0.02636721, -0.09984758,  0.03009599,  0.11747906,
        0.27974898, -0.05217148,  0.02916228,  0.04016965, -0.0198662 ,
       -0.01218149, -0.02008594,  0.05552461,  0.05211916, -0.02788076,
       -0.13445303,  0.10377959, -0.04173152, -0.13487284, -0.00554445,
        0.05382247,  0.13260908,  0.10771829,  0.10294843,  0.11112742,
        0.19904926,  0.00597459, -0.06179926,  0.03074167, -0.21441668,
       -0.13006513, -0.06708253, -0.00484552, -0.17946485], dtype=float32), np.int64(17752): array([-1.92449003e-01,  2.08273470e-01,  1.20194949e-01, -6.28041089e-01,
        1.88153923e-01,  5.53929627e-01, -1.34771764e-01,  8.90573710e-02,
        5.89590818e-02, -9.65369195e-02, -1.13624252e-01, -1.34159457e-02,
       -2.20271075e-04,  1.06158040e-01, -7.68353119e-02, -1.47189125e-02,
        3.32331844e-02, -1.86580177e-02, -5.51257879e-02,  7.61933683e-04,
        2.16716621e-03, -4.20933552e-02,  2.81775203e-02,  2.37868056e-02,
        3.72809283e-02,  1.17707287e-03, -2.02163439e-02,  5.66654187e-03,
        6.39807060e-02,  2.80049965e-02,  1.16669387e-01, -4.88631148e-03,
       -7.79675320e-02,  2.99586896e-02,  6.09095395e-02, -8.90883580e-02,
       -7.39363208e-02,  5.56255877e-03,  8.87115896e-02,  5.49180945e-03,
       -2.53877137e-02,  2.26074904e-02,  4.16597817e-03,  2.03224178e-02,
        2.60917600e-02, -5.06396592e-02, -1.44139808e-02, -2.58647427e-02,
        4.50318120e-02,  4.05624025e-02, -8.30206275e-03,  3.89574766e-02,
       -3.35345417e-02,  3.73657495e-02, -5.01340628e-03,  4.80850711e-02,
       -1.07338175e-01, -2.50475183e-02, -3.79252546e-02,  7.35097565e-03,
        2.62844060e-02, -4.00596224e-02,  8.46139640e-02,  1.32662738e-02],
      dtype=float32), np.int64(22420): array([-0.25985354, -0.2474217 ,  0.13871959,  0.0700651 ,  0.3387741 ,
        0.02572164, -0.48370355, -0.5621245 ,  0.20815492,  0.02114826,
        0.16450877, -0.04268609, -0.10881083, -0.06890611,  0.08473127,
        0.07018892,  0.02336889,  0.03234663,  0.04116053,  0.01157454,
       -0.01679261, -0.01308656,  0.05441657, -0.0240584 , -0.02934324,
       -0.0154202 , -0.01532339, -0.02539485, -0.0779824 , -0.01019131,
       -0.01828728,  0.03367791,  0.01535416,  0.03344274,  0.02223269,
        0.04667509,  0.00671529,  0.02226624,  0.02651144,  0.02454791,
       -0.0228225 , -0.05395592, -0.01371849,  0.06383147,  0.0369377 ,
        0.05080704,  0.07186645,  0.00701895,  0.03801497, -0.02736674,
       -0.00521982, -0.02432757, -0.06562118,  0.04400125, -0.13306278,
        0.02128407,  0.00455349, -0.02969782,  0.00720427, -0.01931816,
       -0.07680916, -0.03240551,  0.06677264,  0.02539271], dtype=float32), np.int64(32296): array([-0.37898594, -0.00663124,  0.05132774,  0.07398989, -0.07346822,
       -0.1663277 , -0.03686951,  0.00096139, -0.13244869, -0.06110486,
        0.03524466,  0.0786064 , -0.05502515,  0.09286021, -0.05559505,
       -0.00942354,  0.07913873,  0.00368993, -0.08625177, -0.07108597,
       -0.06186457, -0.17577237,  0.05405205, -0.15184125, -0.03587747,
       -0.18300396, -0.02397975, -0.11435519, -0.06998251,  0.03449696,
        0.13804267,  0.36161304,  0.098378  ,  0.0016317 ,  0.18070377,
       -0.15737016,  0.05499147, -0.16411299, -0.11501483,  0.0598083 ,
       -0.14811225, -0.05765101, -0.21842796, -0.15962996,  0.0208234 ,
        0.0507544 ,  0.11878961,  0.07671829, -0.06296451,  0.00343112,
       -0.07273481,  0.0081795 , -0.13583998,  0.08958306, -0.03201158,
       -0.09184343, -0.15483335,  0.19726278, -0.1203886 ,  0.28419992,
       -0.03513087, -0.20215683,  0.05089514,  0.0549982 ], dtype=float32), np.int64(62530): array([-0.38319516,  0.16544694, -0.03425166, -0.47641772,  0.0182395 ,
        0.30886957, -0.0723011 ,  0.12651506,  0.00866317, -0.06768502,
        0.01821588, -0.02897076, -0.03193159,  0.07707095,  0.07028686,
       -0.0332123 , -0.06811891,  0.06267559, -0.12830098,  0.13508958,
        0.03541274, -0.08885042,  0.25713044,  0.02394678,  0.08966024,
        0.05525001, -0.09775767,  0.00259918,  0.21571879,  0.10219716,
        0.18665351, -0.01039503, -0.07417934,  0.07702847,  0.12381162,
        0.241296  , -0.04895597,  0.0538719 , -0.0300375 ,  0.1086888 ,
       -0.04220705, -0.12031182,  0.07209054,  0.02638843,  0.14474289,
       -0.01223529, -0.0958054 ,  0.06261437,  0.06391936, -0.02116233,
        0.0987862 ,  0.08438122,  0.04816775,  0.00865105, -0.01268697,
        0.02632903, -0.05673313, -0.03745152,  0.00246196, -0.03681223,
       -0.14079656, -0.03664936,  0.13598014,  0.02219691], dtype=float32), np.int64(9548): array([-0.33706877, -0.12821223,  0.07468906, -0.05039397, -0.3353585 ,
       -0.10520356, -0.04021488,  0.10580866,  0.06487084, -0.07572095,
       -0.07944354,  0.03163052, -0.09281176,  0.01184851,  0.16034994,
        0.08199807, -0.09510735, -0.08709081,  0.2137273 ,  0.05373514,
        0.02931253,  0.02305598, -0.03176522,  0.10362162,  0.22460221,
       -0.11928506,  0.03509597, -0.15204139, -0.00255214,  0.03137979,
       -0.03259898, -0.09371384, -0.0693729 , -0.16136701,  0.19887549,
        0.14999054, -0.04026534, -0.05538822, -0.05174367, -0.11559778,
        0.16027221,  0.13151787, -0.01787306,  0.00426058, -0.092017  ,
        0.15324071, -0.01358069, -0.11964636, -0.06215696,  0.05751561,
        0.23483267,  0.15126003,  0.06408513, -0.08161653, -0.16242039,
        0.04457771, -0.00192575, -0.19296542,  0.05580569,  0.13976943,
        0.04781786, -0.31224725, -0.014399  , -0.03505578], dtype=float32), np.int64(43198): array([-0.2803917 ,  0.09024975, -0.5489846 ,  0.01602958, -0.01054497,
        0.02496425, -0.02207773,  0.12825786,  0.09851684, -0.11324007,
       -0.05973274,  0.14038305,  0.02254239, -0.09969248, -0.15131906,
       -0.03400054, -0.01648795,  0.05139744,  0.11387926, -0.01337785,
       -0.02263092, -0.01132031,  0.23444422, -0.00780268,  0.09600596,
        0.08184308,  0.00138706,  0.05087003,  0.24097708,  0.00171097,
        0.02346605, -0.1269492 , -0.04214041, -0.02059736, -0.09688598,
        0.20162809, -0.13100825,  0.01391867,  0.02837908, -0.14564168,
        0.08966345, -0.01233621,  0.05536176,  0.087814  ,  0.06413372,
        0.01783239,  0.12310594,  0.23873544, -0.12457431, -0.04421302,
       -0.00431763,  0.07098374,  0.08504597,  0.13263758,  0.11273343,
        0.01352633, -0.10503064, -0.15261854, -0.04398611,  0.15736455,
       -0.0445196 , -0.06118666,  0.04855492, -0.17924792], dtype=float32), np.int64(51135): array([-0.29247174,  0.20566136, -0.13091919, -0.5143994 ,  0.11880717,
        0.37641668, -0.09205166, -0.01759313,  0.08997176, -0.07288029,
       -0.02751623,  0.00555248, -0.05507253, -0.01902355, -0.0720135 ,
       -0.04854177,  0.01608173,  0.08005933, -0.06940431,  0.04946578,
       -0.00576416, -0.06417309,  0.30894977,  0.01292623,  0.15076084,
        0.04191878,  0.02805572,  0.00130649,  0.17087704,  0.07985437,
        0.16365589,  0.03214014, -0.06490763,  0.07569484,  0.05375524,
        0.20952487, -0.0397458 ,  0.09727994, -0.08432412,  0.06282181,
       -0.02605837, -0.09413192,  0.01503903,  0.06168376,  0.14057481,
       -0.06180843,  0.03369574,  0.04819359, -0.06778139,  0.09455182,
        0.04927449,  0.00325314,  0.05233201,  0.04812295,  0.13490087,
        0.05115404, -0.07041959, -0.0457557 ,  0.0749804 , -0.06358533,
       -0.08615232, -0.0471104 ,  0.03651382, -0.09670554], dtype=float32), np.int64(102904): array([-0.23890953,  0.22868916,  0.02412401,  0.39554095, -0.01752816,
        0.15725942, -0.03164241,  0.09638434,  0.14595622, -0.16320029,
        0.15184388,  0.03660096,  0.10035314, -0.12103304, -0.0263994 ,
       -0.25877023, -0.04834646,  0.09978943,  0.05250569,  0.07863566,
       -0.00276559, -0.15215623,  0.12753446,  0.00861999, -0.05736773,
       -0.17087749,  0.14306086,  0.16247289,  0.0140897 ,  0.18836702,
        0.01954279, -0.02692699, -0.05014067, -0.03327532, -0.00621158,
        0.03850025,  0.04143697,  0.2188964 ,  0.05710272, -0.09029022,
       -0.17771229, -0.05447375,  0.03767356,  0.04168829,  0.11144724,
       -0.12459002, -0.14714418,  0.19535986,  0.05149749,  0.07774319,
        0.10834002, -0.0009304 , -0.14643957, -0.04933335, -0.21314709,
       -0.0340629 ,  0.0059842 ,  0.06080242,  0.01810875, -0.06787086,
        0.06468884,  0.19387537, -0.05039148, -0.1453755 ], dtype=float32), np.int64(11129): array([-0.27850828,  0.3580831 , -0.05836635,  0.44416866,  0.04078874,
        0.13117558,  0.01384727,  0.22560254,  0.18268302, -0.21682957,
        0.24806023,  0.03886249,  0.06010228,  0.09545902,  0.03877181,
       -0.16523841,  0.03569988,  0.15284069,  0.15795383,  0.03456297,
        0.03975621, -0.00402526,  0.19382365,  0.00958738, -0.09537597,
        0.01592738,  0.06981733,  0.10129404, -0.10197756,  0.07541731,
       -0.01080536,  0.02803781, -0.00711874,  0.08399053,  0.05917796,
        0.03807085, -0.06775242,  0.01436501,  0.02278622,  0.1002092 ,
       -0.06163586, -0.16982415,  0.1339271 , -0.0249038 ,  0.09947449,
       -0.01696967,  0.09322669, -0.08198372,  0.00718272, -0.00834163,
       -0.03937139, -0.02245789, -0.15285371, -0.00845978, -0.11029314,
        0.03530079,  0.05216804,  0.02588046, -0.08404132, -0.11420833,
       -0.06897155, -0.03647647, -0.15359236,  0.10334272], dtype=float32), np.int64(18542): array([-0.25176498, -0.13502005,  0.17013796,  0.03030466, -0.2576392 ,
       -0.02555222,  0.07684813, -0.11593404,  0.02056807,  0.00608284,
        0.03357938, -0.14383966, -0.11026466,  0.05756903,  0.09274919,
        0.32664087, -0.1662802 ,  0.0507748 , -0.00283213,  0.07770722,
        0.00233084, -0.0487924 , -0.02817461, -0.10526031,  0.00862149,
        0.0376832 , -0.01867829,  0.11584152,  0.21497422,  0.22925138,
       -0.18215159,  0.24025817, -0.0054578 ,  0.07633853,  0.08600027,
        0.06064961, -0.05110064, -0.10305404,  0.08048598, -0.16998602,
       -0.09779676,  0.08220677, -0.04618917,  0.00170031,  0.04598248,
        0.07432798,  0.13368681,  0.10242601,  0.11130297,  0.04462109,
        0.01512456, -0.08198508, -0.16432954,  0.11232115,  0.20739159,
       -0.10673363, -0.11816547,  0.07847967, -0.06733485, -0.03560641,
       -0.06125503,  0.3207333 ,  0.01564179,  0.15963969], dtype=float32), np.int64(27715): array([-0.41309193, -0.06944626,  0.22259052, -0.09984503, -0.1845735 ,
       -0.3846202 , -0.0523176 ,  0.07233125,  0.00297914,  0.0262354 ,
       -0.03758412,  0.129793  ,  0.01106112,  0.2613575 ,  0.0146571 ,
       -0.00343153, -0.04434185,  0.05919106,  0.19145876,  0.00980418,
       -0.01027225, -0.07318716,  0.02109775,  0.2608201 ,  0.08015281,
        0.09377812, -0.12866561,  0.05848919, -0.11411051, -0.07206696,
       -0.0478384 , -0.03065272, -0.03289345, -0.12789248, -0.03297458,
        0.0712131 , -0.06931347, -0.02364244,  0.07642519, -0.14171387,
       -0.03110307, -0.0301603 ,  0.01921622, -0.02382424,  0.16731861,
        0.05875834, -0.04917256, -0.11129427, -0.08208407,  0.0069592 ,
        0.06695598, -0.03611598,  0.02032648, -0.01528647,  0.12709753,
        0.04273306, -0.08131222, -0.06377501, -0.22468254, -0.26672626,
       -0.03332671,  0.1141489 , -0.09395481,  0.15562122], dtype=float32), np.int64(105352): array([-0.296012  , -0.18076356, -0.1190271 , -0.00658082,  0.08046293,
       -0.03948464,  0.00939668, -0.11216155,  0.24893211,  0.08020317,
       -0.08766341,  0.0585102 ,  0.12865166, -0.03501324, -0.1647047 ,
       -0.10074337, -0.08190931, -0.02879637, -0.09901076,  0.16040526,
        0.11003553,  0.07906849,  0.12534498,  0.00371442, -0.17590928,
        0.28968552,  0.03764378,  0.15859038,  0.09326956, -0.02333813,
        0.01700377, -0.16257758,  0.05961369,  0.15673968,  0.22482397,
        0.12177771, -0.05722464, -0.0147491 , -0.00265362, -0.07394323,
        0.07375266, -0.04416645, -0.05397251, -0.17081986, -0.35882276,
        0.06612965,  0.07982274, -0.06567459,  0.14853929,  0.10070231,
        0.13976833, -0.00413355,  0.09658193,  0.01306212, -0.01654511,
       -0.11915521, -0.22351313, -0.155503  ,  0.00423227,  0.08126   ,
       -0.02130232, -0.01855846,  0.07542583,  0.08332708], dtype=float32), np.int64(105363): array([-3.98462385e-01,  1.39876366e-01, -6.26591146e-02,  4.81674969e-01,
       -1.32261217e-02,  1.93324655e-01, -2.55056798e-01,  2.47930259e-01,
       -1.39611870e-01, -4.62017357e-02, -1.21162303e-01,  4.99592349e-02,
       -2.80723460e-02,  2.06150562e-01,  1.59533992e-01,  1.06399417e-01,
        5.71013652e-02,  2.11718202e-01,  9.05836895e-02, -9.79942386e-04,
        1.33049544e-02, -1.02668079e-02,  1.72504216e-01, -6.23200322e-03,
        2.32698675e-02, -2.06727218e-02, -8.14620852e-02, -5.69392228e-03,
        5.49646579e-02,  7.28960037e-02, -8.46514776e-02,  1.51695525e-02,
       -5.66016734e-02,  6.76271617e-02,  1.24170393e-01, -8.15716200e-03,
        1.44663915e-01, -1.39230369e-02,  3.48649248e-02,  1.54311910e-01,
       -1.21379375e-01, -5.86708970e-02,  1.31871551e-01,  6.42840788e-02,
        7.12578967e-02, -2.62513962e-02,  2.27868427e-02,  4.88940626e-03,
       -5.75683080e-02,  4.28241503e-04,  8.95881802e-02, -4.32252847e-02,
       -4.01655249e-02,  1.05889335e-01, -9.06209499e-02,  2.99574863e-02,
        2.05220301e-02,  9.58353803e-02, -6.75955638e-02,  6.32182881e-02,
       -9.27495211e-02,  9.15491059e-02, -7.71430507e-02, -3.72069366e-02],
      dtype=float32), np.int64(15883): array([-0.17757443,  0.2975218 , -0.06666775,  0.46160597,  0.08750661,
        0.16728407, -0.10840402,  0.1642041 , -0.09477716,  0.0725148 ,
        0.04891862,  0.0309356 , -0.01197919,  0.05068917,  0.00714335,
       -0.03115064, -0.00726685,  0.01737254,  0.02445316,  0.02037034,
       -0.05032843, -0.14159867, -0.01813464, -0.00557822, -0.13107389,
        0.02709954,  0.15290496,  0.06497297, -0.03441378,  0.04843378,
        0.02352015,  0.08137923, -0.04074073, -0.05171615,  0.10562163,
        0.04608367,  0.11896849,  0.02990101,  0.05121256,  0.09401486,
        0.05169903, -0.24128675, -0.04796914,  0.02949248,  0.08830293,
       -0.21908978,  0.1282135 , -0.20167547,  0.18334757,  0.21136256,
       -0.02754181, -0.02577513, -0.19064575, -0.02782055, -0.13310407,
       -0.08951898, -0.13726202,  0.04240633,  0.18455884,  0.03591414,
        0.15783577,  0.09084507, -0.16699392,  0.07421371], dtype=float32), np.int64(26432): array([-0.18205586,  0.0358867 ,  0.08871178, -0.07239135,  0.04444773,
       -0.29181764, -0.02464962, -0.04237175,  0.06539253,  0.02174694,
       -0.13095431,  0.11598084,  0.12640214,  0.03403056, -0.13166054,
        0.01231632, -0.04927123, -0.06034223, -0.07264586,  0.18743937,
       -0.05081334,  0.12986635, -0.09702626, -0.2054904 ,  0.10464191,
        0.09630087,  0.03474888, -0.03252097, -0.05086227,  0.0551274 ,
       -0.1709129 , -0.08879742, -0.0818706 , -0.02389873,  0.1312125 ,
        0.15682487, -0.13247044, -0.03627443,  0.15773521, -0.2843183 ,
       -0.10794538,  0.32378024,  0.18526705,  0.28857428,  0.1327288 ,
       -0.1849635 ,  0.08490658, -0.11890189,  0.02302796,  0.13618469,
       -0.04982777,  0.07661753, -0.0353625 , -0.13953443,  0.12622257,
       -0.02637617, -0.0045781 ,  0.00412621,  0.09469742, -0.06063214,
       -0.00737591, -0.2076957 , -0.02206576,  0.09003744], dtype=float32), np.int64(37496): array([-0.02837183,  0.04734576,  0.01921131, -0.10171758,  0.01010832,
        0.07810868,  0.00158498, -0.00329149, -0.00913774, -0.00598228,
       -0.00064301, -0.01490771, -0.01130504,  0.04932556,  0.00127393,
        0.03699495,  0.02570299, -0.04014729, -0.04456723, -0.00807867,
       -0.00424086,  0.01567798, -0.01404033,  0.01109861, -0.09755784,
       -0.00643577,  0.02409518,  0.03248353, -0.10518829, -0.07615997,
       -0.01081897,  0.07108667,  0.05388305,  0.01522088, -0.06163169,
        0.02741762, -0.01304489,  0.0359073 ,  0.12464288,  0.09690511,
        0.14000997, -0.04655777, -0.01663002,  0.03883161, -0.02421859,
        0.13200575, -0.17502788, -0.17999046,  0.07778022, -0.01670837,
       -0.15290369,  0.00879045,  0.11519608,  0.07336855, -0.35078546,
       -0.24655245, -0.02645584, -0.07918225, -0.504689  , -0.0063472 ,
        0.10706738,  0.18559432,  0.23513222, -0.4513831 ], dtype=float32), np.int64(47386): array([-0.42035237, -0.03153847,  0.03725068, -0.12631889, -0.17897573,
       -0.3983851 ,  0.000869  , -0.03589656,  0.0120882 , -0.11901212,
       -0.11922392,  0.07823941,  0.00405722,  0.22427417,  0.0589007 ,
        0.08326495, -0.02753217, -0.11843295,  0.11356637,  0.05180442,
       -0.12976289,  0.03198566,  0.08365192,  0.11232016,  0.13111271,
       -0.14525214, -0.02244361, -0.10687203, -0.15291184,  0.03554603,
        0.12571473,  0.18082994, -0.0412292 ,  0.02801078,  0.00600346,
        0.09536687, -0.21952024,  0.11105724, -0.08879512, -0.08523986,
        0.07368136, -0.02142688,  0.01153566, -0.08427332,  0.05358125,
        0.08214495,  0.01208435, -0.08957607,  0.08736294,  0.07015659,
       -0.08716851, -0.1427039 , -0.06172438, -0.19758561,  0.06146065,
       -0.16181694,  0.10436927, -0.00413372, -0.09989184, -0.11427637,
        0.15745842, -0.10401454,  0.15338728, -0.04182132], dtype=float32), np.int64(55523): array([-2.8275484e-01, -6.5885409e-04,  1.3689123e-01, -7.4005701e-02,
       -6.4713128e-02, -1.9402981e-01,  1.2431087e-02, -9.1058470e-02,
        1.2936775e-01, -1.4823499e-02, -9.6528076e-02,  2.1680115e-01,
       -2.4446072e-02, -1.2285277e-03,  8.5097000e-02,  2.2095843e-01,
       -1.4519108e-03,  9.5960498e-02,  2.3847083e-02,  6.7523375e-02,
        1.0840099e-03, -1.9088993e-02,  1.7332561e-01,  4.7466334e-02,
        3.9208315e-02,  1.0315434e-01, -9.7975604e-02,  2.0679013e-01,
        4.1559529e-02, -3.5836548e-02, -1.2828566e-01, -2.2192562e-02,
        1.0758521e-01,  7.4559636e-02,  5.6288976e-02,  1.3921086e-01,
        2.0661528e-04, -1.3085192e-01,  8.7969832e-02, -2.7202359e-01,
       -1.0445260e-01,  1.2710580e-01,  2.2851655e-01,  5.4340947e-02,
       -3.8249753e-02, -2.3764165e-01, -4.0386794e-03, -2.6704571e-01,
       -7.5891033e-02,  5.8631893e-02, -9.8051153e-02,  1.5465046e-01,
        1.7406529e-01,  2.3060862e-02, -1.9185777e-01,  3.0356202e-01,
        1.5643109e-01, -4.1392534e-03, -2.1201994e-03, -5.0803017e-02,
        9.3718385e-03,  1.1971525e-02, -6.4896666e-02,  5.8362596e-03],
      dtype=float32), np.int64(59851): array([-0.36278465, -0.1198597 ,  0.18461977, -0.06742361, -0.17390566,
       -0.27260008, -0.07803734,  0.04582825,  0.07123967, -0.03027893,
       -0.13831566, -0.01760454,  0.09394839,  0.0565055 ,  0.14997561,
        0.14049222, -0.11347117, -0.015023  , -0.11319883,  0.05308185,
        0.21587071, -0.10542161, -0.00545276, -0.15629897, -0.00762078,
        0.02425616, -0.06324749,  0.18510269,  0.05630788,  0.06705532,
       -0.14909038, -0.0659172 , -0.07968121, -0.00040066,  0.13520871,
        0.05980163, -0.19918281,  0.27319372,  0.0341869 , -0.06690577,
       -0.10959776,  0.14155142,  0.11366282,  0.06473281,  0.16216925,
       -0.03094142,  0.10394718, -0.18774036,  0.05705176, -0.01425825,
       -0.20264098,  0.09048109,  0.11557732, -0.08046662,  0.00269598,
       -0.14451528,  0.09507665,  0.01207081, -0.02040318, -0.17448239,
       -0.01508847, -0.01940021,  0.12411244, -0.13709345], dtype=float32), np.int64(65064): array([-0.31539845, -0.05254599, -0.57617724, -0.06779105, -0.11971337,
        0.02228711, -0.09256306, -0.19085504,  0.08684715, -0.04158898,
       -0.03739106,  0.133904  , -0.02127103, -0.22409536, -0.1833059 ,
       -0.03215475, -0.03519363, -0.07936587, -0.17435187,  0.04932285,
       -0.03665835, -0.13480447,  0.2186864 , -0.01670989, -0.01276108,
        0.06946702,  0.04301659,  0.06323038,  0.06099798, -0.02306907,
        0.08534732,  0.03383156, -0.12902436, -0.2608235 , -0.11376395,
        0.03460854,  0.03949815, -0.04469328,  0.049454  , -0.00880906,
       -0.12505433, -0.09045409,  0.11331892,  0.08329973,  0.10206158,
       -0.02692643,  0.07309654,  0.04516272, -0.05490915,  0.00299711,
        0.07304163,  0.03871461, -0.01376382,  0.00624752,  0.07986852,
        0.01818033, -0.04083466,  0.10614198,  0.06329554,  0.05376595,
        0.05355263, -0.0640524 , -0.20036353, -0.07202321], dtype=float32), np.int64(30218): array([-0.35474473, -0.14014365, -0.01006455, -0.06432921, -0.09273635,
       -0.11052446, -0.1015941 ,  0.05405841,  0.2083263 ,  0.03393174,
       -0.13262458,  0.05307384,  0.23868948, -0.11057796,  0.30110443,
        0.09039397, -0.02839052,  0.09353316,  0.10101118, -0.03510307,
        0.02240452,  0.10481598,  0.16078654, -0.03721349, -0.01930872,
       -0.00551975, -0.09655595, -0.02499732,  0.01820671,  0.09767798,
       -0.04237159,  0.02606237, -0.16125903,  0.08150741,  0.10227391,
        0.16504854, -0.13646755, -0.02160508,  0.02950344, -0.09605648,
       -0.04483429, -0.14338805, -0.16239825,  0.0836933 , -0.46172348,
        0.11962781,  0.08334312,  0.10486925,  0.04302448,  0.01965504,
       -0.08153174,  0.03315907, -0.12134108, -0.09067974, -0.17234491,
       -0.04745737,  0.0319811 ,  0.09927538, -0.07184421, -0.07456804,
       -0.02544223,  0.04003649,  0.1000082 , -0.03384203], dtype=float32), np.int64(36525): array([-0.14488342, -0.12342873,  0.11842436, -0.02170466,  0.41622883,
       -0.2209315 , -0.15902022, -0.02089526,  0.07848765, -0.09247731,
       -0.04897124, -0.00468926,  0.00449393,  0.2150291 , -0.11837721,
       -0.28820863, -0.14256586,  0.01844292, -0.05532046,  0.26873955,
        0.18162668, -0.03323191, -0.00204238, -0.24450468, -0.1463921 ,
       -0.04053456, -0.13589984,  0.02364472,  0.06218345,  0.04116717,
       -0.01942966,  0.04493086,  0.0197245 ,  0.08213769,  0.0717191 ,
        0.06540748, -0.06183197,  0.00570677,  0.12677144, -0.1550094 ,
       -0.09048481,  0.05322854,  0.04268083,  0.00245785, -0.01916571,
        0.11704291,  0.12519957, -0.04788389,  0.10260696,  0.12192722,
       -0.06238595, -0.07497352,  0.04315133,  0.01393642,  0.03825154,
       -0.15597449, -0.02276428, -0.17552993, -0.10401288, -0.07769004,
        0.1652697 ,  0.13680866,  0.14789312,  0.13003322], dtype=float32), np.int64(39584): array([-0.18795268,  0.3482992 , -0.03646693,  0.575298  ,  0.05916331,
        0.22505493, -0.14569755,  0.23389679,  0.08674601, -0.19579627,
        0.16158462, -0.04047024,  0.16370845,  0.13932386,  0.07559405,
       -0.07882478,  0.05128021, -0.07872944,  0.00352807,  0.00143466,
       -0.06542146, -0.17383769,  0.01192277, -0.02664264,  0.01614657,
        0.00802445,  0.05569772,  0.04417479, -0.11662856,  0.06657485,
        0.05298025,  0.0362365 , -0.01919501,  0.03185972, -0.00499687,
       -0.10949869, -0.01712865,  0.07025705, -0.094313  , -0.11587844,
       -0.03345295,  0.05832414,  0.02753472, -0.05446713, -0.08578144,
        0.07865492,  0.22679716, -0.10149112, -0.00337117, -0.03454319,
        0.00138703, -0.04090316,  0.11840887,  0.01382679,  0.04003051,
       -0.04406733,  0.04811514, -0.01746438, -0.03216811, -0.08460113,
        0.03178088,  0.00915123, -0.13557173,  0.04586094], dtype=float32), np.int64(47847): array([-2.98109889e-01, -2.51945049e-01,  2.22978294e-01,  4.65609208e-02,
        1.46076664e-01, -8.55713487e-02,  1.52207598e-01,  1.65821999e-01,
       -4.31064516e-02, -1.81081966e-01, -2.42625689e-03, -3.41875404e-01,
       -1.41217098e-01, -4.38407063e-02,  4.13579606e-02,  6.39479468e-03,
        3.97443324e-01, -1.53660759e-01,  7.89935067e-02,  9.99259278e-02,
        9.36634839e-03, -9.56863016e-02, -7.75539055e-02,  1.91511139e-01,
        5.81519864e-03,  1.06603155e-04,  1.39318081e-02,  1.75572857e-01,
       -4.10180390e-02, -6.64120466e-02,  1.61390722e-01, -1.28526002e-01,
        7.15084467e-03,  7.23279342e-02,  9.17546898e-02,  8.72632116e-02,
        8.89149159e-02, -1.94264606e-01,  1.55269587e-02, -1.95004661e-02,
        4.84155305e-03,  1.25820071e-01, -9.86841619e-02,  3.84306721e-02,
        5.03500476e-02, -4.86483201e-02,  2.83815917e-02,  9.21056643e-02,
       -1.57632791e-02, -3.27676609e-02, -1.47575676e-01,  1.42183350e-02,
       -4.09860536e-02,  1.15783140e-01, -3.47031606e-03,  1.23125739e-01,
        1.13674931e-01, -8.69962499e-02, -4.16274033e-02, -2.86314860e-02,
        8.19617361e-02,  1.38030976e-01, -2.51125563e-02,  7.11771834e-04],
      dtype=float32), np.int64(78786): array([-1.41628698e-01,  3.09262604e-01, -1.36755733e-02,  4.62732941e-01,
        7.22512156e-02,  1.76028773e-01, -8.66298452e-02,  1.35631725e-01,
        6.18834160e-02, -1.39919728e-01,  1.44697517e-01, -3.89858037e-02,
        1.47664085e-01,  4.92681637e-02,  1.28918923e-02, -3.21924575e-02,
       -8.18125233e-02, -4.92186323e-02,  2.36490704e-02,  2.46043839e-02,
       -4.55377884e-02, -1.26060978e-01, -9.01097730e-02,  1.31696567e-03,
        2.00011507e-02,  4.41630866e-04,  6.46929815e-02, -1.07555394e-03,
       -8.00255910e-02,  1.05764002e-01,  5.25381304e-02, -1.16203334e-02,
        8.52452416e-04, -6.97692707e-02, -6.03400590e-03, -1.83008045e-01,
        1.75224379e-01,  5.64807989e-02, -2.08016429e-02, -8.34393874e-02,
        1.16335288e-01, -7.17206001e-02, -1.11273915e-01, -6.88077137e-02,
       -1.43290907e-01,  7.38598555e-02,  1.16439112e-01, -2.29001582e-01,
        1.83432922e-02, -2.18407989e-01, -2.21110899e-02,  2.14543626e-01,
        2.08879169e-02,  8.80804807e-02,  2.99108565e-01,  7.83587769e-02,
        1.35932639e-01, -3.41432765e-02, -1.61659986e-01, -1.20745234e-01,
        3.99876684e-02,  1.28449555e-02,  4.39696647e-02, -7.25700036e-02],
      dtype=float32), np.int64(98198): array([-0.2902295 ,  0.28011784, -0.0904702 ,  0.4496566 , -0.00893381,
        0.20685206, -0.04924689,  0.09787932,  0.06794622, -0.20628381,
        0.09522124,  0.06924516,  0.06726958, -0.09810305,  0.02542786,
       -0.16591369,  0.0114946 ,  0.09594905,  0.19796012, -0.00538052,
       -0.0535614 , -0.14192614,  0.2083058 , -0.01223396,  0.08544646,
       -0.15833116,  0.0635008 ,  0.08323229,  0.05938539,  0.02531576,
       -0.01407085,  0.02220986, -0.06226252, -0.00137537,  0.1894456 ,
       -0.00162328,  0.0960527 ,  0.06807523, -0.03436495,  0.14156176,
        0.09474406, -0.16892493,  0.02577781, -0.00911497,  0.00114843,
        0.04235447,  0.17925696, -0.14756538, -0.04181073,  0.02707208,
        0.07922009,  0.03950971, -0.15554231,  0.06908195, -0.03083038,
       -0.0069396 ,  0.00876853, -0.14784314,  0.05065162, -0.03555099,
       -0.05069471,  0.06095821,  0.23757161,  0.08838584], dtype=float32), np.int64(16255): array([0., 0., 0., 0., 0., 0., 0., 0., 0., 0., 0., 0., 0., 0., 0., 0., 0.,
       0., 0., 0., 0., 0., 0., 0., 0., 0., 0., 0., 0., 0., 0., 0., 0., 0.,
       0., 0., 0., 0., 0., 0., 0., 0., 0., 0., 0., 0., 0., 0., 0., 0., 0.,
       0., 0., 0., 0., 0., 0., 0., 0., 0., 0., 0., 0., 0.]), np.int64(39197): array([-0.19467919, -0.15246436,  0.05868071,  0.05450899,  0.22418119,
        0.00129261, -0.31696486, -0.33137134,  0.15453842,  0.04210449,
        0.16200939, -0.00971305, -0.16604032,  0.02592132,  0.06139979,
        0.04405946,  0.05397863,  0.21216646, -0.14408436, -0.02847409,
        0.14340264,  0.42185953, -0.14872508,  0.15199293, -0.01851475,
       -0.17563823, -0.02901504,  0.07777781, -0.08866194, -0.02162523,
       -0.00776925, -0.02752368, -0.05980054,  0.06929433,  0.01483563,
       -0.11573722,  0.01643278,  0.0156291 , -0.03571828,  0.08201267,
        0.0209441 , -0.07400911, -0.05445308,  0.02331638,  0.09277328,
       -0.04848579,  0.053932  , -0.06911667, -0.04439407, -0.15403686,
        0.05805198, -0.22930528,  0.09220206, -0.01846867, -0.00184678,
        0.07333244,  0.05343904, -0.2140109 ,  0.00165331,  0.04775447,
       -0.03105418,  0.12704813, -0.05140417, -0.01848375], dtype=float32), np.int64(39215): array([-0.19507594,  0.08644122, -0.24764217,  0.12547699, -0.037739  ,
        0.03055622, -0.05664218,  0.07473466, -0.02498936, -0.15278077,
       -0.12880169,  0.1400744 ,  0.16018465, -0.12673901, -0.19848724,
       -0.05516626,  0.11767983,  0.34089836, -0.11363627,  0.17797093,
       -0.27885735, -0.05916465,  0.22908182,  0.01312247,  0.12466379,
       -0.04161469,  0.00062492,  0.10028145,  0.17631164, -0.05032244,
        0.02652586,  0.00399731, -0.15562607, -0.15260577, -0.06168533,
        0.27753234, -0.02987551,  0.01248223,  0.09740446,  0.02631501,
        0.23451817, -0.02125253,  0.18086067,  0.05166481,  0.02048027,
       -0.10813277, -0.00899394, -0.08051339,  0.06823152,  0.02684797,
       -0.06949209, -0.06391028, -0.02240998, -0.0679586 ,  0.05822668,
       -0.03212208, -0.02616191, -0.12985277, -0.1031834 ,  0.03306036,
       -0.04994805, -0.00063065,  0.19480352,  0.09513336], dtype=float32), np.int64(60759): array([-0.34804827, -0.2744032 ,  0.16523166,  0.13824557, -0.28491816,
        0.298998  ,  0.13253106, -0.3192169 ,  0.23738159,  0.03307514,
       -0.11623505,  0.353034  ,  0.02894707, -0.22614986, -0.21864766,
        0.06871439, -0.01456623, -0.00899469, -0.05541113, -0.06537132,
        0.02863841,  0.08234386,  0.00833168, -0.08707221, -0.05315453,
        0.04886919, -0.06946681, -0.10223328, -0.17140469, -0.08643005,
        0.00417861,  0.06222055,  0.00257251,  0.0247988 , -0.0604337 ,
       -0.01288941,  0.03735171, -0.0567865 ,  0.02757736, -0.0930317 ,
       -0.0875991 , -0.00661475,  0.05229286, -0.03384627,  0.07861983,
        0.03504406, -0.01075938,  0.05450663,  0.0216124 , -0.11167405,
       -0.04767998,  0.03189946, -0.03330473,  0.07882354, -0.05476343,
       -0.02369245, -0.01623401, -0.03072916,  0.03295514,  0.0739776 ,
       -0.03913865,  0.01225623,  0.00418741,  0.07581298], dtype=float32), np.int64(77711): array([-0.36911   , -0.1546227 , -0.06489863, -0.07364266,  0.03999368,
        0.02597345, -0.00981916, -0.14398189, -0.0187666 , -0.23604627,
       -0.0491963 ,  0.14645164, -0.10170315,  0.08028816, -0.08125229,
       -0.3911008 , -0.01668571, -0.15448564,  0.15418157, -0.30414295,
       -0.01406568,  0.11531203, -0.0321415 , -0.12782705, -0.23186351,
        0.02454998, -0.06714588, -0.02091268, -0.04993854, -0.01999858,
        0.03806647,  0.03247011,  0.04028012, -0.17126486,  0.28355488,
        0.02250073, -0.10741895, -0.05464189, -0.02681904,  0.06087777,
        0.07383142, -0.09832538, -0.0978505 ,  0.05048215,  0.04823592,
       -0.07145221,  0.1230849 ,  0.18716395, -0.01443649, -0.03058074,
       -0.03675333, -0.16733749,  0.06639181, -0.09294229,  0.08479108,
        0.07844207, -0.06721199,  0.0130594 ,  0.01764576,  0.09105964,
        0.11984346,  0.02190947,  0.049653  , -0.10806372], dtype=float32), np.int64(91339): array([-0.27815217, -0.19644383,  0.1324239 ,  0.09263195, -0.22720636,
        0.17831823,  0.10399997, -0.24223901,  0.19835389,  0.01732431,
       -0.11324143,  0.30952597,  0.02420918, -0.14394325, -0.1863062 ,
        0.08828182,  0.0301184 , -0.00663116, -0.04292433, -0.0111092 ,
       -0.00679695,  0.00446212,  0.08740146, -0.0630521 ,  0.03750399,
        0.00685407,  0.04025199,  0.00154081,  0.07040501,  0.07005081,
        0.01011645, -0.06373888, -0.0724911 ,  0.0858587 ,  0.09824757,
        0.07737532, -0.05240599,  0.05348978,  0.02747774, -0.09851131,
       -0.10406493, -0.05984265,  0.11365142,  0.01542444,  0.01234634,
        0.19802517,  0.20803647, -0.01588593,  0.04423477,  0.07907934,
       -0.03674128, -0.05709067,  0.118026  ,  0.11092219, -0.02132551,
       -0.10208053,  0.11323925, -0.05311021, -0.18795015, -0.19370927,
        0.18205434,  0.26115197,  0.1279735 ,  0.22423925], dtype=float32), np.int64(3468): array([-0.36420727, -0.1665207 ,  0.12141348,  0.02919881, -0.06861838,
       -0.09740747, -0.02889894, -0.02134853,  0.10277309, -0.05413738,
       -0.01371897, -0.04804543, -0.14340095, -0.09384849, -0.11610015,
        0.06495911,  0.36678413,  0.07803662, -0.10745183, -0.06550186,
       -0.0667723 , -0.1020101 , -0.03618882, -0.25820294,  0.06675838,
       -0.03309574,  0.0876148 , -0.06533713, -0.10593438,  0.00061818,
        0.2412044 ,  0.15357558,  0.09973738,  0.10556982, -0.06962927,
       -0.11930284, -0.12310172,  0.12791988, -0.11524291,  0.06943678,
        0.0510631 , -0.12591438,  0.06240286, -0.04897876,  0.07312956,
       -0.00480462,  0.04990017, -0.0177688 , -0.11293234, -0.11367897,
       -0.07118791,  0.0982382 , -0.15202321,  0.0428819 , -0.02813682,
        0.00136508,  0.31713796,  0.12572366,  0.02595483,  0.02174747,
       -0.04362447, -0.21251702,  0.18314289,  0.09325492], dtype=float32), np.int64(27651): array([-1.53385147e-01,  2.34604731e-01,  1.08020589e-01, -5.72202802e-01,
        7.98323154e-02,  5.24047792e-01, -6.83028474e-02,  6.55504763e-02,
        3.22120003e-02, -6.09606318e-02, -8.72967914e-02, -4.02840897e-02,
       -3.32111958e-03,  6.73520863e-02, -5.52434176e-02, -4.91028540e-02,
       -1.21839857e-02, -1.59601066e-02, -1.11050196e-01,  1.96156837e-02,
        2.26128288e-02, -3.04129329e-02, -3.40689085e-02,  6.68383613e-02,
        1.21359155e-01,  1.01578474e-01, -1.60153985e-01, -1.22918330e-01,
        1.44863486e-01,  6.22730404e-02,  1.82918668e-01, -4.70713526e-02,
       -9.59545225e-02,  1.96362901e-02,  7.49024749e-02, -1.41560182e-01,
       -4.31152470e-02,  1.90667100e-02,  1.32379355e-04, -5.99871436e-03,
       -8.98492560e-02,  3.79018076e-02, -2.12514569e-04, -4.01006527e-02,
        1.67454389e-04, -6.29235953e-02, -9.66776684e-02, -8.45834166e-02,
        5.02161421e-02, -1.43563477e-02, -4.03167447e-03,  9.94338933e-03,
       -7.03413039e-02,  4.62873140e-03, -4.01268043e-02,  3.83008691e-03,
        8.18835348e-02, -3.72626148e-02,  3.36332917e-02,  2.94168051e-02,
       -8.00557211e-02,  1.91529971e-02, -9.86833870e-02,  1.29355714e-01],
      dtype=float32), np.int64(98006): array([-0.3742572 , -0.20052871,  0.0668303 , -0.01633392, -0.14264739,
       -0.15380341, -0.13299382,  0.10313202,  0.08441315,  0.02201568,
       -0.16463347, -0.16088925,  0.16984373, -0.04443383,  0.14415868,
        0.08159731, -0.14982674,  0.02627967, -0.1482771 , -0.13548724,
       -0.10176469,  0.04770876,  0.19403532,  0.05111744,  0.08510599,
       -0.01549222,  0.08658503,  0.07807203,  0.20787178, -0.07833508,
        0.11108255,  0.1506024 ,  0.10470288, -0.07223512, -0.05973724,
        0.01002106, -0.08855517, -0.08253167,  0.12323177, -0.20950912,
       -0.16984856, -0.02862685,  0.03294752, -0.04579279, -0.23918553,
       -0.14547867,  0.1983723 , -0.09779503,  0.07342771,  0.05386762,
       -0.01100188,  0.03623142,  0.18830974,  0.08221124, -0.04809849,
        0.06693714,  0.14693867,  0.14080296,  0.13552909, -0.03694799,
       -0.02285129, -0.09231914,  0.12767372, -0.0549608 ], dtype=float32), np.int64(98108): array([-0.22138774, -0.09074782,  0.12074803,  0.00989267, -0.17321976,
       -0.00654149,  0.15112194,  0.15652287,  0.08375764, -0.07543989,
       -0.19173013,  0.27749342,  0.07967354, -0.10972929,  0.09993523,
        0.20098527, -0.19519854,  0.06221676, -0.0416416 , -0.01903866,
        0.02352935,  0.0206074 ,  0.08184118, -0.0356772 , -0.09350178,
        0.0235392 , -0.14077467, -0.02539785, -0.13025314,  0.08279119,
       -0.10138197,  0.33596537, -0.05383225,  0.1135954 ,  0.08340809,
        0.0324225 , -0.09773647, -0.14282066, -0.15734035, -0.098718  ,
       -0.02017504, -0.01309637,  0.04149376,  0.29622814,  0.04191465,
       -0.2605556 , -0.11158454,  0.16949096, -0.09752793, -0.07693678,
       -0.01695079, -0.01369392, -0.03552827, -0.03089206, -0.09084947,
        0.05107883,  0.04161479,  0.02490186,  0.0603689 , -0.0931102 ,
       -0.17512695,  0.12111928,  0.21687032, -0.02322574], dtype=float32), np.int64(102443): array([-0.2913452 , -0.21913996,  0.17341141,  0.03652732,  0.26520208,
        0.04222905,  0.08435713,  0.14232258, -0.13540635,  0.12681822,
        0.03777935,  0.3907511 ,  0.11691463, -0.24665876, -0.19127241,
        0.08228641,  0.0107411 , -0.02005383, -0.00742314, -0.01834125,
        0.01711755,  0.02518665, -0.02820685, -0.0204988 , -0.01697568,
        0.04971739, -0.10725626,  0.05283582,  0.02529956,  0.0176049 ,
       -0.02701158, -0.06182325, -0.02435268,  0.00186459,  0.06018347,
        0.10314905, -0.00064368, -0.03394905,  0.09129237,  0.00528128,
       -0.10130256, -0.10796088,  0.04746459, -0.21764171, -0.40378273,
       -0.2752753 ,  0.00192614,  0.08589765, -0.00334295, -0.04342923,
       -0.04525686,  0.05615835, -0.00256578,  0.06382716, -0.05605631,
        0.08744182, -0.06817259,  0.06558128, -0.08408555, -0.11343454,
       -0.06384936,  0.00309114, -0.03438413, -0.07721332], dtype=float32), np.int64(4816): array([-3.55605185e-02,  7.65754580e-02,  1.12621570e-02,  1.01373777e-01,
        1.16750235e-02,  1.63688716e-02, -7.62917195e-03,  9.54840891e-03,
       -3.83833167e-03, -1.99710745e-02,  5.53409802e-03, -1.16643077e-02,
        2.62447838e-02, -8.45133215e-02, -4.24000015e-03, -2.88155042e-02,
       -2.39484981e-02,  3.80779826e-03,  3.69162522e-02,  6.11950131e-03,
       -3.99060175e-02, -6.33815080e-02, -2.26420249e-04,  4.26449291e-02,
       -8.40505660e-02, -1.93272874e-01,  1.21844962e-01,  6.16262779e-02,
        1.46167263e-01, -6.34092540e-02, -3.92284095e-02,  9.57465321e-02,
       -7.35885650e-02,  1.95088070e-02, -6.06393479e-02,  7.03365505e-02,
        7.57745802e-02,  1.67547852e-01,  4.10144515e-02,  1.05415098e-01,
       -5.54508157e-02,  5.14331721e-02, -2.42714167e-01,  3.81261259e-02,
       -7.82882348e-02, -2.99950549e-03, -3.45821977e-01, -7.92262405e-02,
       -4.29730443e-03,  2.06972450e-01, -1.67068735e-01,  6.10838048e-02,
       -3.18646997e-01, -2.11682305e-01, -1.74785987e-01, -5.56060076e-02,
       -1.68739840e-01, -8.35251212e-02,  6.85421675e-02,  7.43903965e-02,
       -1.89898178e-01, -1.42035440e-01, -1.71310097e-01,  4.68200803e-01],
      dtype=float32), np.int64(3981): array([-0.06458019,  0.15931751,  0.01839701,  0.22257137,  0.04274737,
        0.08287219, -0.03423962,  0.04738941,  0.02121214, -0.07604418,
        0.08577669, -0.04348388,  0.11140918, -0.06549791,  0.01659594,
       -0.07112392, -0.12909615, -0.05686224,  0.05122489,  0.02874501,
       -0.01405835, -0.02573592, -0.13477784,  0.07388428, -0.0267929 ,
       -0.08789109,  0.12845276,  0.0987733 ,  0.08081238,  0.11009906,
        0.07471411, -0.1493178 ,  0.14515759, -0.09570028, -0.20933104,
       -0.10516149, -0.325307  ,  0.00286165, -0.15600961, -0.515228  ,
        0.02846449, -0.07574909, -0.04265944, -0.10763847,  0.00319324,
        0.12160301, -0.16599964,  0.20572564, -0.00235292, -0.09692386,
       -0.07587434,  0.13110033,  0.11666096,  0.13672246,  0.24604397,
        0.06374248,  0.13496764,  0.02331052, -0.03802166, -0.01655972,
       -0.00355455, -0.05418826,  0.05026628, -0.03612631], dtype=float32), np.int64(16989): array([-0.301927  , -0.19560827,  0.15108569,  0.04666618,  0.07064985,
        0.02556239, -0.00322519, -0.20766988,  0.18931971, -0.01922395,
       -0.0896242 ,  0.25190797, -0.01943644, -0.14654343, -0.13706863,
        0.1396321 ,  0.07532065,  0.05661934, -0.04569012,  0.00748079,
        0.01996248,  0.0719499 ,  0.13731799, -0.10064278,  0.10080927,
        0.01040999,  0.00551869,  0.07571711,  0.08821436,  0.04459592,
       -0.0188261 , -0.01815199, -0.04708772,  0.00423749,  0.1287967 ,
        0.2776674 , -0.14115474,  0.09556931,  0.02323918, -0.17012866,
        0.22084963,  0.2493532 , -0.02482028,  0.03175582, -0.10339869,
        0.15293455,  0.15161617, -0.25603852,  0.10219543,  0.08973508,
        0.1246165 , -0.03061858,  0.00828622,  0.00488384,  0.03438884,
        0.24442287,  0.13291365,  0.08109708,  0.07958883, -0.10370846,
       -0.06334306, -0.09701544, -0.02613642, -0.12567575], dtype=float32), np.int64(21830): array([-0.18178162,  0.14252189, -0.05022685, -0.42498508,  0.01497634,
        0.3896132 , -0.10387175,  0.16624655,  0.14338043, -0.04668958,
       -0.14102392,  0.12782808, -0.02650107,  0.04101653, -0.18056497,
       -0.02792137,  0.11269194,  0.21515155,  0.08589233, -0.07115769,
       -0.06312744, -0.14036   , -0.08981632, -0.11317047,  0.04198283,
       -0.09994818,  0.03636081,  0.09332813, -0.00805637,  0.0807662 ,
        0.02727609, -0.02191989, -0.07532702, -0.03385806,  0.03355944,
        0.14094824, -0.08416804,  0.06894962,  0.0029468 ,  0.00292821,
        0.17488553,  0.08554545, -0.11160399, -0.0281455 , -0.06388655,
       -0.00365871, -0.01135345,  0.01448978,  0.03347301,  0.14642163,
       -0.00340487, -0.01888116, -0.05319721,  0.06195512,  0.32836068,
        0.22601077, -0.07504334,  0.03036185,  0.09379753, -0.03176173,
        0.15874374,  0.03376282,  0.0625669 ,  0.04869409], dtype=float32), np.int64(29324): array([-3.06939662e-01,  1.70199379e-01,  1.16784930e-01, -5.54044247e-01,
        2.37360224e-02,  4.28753078e-01, -9.28248465e-02,  1.00785196e-01,
       -6.45122901e-02, -7.96631947e-02, -5.34630846e-03, -9.41645354e-02,
        4.51307232e-03,  1.27584143e-02,  1.55515403e-01, -6.56327903e-02,
        3.17402626e-03,  7.71359950e-02, -1.34316817e-01,  1.02160476e-01,
       -2.77913958e-02,  1.92727000e-02,  1.31581336e-01,  1.03334598e-01,
        1.32645294e-01,  1.49714366e-01, -2.00637758e-01, -1.86405137e-01,
        1.66561127e-01,  2.74395682e-02,  1.18434437e-01, -7.28556588e-02,
       -4.68551256e-02,  2.08971351e-02,  2.86008511e-02,  7.31720077e-03,
       -2.03880970e-03,  3.13547775e-02, -1.82004556e-01,  6.35460159e-03,
       -6.29583076e-02,  4.36952785e-02,  2.47844364e-02, -2.78940760e-02,
        2.48653442e-02, -1.41949225e-02, -5.96196798e-04, -3.02059036e-02,
        8.54098797e-02, -1.10927019e-02, -8.46441276e-03,  3.74644436e-02,
       -2.99833308e-04, -2.40816399e-02, -8.58942419e-02, -2.72381995e-02,
       -2.67144181e-02, -6.88940194e-03,  3.58559797e-03,  7.10027339e-03,
        8.38094801e-02,  2.85981763e-02, -7.31221884e-02, -1.71574987e-02],
      dtype=float32), np.int64(33173): array([-0.04094967,  0.08636232,  0.00314005,  0.13966234,  0.02892813,
        0.05784956, -0.03826134,  0.02347464, -0.05579344,  0.06694191,
       -0.10575493, -0.02764852, -0.04394833,  0.00766783,  0.02219347,
       -0.03847588, -0.02755783,  0.02805355, -0.00735843, -0.01114189,
        0.00200449,  0.00209825, -0.04293425, -0.00990243,  0.07273973,
        0.00597582, -0.04213087,  0.03059042,  0.02779214, -0.26145333,
       -0.00549251,  0.19377041, -0.12016439,  0.07972154,  0.15347467,
        0.04196641,  0.10807747, -0.10613757,  0.08324733,  0.21721266,
        0.26534614, -0.07221407,  0.53364885,  0.00718117,  0.001772  ,
        0.07325047,  0.12152605,  0.19045612,  0.12234633,  0.12874371,
       -0.07307363,  0.0881812 , -0.02263789, -0.11444846,  0.22426976,
       -0.12090187,  0.27166003, -0.14531484, -0.11791623,  0.11327571,
        0.03448388, -0.01061781,  0.1236963 ,  0.14748634], dtype=float32), np.int64(36211): array([-0.30376345, -0.01409068,  0.15660094, -0.42131314,  0.02229523,
        0.42655265, -0.13273725,  0.08418868,  0.06270296, -0.10741787,
       -0.0771551 , -0.08409139, -0.0342727 ,  0.10089759, -0.01832381,
        0.03549921,  0.11524363, -0.04315683,  0.11691079, -0.05484296,
       -0.01009296,  0.00634905, -0.03514729, -0.13209648, -0.07904539,
       -0.14016789,  0.20786107,  0.16662362, -0.11527403, -0.08223873,
       -0.14543413,  0.03640573,  0.07626303, -0.03232011, -0.08709948,
        0.2089427 ,  0.07315771,  0.02971026, -0.02138584,  0.00170724,
        0.00704554, -0.01578657, -0.00412044, -0.02615885, -0.00733932,
        0.0297966 ,  0.19660762,  0.02759312,  0.09590663,  0.04781199,
       -0.03613499, -0.11538657, -0.04805953,  0.04160298,  0.00522961,
       -0.08671343, -0.16522928,  0.05211685, -0.13253444,  0.14006129,
        0.11973675,  0.13081631,  0.04110472, -0.15059318], dtype=float32), np.int64(77235): array([-0.2687166 , -0.18076667,  0.13646083,  0.1400701 , -0.11081289,
        0.22810963,  0.36635226,  0.14764912,  0.13820285, -0.11177047,
       -0.27495596,  0.41016778,  0.13456243, -0.24319893, -0.29477775,
        0.09739837,  0.00839708, -0.06406818, -0.08271372, -0.0546792 ,
       -0.00256307,  0.03152454, -0.01254215, -0.07091456, -0.06391644,
       -0.01998977,  0.03632741, -0.05580268,  0.01748984,  0.01114043,
        0.06347696, -0.09794533, -0.02691956,  0.01872467, -0.00100314,
       -0.01834417, -0.03348424,  0.04778749, -0.0374231 , -0.01859832,
       -0.08405361,  0.01776796,  0.01105969,  0.00173379,  0.00498891,
        0.07404196,  0.05330563,  0.01713045, -0.18311612, -0.13194402,
       -0.10661804, -0.03757187, -0.0334356 , -0.01003859, -0.05739051,
       -0.01019073, -0.08365693, -0.05125425, -0.03909569,  0.04102455,
       -0.00707451,  0.10987568,  0.14452972, -0.0861442 ], dtype=float32), np.int64(77262): array([-4.03226763e-01,  1.17462516e-01, -1.19680688e-01,  3.55627015e-02,
       -4.82236743e-02, -1.33090138e-01, -1.66593660e-02,  6.55243471e-02,
        1.68779306e-02, -4.38708290e-02,  1.36634380e-01,  6.87682703e-02,
        1.72397979e-02, -9.22879130e-02,  6.28086850e-02,  8.28257129e-02,
       -1.44637432e-02,  6.71716556e-02,  7.14573786e-02, -4.20905091e-02,
       -1.62454098e-02,  4.26645465e-02,  2.37191170e-01, -2.48870075e-01,
        1.88493922e-01,  6.20725676e-02,  6.61486089e-02,  1.95031464e-01,
       -1.02123216e-01,  1.31589547e-01,  2.81872358e-02,  1.86638489e-01,
       -9.29879546e-02,  2.41394211e-02,  5.95548488e-02,  5.41348197e-02,
       -1.12189621e-01, -5.43055348e-02, -6.23027468e-03, -1.02956876e-01,
       -1.50755718e-01, -1.89566359e-01,  2.23759639e-06,  5.25078177e-02,
        3.60096544e-02,  2.96635240e-01,  1.89476937e-01, -1.95332140e-01,
        1.30191624e-01,  2.01686844e-01, -1.17657498e-01, -3.58353369e-02,
       -6.05474003e-02,  1.87053308e-01, -1.90595537e-01, -2.88472455e-02,
        1.39225982e-02, -3.59581485e-02, -1.21422634e-02, -4.97626215e-02,
       -9.23793763e-03,  1.71166852e-01, -3.18705924e-02, -1.06831901e-01],
      dtype=float32), np.int64(79553): array([-0.40897214, -0.19069608,  0.1473435 , -0.03982706, -0.18319398,
       -0.087573  , -0.19866116,  0.2414952 , -0.03306988, -0.0016532 ,
        0.03544165,  0.10677748,  0.01308322,  0.00858364,  0.25577208,
        0.1584294 , -0.09069439,  0.17137308,  0.19575119,  0.0056259 ,
        0.00362675,  0.0484031 ,  0.19409816, -0.03379125,  0.09761819,
       -0.02077616, -0.03744456, -0.03457623,  0.11802898, -0.01731706,
        0.21901262,  0.07090511,  0.077446  , -0.17029946, -0.13048506,
        0.09673448,  0.01891629,  0.05507942,  0.10538998,  0.02132087,
        0.08778632,  0.05504954,  0.01573448, -0.05413269, -0.01214208,
        0.08785678,  0.02300725, -0.01573666, -0.14431185, -0.0173763 ,
        0.1438851 ,  0.01135659, -0.13784896,  0.03018096, -0.07076038,
       -0.23561426,  0.10441162, -0.08957648,  0.23236161,  0.0821723 ,
        0.06808966,  0.04695709,  0.01271477, -0.15711701], dtype=float32), np.int64(84939): array([-0.3188618 , -0.10855182,  0.2157056 , -0.0156638 , -0.09240345,
       -0.24686588,  0.0030457 , -0.07204797,  0.07398409, -0.07259446,
       -0.09302013,  0.00376601, -0.03583076,  0.12253062, -0.13774459,
       -0.06341516,  0.18349949, -0.13621983,  0.03639953,  0.22423731,
        0.0679049 , -0.10743844, -0.09135605,  0.19452508,  0.00587756,
       -0.02117054,  0.0607339 , -0.01674932, -0.11021602, -0.1473486 ,
        0.06240615, -0.19138329, -0.08287825,  0.02002052,  0.01768262,
        0.06767708, -0.0041737 , -0.0865971 ,  0.04751501, -0.17128435,
        0.07815938,  0.01807785,  0.19191824,  0.07085397, -0.23760788,
       -0.24480928, -0.07609017, -0.22161686, -0.04502745, -0.00864702,
        0.26586136, -0.14137602,  0.01319575, -0.04819337,  0.12601747,
        0.13414413,  0.22358914,  0.03154466, -0.00831601, -0.04280659,
        0.06483635, -0.02082095, -0.03608712,  0.05048152], dtype=float32), np.int64(89675): array([-0.21215388, -0.01374377,  0.1630688 ,  0.0106795 ,  0.22470014,
       -0.11511683,  0.16698371, -0.04958984,  0.05935058, -0.02491394,
       -0.00870131,  0.02136644,  0.01417942,  0.09508172, -0.05505408,
       -0.15204729, -0.08473076, -0.00553258, -0.03203278,  0.04495976,
        0.04236413,  0.02160257, -0.04444469, -0.23759463, -0.09809699,
       -0.06192455, -0.03503542,  0.2005066 , -0.02873724, -0.02074069,
       -0.05970228, -0.0962836 , -0.09576351, -0.03043686,  0.04027527,
       -0.14409809, -0.0433015 , -0.02680516,  0.01507611,  0.09032616,
        0.01314567, -0.17552473,  0.01415523, -0.07512549, -0.27019262,
       -0.2554693 ,  0.0369579 ,  0.18421778, -0.07514326, -0.13779135,
        0.11456522, -0.32770535, -0.02000651, -0.29353634,  0.14477125,
        0.32038772, -0.11463594, -0.01291841, -0.03386913, -0.00275621,
        0.0404171 ,  0.1414427 , -0.0606535 , -0.07113452], dtype=float32), np.int64(2100): array([-0.1675757 ,  0.34038597,  0.03990873,  0.4538655 ,  0.05476363,
        0.15578954, -0.07637047,  0.12580362,  0.06657918, -0.18186045,
        0.13941424,  0.00923878,  0.1845698 , -0.18303503, -0.04231904,
       -0.11533377, -0.18027702, -0.04014289,  0.10904481,  0.02791717,
       -0.0182585 , -0.06397513, -0.08194689,  0.07447758, -0.06521368,
       -0.12901285,  0.21297562,  0.12901345, -0.04739215,  0.1739219 ,
        0.07290225, -0.08538313,  0.06050411, -0.05635481, -0.05514787,
       -0.13583122, -0.04146388,  0.08268861, -0.02524948, -0.28784665,
        0.06937084, -0.10005918, -0.01279157, -0.08055197,  0.02138477,
       -0.05139159, -0.02664919,  0.14438824,  0.16918734,  0.08899317,
        0.021795  ,  0.05092756, -0.06704582, -0.04911741, -0.10600746,
       -0.02475809,  0.01557006,  0.03933757,  0.07870744, -0.01092209,
       -0.02713069,  0.16236968,  0.07618489,  0.0499267 ], dtype=float32), np.int64(8405): array([-0.3027899 , -0.23605704, -0.03632945,  0.03543631,  0.09240847,
        0.05633901, -0.01311088, -0.16445081,  0.20697021,  0.05455085,
       -0.09033012,  0.10642421,  0.08090895, -0.16476952, -0.11325874,
        0.10190443, -0.06625522, -0.16884464, -0.08273003, -0.12116054,
        0.26140794, -0.0187114 ,  0.0755082 , -0.06354632,  0.17001599,
       -0.04094845,  0.15282209, -0.01331094,  0.02751635,  0.05580767,
        0.34902894,  0.10898905,  0.036839  ,  0.23345174, -0.3127157 ,
        0.09627227,  0.00239813,  0.09191506,  0.11162108,  0.03015221,
        0.07240871, -0.05637836,  0.0861349 , -0.04094942,  0.06687246,
       -0.1337174 , -0.16455293, -0.12167851, -0.08185482, -0.09870557,
       -0.17692399, -0.13191769,  0.08278829, -0.07957744,  0.03023149,
       -0.10717711, -0.06216942,  0.00877762, -0.0008229 ,  0.00092035,
        0.027969  ,  0.04889033, -0.00120233,  0.00299002], dtype=float32), np.int64(12248): array([-0.20891556, -0.03700502,  0.16625053, -0.03237225,  0.0343603 ,
       -0.16657895,  0.08035318,  0.00505559,  0.04823819, -0.04195074,
       -0.15896763,  0.19778138,  0.03662291, -0.08302934,  0.04406606,
        0.22638251, -0.04096064, -0.02178243, -0.07669924, -0.01717314,
        0.00369558,  0.0318091 , -0.11905385, -0.16628352,  0.01065032,
        0.06801755, -0.0893582 ,  0.12513727,  0.1388829 ,  0.15815099,
       -0.20715947,  0.10826755,  0.04876849,  0.02539367,  0.11492302,
        0.16874918, -0.03737734, -0.04859499,  0.16051199, -0.19329858,
       -0.10245453,  0.3072561 ,  0.1618165 ,  0.05693044,  0.07400597,
        0.07913366,  0.10365394, -0.20103975, -0.00469521,  0.00723204,
        0.01208072,  0.33370006,  0.03913862, -0.22517331,  0.15562063,
        0.03940884, -0.11059047, -0.00723665,  0.01395533, -0.2129731 ,
       -0.09289586,  0.0271325 ,  0.128987  , -0.01555294], dtype=float32), np.int64(100720): array([-0.16672783,  0.19072579,  0.07456308,  0.29730943,  0.02130208,
        0.0963114 ,  0.07030787,  0.04097714, -0.01359237, -0.01218869,
       -0.0939637 ,  0.03213394,  0.05349968, -0.2559737 , -0.05449787,
       -0.10047721, -0.13300546,  0.01396107,  0.12955944,  0.02213925,
       -0.0229228 , -0.06885159, -0.06250195,  0.04372328, -0.09728239,
       -0.21973497,  0.27179253,  0.11464734,  0.14591484, -0.16145545,
        0.02100114,  0.11468869, -0.03367686, -0.02450741, -0.01496388,
        0.03901916, -0.07147013,  0.12253751,  0.08658259, -0.03400043,
       -0.02256862, -0.12235542, -0.3366592 , -0.08585151,  0.08152057,
       -0.32606837, -0.2802168 , -0.14362304,  0.0850113 ,  0.03881168,
       -0.08641035, -0.01500382, -0.02460821,  0.07133862, -0.08331239,
        0.02222586, -0.10247224, -0.05680217, -0.19842789, -0.04780487,
        0.10101405,  0.00301331, -0.07507355,  0.0237022 ], dtype=float32), np.int64(20688): array([-0.30721787,  0.09870058,  0.19639064, -0.10004704, -0.11287852,
       -0.4736261 ,  0.11359198, -0.15482248,  0.03880597,  0.02674486,
       -0.03556803,  0.04386505, -0.08179302,  0.21210785, -0.02192484,
        0.14104283,  0.17864235, -0.12070537, -0.05490725, -0.02216154,
       -0.03973122, -0.01880594,  0.0466896 , -0.1182555 ,  0.09494908,
       -0.05846836,  0.03231831,  0.10794593,  0.11849187,  0.08699474,
       -0.0923152 ,  0.03735182,  0.05613483, -0.13607176,  0.09304316,
       -0.01261113, -0.12910935,  0.06165611,  0.05539782, -0.13030286,
       -0.07141456,  0.08844609,  0.14071953,  0.06250888,  0.18000525,
        0.126443  , -0.02810294, -0.19747858,  0.13870104, -0.16792397,
        0.06438837,  0.17252663, -0.08927087, -0.2008016 ,  0.14329788,
       -0.07528941, -0.10513735,  0.00305048,  0.05904373, -0.00174214,
        0.02288805, -0.0596692 ,  0.00891322,  0.02804946], dtype=float32), np.int64(20746): array([-0.32837036, -0.12051143,  0.21440667,  0.00518012, -0.31282696,
       -0.14765847,  0.03955421, -0.03020911,  0.05076588, -0.06084079,
       -0.07838229, -0.02602892, -0.04452343,  0.03505273, -0.15281732,
       -0.09423294,  0.08622269, -0.08278158, -0.08562571,  0.11237063,
        0.08490387, -0.00810224, -0.05878595, -0.26669538, -0.00593703,
        0.04256434, -0.0844211 ,  0.28044462,  0.1880366 ,  0.15522525,
       -0.18194133,  0.10664574, -0.0500393 ,  0.0801099 ,  0.11972687,
       -0.00374009, -0.10699099, -0.03700143, -0.05156896, -0.07691298,
       -0.00812076,  0.07005095, -0.01637941,  0.06999073,  0.032713  ,
       -0.10004798, -0.2012768 , -0.09767336, -0.12342143, -0.05899965,
       -0.25226876,  0.01372576,  0.13297516,  0.05557253,  0.01147672,
       -0.19424357, -0.03594265, -0.10397251, -0.17466559, -0.10350997,
        0.12363646,  0.08965125,  0.12231935, -0.06779118], dtype=float32), np.int64(36916): array([-0.35339493,  0.0913111 ,  0.04129657, -0.48639318,  0.05093757,
        0.44040588, -0.10265396,  0.15784276,  0.06467378,  0.00449936,
        0.02973847, -0.04811464, -0.02902811,  0.01632551, -0.0587678 ,
       -0.04021061,  0.1692616 ,  0.19028768,  0.01807651,  0.10862766,
       -0.15798132, -0.09609263,  0.27990326,  0.01637277,  0.02567193,
       -0.06339391,  0.05321733,  0.08143359,  0.0845393 ,  0.02919768,
       -0.04302234, -0.06544638, -0.04855152,  0.0429804 ,  0.06038404,
        0.08218438, -0.05982172,  0.07204534,  0.14907238, -0.00323338,
        0.01593488, -0.072293  ,  0.01109946, -0.04071438,  0.08184009,
        0.03898162, -0.0076425 , -0.05048298, -0.07435325,  0.02361623,
       -0.02991925, -0.02387686,  0.12984286,  0.01389087,  0.02296147,
        0.07208042,  0.05187812, -0.00635591,  0.12701559, -0.1115157 ,
       -0.12612551, -0.10228463,  0.11355115, -0.01596627], dtype=float32), np.int64(61624): array([-0.3552492 , -0.04774131,  0.24245343, -0.07907899, -0.14325342,
       -0.31431767, -0.04258237,  0.01788002, -0.06127727,  0.05529512,
        0.00277415,  0.09761894,  0.00719133,  0.11834691,  0.00861573,
        0.09269971,  0.00127896, -0.02537103, -0.10639036, -0.08527881,
       -0.04148006, -0.00177133,  0.05194442, -0.22358814, -0.06216109,
       -0.08346464,  0.05556482,  0.11334912,  0.05538242,  0.07407171,
        0.0449968 , -0.02112811,  0.07576672,  0.04871193,  0.07692381,
        0.11150941, -0.11700738,  0.04105344, -0.0701398 , -0.06526878,
       -0.11419459,  0.07030014,  0.2509679 , -0.10786867, -0.03245841,
       -0.10114493, -0.09206356, -0.2195063 ,  0.00393362,  0.08569153,
       -0.3571731 ,  0.13265985,  0.03694928, -0.03268273, -0.15404537,
        0.0221502 ,  0.16578372, -0.01552617,  0.0170999 , -0.07531996,
        0.10143206, -0.2524033 ,  0.06267453,  0.17930602], dtype=float32), np.int64(65611): array([-0.2474649 ,  0.3651044 , -0.09045386,  0.48848954,  0.04424621,
        0.17180435, -0.11145245,  0.22012313,  0.11269862, -0.14018814,
        0.09830865, -0.00705651,  0.12248493, -0.12528841, -0.00122758,
       -0.1839255 , -0.03404691,  0.04998017,  0.12733206,  0.06933431,
       -0.08521803,  0.0156258 ,  0.01466176,  0.11161305,  0.0461095 ,
       -0.24678615,  0.13675384,  0.15029016,  0.10828106,  0.11040566,
        0.03881701, -0.07768401, -0.01462214, -0.12528141,  0.03063848,
       -0.03520359, -0.02140279,  0.17142344, -0.05380973, -0.18348768,
        0.05301522, -0.04332318, -0.04077723, -0.01505805, -0.01580011,
       -0.05445875, -0.10700331,  0.0371963 , -0.01922563, -0.06326411,
        0.00049711,  0.09205285, -0.21708634, -0.07014425, -0.01921242,
        0.00386594, -0.00141282,  0.03519159, -0.06015956,  0.00474005,
       -0.01280148, -0.00755986, -0.02998923,  0.02603706], dtype=float32), np.int64(89884): array([-2.63686568e-01,  5.43157235e-02, -4.26235199e-01,  8.98790210e-02,
       -5.64853363e-02,  5.68757318e-02, -9.14282054e-02, -6.97229952e-02,
        4.92302217e-02,  4.41974821e-03, -9.69290063e-02,  9.26009044e-02,
       -8.03206190e-02, -1.88875630e-01, -1.20612592e-01, -7.53772259e-02,
       -3.01375501e-02,  5.98224960e-02, -6.38585463e-02,  6.93014711e-02,
       -4.25682701e-02, -1.04237974e-01,  3.61801207e-01,  3.74200419e-02,
        4.78423163e-02,  3.12493369e-02,  1.00946091e-01,  6.77422509e-02,
        1.81694061e-01, -8.81541446e-02, -3.43605578e-02, -1.54533805e-02,
       -5.45278378e-02,  9.44444072e-03, -8.49564839e-03,  1.33271888e-01,
       -1.15543708e-01, -1.85786150e-02, -3.54612013e-03,  1.15308225e-01,
        1.10544510e-01, -1.79107666e-01,  5.70957065e-02,  9.23260078e-02,
        4.91529005e-03,  1.43397704e-01,  1.45527899e-01,  4.15642367e-04,
       -6.84534684e-02,  7.04910681e-02,  1.74771577e-01,  1.25826094e-02,
        1.34514496e-02,  1.75207466e-01, -1.48945168e-01, -7.63222277e-02,
       -9.09851789e-02,  1.43428788e-01,  3.15764755e-01, -1.06752023e-01,
       -6.24129437e-02,  1.18504286e-01, -9.00294632e-02, -7.59188160e-02],
      dtype=float32), np.int64(100599): array([-0.24881993,  0.05588944, -0.2233167 , -0.18713863,  0.02255689,
        0.22669902,  0.09355149,  0.21636121,  0.07841451,  0.04625545,
        0.10292102,  0.28517458, -0.27641338, -0.01169805, -0.11143162,
       -0.01404772,  0.03570801,  0.12939191,  0.07048948, -0.04514455,
        0.06783117,  0.11331825,  0.11944983,  0.04013434,  0.0044987 ,
       -0.02463799,  0.00408834,  0.07528523,  0.05514956,  0.08054737,
        0.01994251, -0.0983538 , -0.08271794,  0.20160581,  0.20722516,
        0.10167526, -0.17035912,  0.10317123,  0.17424548,  0.06879304,
        0.16836926,  0.01584911, -0.08932141,  0.02395568,  0.02061653,
        0.04698497,  0.12055454,  0.16220272,  0.02112698,  0.0157789 ,
        0.05711138,  0.0395321 , -0.0167004 , -0.03478269,  0.20795447,
        0.18683879, -0.10848482,  0.09508181, -0.01986784, -0.05714715,
        0.08623355, -0.08251866,  0.24639086, -0.16807197], dtype=float32), np.int64(25438): array([-0.3601144 , -0.04773369, -0.03624194, -0.07543172, -0.04178986,
       -0.14460692, -0.02111712, -0.00079828,  0.20635638,  0.03185442,
       -0.05429779,  0.05400988,  0.07505511, -0.0348085 ,  0.07016497,
       -0.04481685,  0.06487265,  0.1230858 ,  0.01205582, -0.21237281,
       -0.01046435,  0.27564985,  0.1569588 ,  0.14595194, -0.10237419,
        0.11784979, -0.02111086,  0.19001973,  0.17590643,  0.08464121,
       -0.07183816,  0.09188049, -0.22127073, -0.13456981,  0.05634608,
        0.04592568,  0.04764874, -0.05994552,  0.08102802, -0.01483486,
       -0.11965797, -0.06444861,  0.06113543, -0.17879611, -0.14049396,
       -0.02353895, -0.06168903,  0.14511114, -0.10241257, -0.27594253,
       -0.10502163, -0.18848082, -0.0974712 ,  0.07178148,  0.04262699,
       -0.07592877, -0.10504012,  0.16073525, -0.06912002, -0.11827769,
       -0.07425071, -0.01641423, -0.13855207, -0.23462558], dtype=float32), np.int64(32528): array([-0.28507262,  0.3468935 , -0.14638454,  0.47054034,  0.10945658,
        0.16511041, -0.1396389 ,  0.08548208,  0.10487578, -0.20823337,
        0.180291  ,  0.0397737 ,  0.08541752, -0.05689657, -0.00569982,
       -0.05055511, -0.11396278, -0.00049746,  0.13103572, -0.04768411,
        0.08385563, -0.02714941,  0.05715791,  0.0399732 , -0.03220932,
       -0.0441603 ,  0.07879638,  0.03356165, -0.17115657,  0.12432259,
        0.09043896,  0.03692661, -0.04089083,  0.05720524,  0.06603163,
       -0.13697149, -0.02430602,  0.0279155 , -0.1719134 , -0.13768762,
        0.13361417, -0.04868181, -0.00468833, -0.11361348, -0.04516986,
        0.1445253 ,  0.12743777, -0.1136748 ,  0.12017628,  0.02660298,
        0.02734611,  0.04043568,  0.00135365,  0.06813031,  0.10244895,
       -0.05933102,  0.05351904, -0.16037065,  0.02173987, -0.09896447,
        0.03844931, -0.16306399, -0.10851619,  0.01363483], dtype=float32), np.int64(14281): array([-0.3292611 , -0.01344624,  0.18513714, -0.07815556, -0.13538088,
       -0.30094156, -0.01689609,  0.0157958 , -0.01116681,  0.04098533,
       -0.00759245,  0.11326495, -0.00166943,  0.09113641,  0.02400338,
        0.09674604,  0.03554354,  0.03464544,  0.09399405, -0.05930264,
       -0.0006185 ,  0.03077809,  0.03305389, -0.05612362, -0.0570701 ,
       -0.00120756, -0.19563662,  0.0753546 , -0.00299938,  0.07148375,
       -0.01104225,  0.07056319, -0.03479272, -0.00391144,  0.14208026,
        0.36967593, -0.14512186, -0.06711321,  0.12316834, -0.33102447,
       -0.00384065,  0.09171523,  0.13697585, -0.06145219, -0.03009336,
       -0.04452688, -0.02623797, -0.0869066 ,  0.1599891 , -0.05493671,
       -0.15969452, -0.04657955, -0.19503102, -0.02334561,  0.09199211,
       -0.09005031,  0.11552279, -0.18756396,  0.1595671 , -0.02957621,
        0.202815  ,  0.05602969, -0.1892912 ,  0.11973008], dtype=float32), np.int64(32384): array([-0.03512599,  0.0873466 ,  0.01457251,  0.09086963,  0.02506618,
        0.03788092,  0.00724907,  0.01506163,  0.0263283 , -0.07377023,
        0.08160937, -0.01776383,  0.03445845, -0.12458514,  0.00802431,
       -0.09726044, -0.08573121,  0.01446584,  0.06703761,  0.00830701,
       -0.02048785, -0.07048459,  0.0298027 ,  0.03596917, -0.04984989,
       -0.04742024,  0.03075464,  0.06025099, -0.02421107,  0.08023175,
        0.11505652, -0.01682097,  0.0134077 ,  0.02262272,  0.00871797,
       -0.11485662,  0.01135535, -0.09764403, -0.14082198,  0.10072705,
        0.10187895, -0.11087651,  0.16929714,  0.03794014, -0.03775743,
        0.08180446,  0.4224617 , -0.09386553,  0.15049751, -0.13358788,
        0.01251516,  0.02932614,  0.0197589 , -0.20987865,  0.05228835,
       -0.05558973,  0.10015138,  0.35304266, -0.16425951,  0.04010934,
        0.31899256,  0.24049425, -0.0842864 ,  0.40978783], dtype=float32), np.int64(50510): array([-0.36596712, -0.35202318,  0.19391657,  0.08934292,  0.15359794,
        0.17410567, -0.09475042, -0.13380001, -0.05908123,  0.21141161,
        0.13791385,  0.38846135,  0.07946782, -0.17192991, -0.20121962,
        0.03677524, -0.03362415, -0.02012285, -0.05329747, -0.06219418,
       -0.02075277,  0.03643693, -0.05242437, -0.10850601,  0.09574345,
        0.08316491, -0.03080265,  0.14019723, -0.03593985, -0.03778451,
       -0.01610957, -0.12558863, -0.1290043 , -0.01271298, -0.02545683,
       -0.12494862,  0.01745688, -0.01778983, -0.02747807,  0.01443174,
        0.02681565, -0.01560789,  0.01755352, -0.00126205,  0.08979594,
        0.16558504, -0.09246517,  0.03069957,  0.00584879, -0.09073566,
        0.17947121, -0.2034098 , -0.15463361, -0.03528521, -0.02410225,
        0.20309162, -0.04783455,  0.0225767 ,  0.00358338, -0.07626189,
        0.01188198,  0.02689623,  0.01023889, -0.02572485], dtype=float32), np.int64(80097): array([-0.32042766, -0.13491902, -0.11912081,  0.01342568, -0.22476032,
        0.01806762,  0.06456053, -0.12003478, -0.05911262, -0.20066321,
       -0.03263031,  0.23039326, -0.11379627, -0.14221855,  0.14155823,
       -0.11892985,  0.04053549, -0.16777164, -0.04271748, -0.0310531 ,
        0.03691909,  0.08353142,  0.2990655 , -0.12486024,  0.23271067,
       -0.2271879 ,  0.00600418, -0.08543011, -0.05995366, -0.12312179,
        0.24401753,  0.05032375,  0.13341293, -0.12300841, -0.20418404,
        0.00942656,  0.06165441, -0.08571558,  0.09502693, -0.04992619,
       -0.07295243,  0.00579333,  0.14371702,  0.27650222, -0.00122821,
       -0.1697939 ,  0.01189924,  0.05628995, -0.02797279, -0.11731211,
       -0.06062438,  0.04026516, -0.03301385,  0.11014626, -0.07125518,
        0.00410794,  0.01325226,  0.05491103, -0.0330223 , -0.07090244,
       -0.02613272, -0.01827168, -0.09278007,  0.03327444], dtype=float32), np.int64(80153): array([-0.31482533,  0.06127467, -0.08497633,  0.12509538, -0.01366294,
        0.0299997 , -0.01257281,  0.0457142 ,  0.0493977 , -0.2474104 ,
        0.11920686,  0.04095159, -0.15817422, -0.29720995, -0.00955534,
       -0.10186859,  0.01593953,  0.15841082,  0.07911196,  0.05546436,
       -0.02317781, -0.1577341 ,  0.38462314,  0.03555195,  0.05628259,
       -0.21008487,  0.04130018,  0.11955661,  0.12404794,  0.2002469 ,
       -0.09140025,  0.0872319 , -0.13295113,  0.13406378,  0.06279014,
        0.11180978,  0.05495855,  0.06769669, -0.03186446,  0.1643261 ,
       -0.16730866, -0.00854579, -0.04247142,  0.04427265,  0.10645896,
       -0.05963854, -0.08505327,  0.15079823, -0.00557037,  0.01622729,
        0.15552886,  0.05620534, -0.02691444, -0.058492  , -0.07113054,
        0.0193259 ,  0.02961675,  0.1502346 ,  0.06839608,  0.05910133,
       -0.00793331,  0.09802581, -0.1595429 , -0.23481682], dtype=float32), np.int64(94561): array([-0.30639014,  0.2521633 , -0.05778677,  0.40705958,  0.04540645,
        0.111285  , -0.07584019,  0.15812725,  0.1441525 , -0.14212182,
        0.17401193, -0.09161089,  0.02290808, -0.10451395,  0.09101436,
       -0.06285728, -0.05493725,  0.1599239 ,  0.17395474,  0.00406409,
        0.0762554 , -0.08101168,  0.20519707,  0.1106321 ,  0.00570224,
       -0.23097901,  0.12322834,  0.13941102,  0.08111396,  0.17142764,
       -0.09403858, -0.04986926, -0.01616254,  0.03438597,  0.09474422,
        0.08280461, -0.07901417,  0.06776679,  0.00189299,  0.17874427,
       -0.03903905,  0.02768054, -0.12915422,  0.09630547, -0.00050475,
       -0.19400722, -0.12742588,  0.0037927 , -0.0092257 ,  0.07767221,
       -0.04588549, -0.01354946, -0.09247672, -0.10886929, -0.24698171,
        0.02241929, -0.06645601,  0.06983177,  0.00118478, -0.03692711,
       -0.05710771,  0.0128421 ,  0.04325142,  0.1248991 ], dtype=float32), np.int64(103225): array([-0.43700576, -0.3849405 ,  0.22697844,  0.10347003,  0.06364706,
        0.16572699, -0.14233029, -0.03166595, -0.08299587,  0.1465335 ,
        0.13851771,  0.3332588 ,  0.07287846, -0.28117135,  0.0238956 ,
       -0.17365626,  0.35986885, -0.15438633, -0.02845436, -0.05703386,
        0.01141597, -0.00859728, -0.0269705 , -0.02407978, -0.0932992 ,
       -0.02011073, -0.01526545, -0.04901978,  0.04329066, -0.03213211,
       -0.01015706, -0.04081033,  0.01550415,  0.02568324,  0.0203238 ,
       -0.00451636, -0.00841487,  0.00120648,  0.03463708,  0.00450097,
       -0.02639072,  0.03283419, -0.03269693, -0.02150577,  0.00708367,
        0.07640282, -0.04615232, -0.05613058, -0.02388705, -0.00513003,
       -0.10288616,  0.01933561, -0.0923399 , -0.00819718, -0.06230785,
       -0.10782146,  0.02939131,  0.00892909,  0.06483592, -0.02183351,
       -0.02086885, -0.05924535, -0.18089817,  0.04186506], dtype=float32), np.int64(13638): array([-0.26402906,  0.15477413,  0.16378081, -0.58153766,  0.09921187,
        0.5677412 , -0.08833579,  0.07534771, -0.02088918, -0.0271335 ,
        0.01388902, -0.09278776, -0.04422231,  0.06709709, -0.04063537,
       -0.05424832,  0.08137506, -0.01317497, -0.09702434,  0.04407007,
        0.03182664, -0.03226186,  0.04662567,  0.06464577,  0.10912851,
        0.08712594, -0.11459361, -0.08308233,  0.11702091,  0.04683336,
        0.1421262 , -0.01645811, -0.07564767,  0.02186858,  0.01358854,
        0.03031646, -0.05302899,  0.07162704, -0.16713353,  0.01041562,
       -0.01416055,  0.0660547 , -0.02045366, -0.0028902 , -0.01809268,
       -0.03139683, -0.01530675, -0.05628966,  0.01866012,  0.02950705,
        0.01031649,  0.02172577, -0.05720607, -0.02603124, -0.09431762,
       -0.01717456, -0.02195799, -0.03743984, -0.0008952 ,  0.0260258 ,
        0.02208927, -0.00255893,  0.0053188 , -0.03426406], dtype=float32), np.int64(31354): array([-0.3864149 , -0.29359162,  0.12045625,  0.00518371,  0.00896243,
        0.1211577 , -0.1378146 ,  0.0359673 , -0.05130052,  0.07138024,
        0.11218462,  0.29791692, -0.05228765, -0.17972873,  0.14097588,
       -0.09901317,  0.11739965, -0.15072279, -0.07689561, -0.04266136,
        0.02906108,  0.01829694, -0.05728509,  0.03042225, -0.2623254 ,
        0.3647812 ,  0.09407559,  0.09364355,  0.12391774,  0.16317013,
       -0.0402749 ,  0.28964847,  0.0222243 , -0.0279872 ,  0.10615132,
       -0.04759419, -0.01460794, -0.10799729, -0.1181701 ,  0.01387703,
        0.04045179, -0.06833801, -0.06308926,  0.07288778,  0.03843218,
        0.01123131, -0.11124444, -0.01681521, -0.09604459, -0.0986148 ,
       -0.00039856, -0.02479575, -0.08887409, -0.04346487,  0.02885568,
        0.02279339,  0.08532747, -0.07580861,  0.01050606, -0.06356242,
        0.11545011, -0.09984054,  0.00870917,  0.05046597], dtype=float32), np.int64(51125): array([-0.44139335, -0.3191306 ,  0.00113902, -0.01605517, -0.06781813,
        0.03800008, -0.13407272,  0.00764363, -0.25651014, -0.05253474,
        0.03626447, -0.05645444,  0.23246402, -0.1288486 , -0.03521926,
        0.01940937,  0.11655769,  0.01850095,  0.23526253, -0.21410167,
        0.24994333, -0.01024375, -0.14918819, -0.10021241,  0.05380518,
        0.06099973, -0.06380228,  0.16741063,  0.17151633,  0.17146626,
       -0.08927458,  0.08971658, -0.14735769,  0.04042875,  0.0316475 ,
       -0.15316997,  0.02728763, -0.14126426, -0.08829889,  0.01832617,
        0.06508103,  0.01189226, -0.0127167 ,  0.04255833,  0.0609944 ,
        0.10334291, -0.09690516,  0.0551901 , -0.0084867 , -0.11063859,
        0.12643778, -0.15732093, -0.09977362,  0.00238269, -0.04267336,
        0.1444143 , -0.01151312, -0.01987543, -0.03449984, -0.03831682,
        0.05464921,  0.03731065,  0.08378852,  0.00532417], dtype=float32), np.int64(2643): array([-0.2565526 ,  0.2694089 , -0.30273882,  0.37808692,  0.03222798,
        0.13565199, -0.0899367 ,  0.18019038,  0.11321938, -0.22696328,
        0.11525271,  0.08278711,  0.19853063,  0.0570129 , -0.10432053,
        0.04609897,  0.01061495, -0.04765156, -0.06292179,  0.03615906,
       -0.03854287, -0.11933062,  0.30298272, -0.00229627,  0.13577445,
       -0.00805287, -0.08945357,  0.00815377, -0.0342972 ,  0.02858162,
       -0.05221327, -0.04445826,  0.01348948,  0.08510127, -0.01463457,
        0.01213409,  0.00597609, -0.06385114, -0.02429246,  0.14577429,
        0.07377299,  0.12723266,  0.09170736, -0.00710865, -0.04864303,
        0.01001811,  0.15664323, -0.18857306, -0.00850751,  0.07159352,
        0.0559345 , -0.15972552,  0.04780428, -0.07176804,  0.04009029,
       -0.10463974,  0.02392713, -0.16779669, -0.03765795, -0.02722463,
       -0.07804588, -0.11338342,  0.03718838,  0.21673909], dtype=float32), np.int64(18659): array([-0.2630841 , -0.25405818,  0.04366709,  0.04377916,  0.4147574 ,
        0.06311488,  0.19342409,  0.11392879, -0.19769359,  0.19577436,
        0.26220325,  0.22981521, -0.11190207, -0.00885749,  0.0530559 ,
        0.07810473, -0.02755723, -0.08262198,  0.02343692,  0.01503847,
        0.01794317,  0.01787216, -0.04164894,  0.03380136, -0.31273466,
        0.43266934,  0.20591961,  0.0532481 ,  0.06432083,  0.00711927,
        0.09522974,  0.06036122, -0.02135046, -0.16766101,  0.13018121,
        0.05010727, -0.05386129,  0.00863636, -0.01728805,  0.01129274,
        0.01634701, -0.0349546 , -0.00477786,  0.00568865,  0.03414363,
        0.01267274, -0.00971674, -0.00324069, -0.02677007,  0.0102385 ,
        0.01463854, -0.00703256, -0.00133249, -0.01387707,  0.01723712,
        0.00153781,  0.006423  ,  0.00340806,  0.01623832, -0.00961476,
       -0.00899573, -0.00276215,  0.00402278,  0.00285633], dtype=float32), np.int64(43547): array([-0.10756683, -0.09110307,  0.08023853, -0.00920733,  0.42176667,
       -0.11040866, -0.16317934, -0.04920642,  0.03999319, -0.07093979,
       -0.00713781, -0.02183207, -0.01656174, -0.08468488,  0.04147182,
        0.0707443 ,  0.03274237,  0.01607945,  0.01368176, -0.01370196,
        0.01115023,  0.02063125, -0.01296996, -0.03828178,  0.00691432,
        0.03313783, -0.03557218, -0.05365929, -0.14174904,  0.00653963,
        0.00480624,  0.0604829 ,  0.01249488,  0.04749755, -0.00483578,
        0.02838063, -0.06597451, -0.06128353,  0.05727828,  0.02315936,
       -0.3433599 , -0.3023682 , -0.14237142,  0.4804382 , -0.30370894,
        0.2826204 , -0.1618207 , -0.08722395, -0.0162704 ,  0.05189363,
       -0.004696  , -0.01559968, -0.04392899, -0.05785898,  0.02572903,
       -0.02066731,  0.04957871, -0.02115367,  0.00173137,  0.02254155,
        0.03709257,  0.02201258, -0.03013616,  0.0537807 ], dtype=float32), np.int64(68747): array([-0.14654195, -0.09183871,  0.07032289, -0.00384445, -0.21700265,
       -0.00751647, -0.13494849,  0.23136066, -0.05645214, -0.1750141 ,
       -0.1466293 , -0.07003158, -0.06762969, -0.23396724, -0.52966094,
        0.2056944 ,  0.02432835, -0.01818882,  0.00831258,  0.06718026,
        0.03769789,  0.00399321,  0.00187751,  0.01201619,  0.01352806,
        0.01897807, -0.0065955 , -0.0084354 ,  0.01681192,  0.00970687,
        0.03736411, -0.06705706, -0.05443712,  0.00862996, -0.00400439,
        0.06629802, -0.06904752,  0.06831777,  0.00075559, -0.03559213,
        0.06649899, -0.09783283,  0.07181503, -0.05783987,  0.08826028,
       -0.13599415, -0.253817  , -0.22974968, -0.06381191, -0.11844708,
       -0.27868962, -0.2262368 ,  0.10845923, -0.10229125,  0.02711794,
       -0.14539476, -0.06253722,  0.00197824, -0.01701656,  0.02216412,
        0.05925312,  0.08017655,  0.00300264,  0.00172061], dtype=float32), np.int64(83152): array([-0.32779488,  0.039372  ,  0.20493552, -0.44250768,  0.01544207,
        0.36242288, -0.11772915,  0.09880082, -0.04303385, -0.02217752,
        0.0026514 , -0.06046413, -0.01507434,  0.0711614 ,  0.00682804,
       -0.03499821, -0.00870529, -0.02169528, -0.02168302, -0.10047734,
       -0.06145989, -0.06128886, -0.06715698,  0.21873945,  0.06218789,
        0.11396209, -0.2525456 , -0.09835181,  0.22524217,  0.16399641,
        0.02024435,  0.17029905, -0.03604398, -0.00131635,  0.00115046,
       -0.02718662, -0.04264582,  0.20348014, -0.138781  ,  0.03694794,
       -0.0892547 ,  0.00081055,  0.10304577,  0.02323994, -0.00165283,
        0.01806393,  0.10896642, -0.00546329,  0.03751844,  0.05043153,
        0.02980207,  0.02616893, -0.1552951 ,  0.02233708, -0.07023562,
       -0.22670604,  0.08978225, -0.06614065, -0.09369329,  0.0446415 ,
        0.08464736, -0.04514613, -0.01346149,  0.02740967], dtype=float32), np.int64(24810): array([-0.25001916,  0.202342  ,  0.09146255, -0.5741663 ,  0.15006292,
        0.4785451 , -0.00856985,  0.08920491,  0.08281358, -0.06400627,
       -0.09560718,  0.00978616, -0.07534897,  0.06770385,  0.0026135 ,
        0.02202527, -0.00207742,  0.03040852, -0.13860014,  0.02843199,
       -0.01611416, -0.10965348, -0.02590373,  0.01359925,  0.10962452,
        0.04023524, -0.14176455, -0.05422775,  0.17966713,  0.15118621,
        0.08042479,  0.08085348, -0.14479503,  0.11267537, -0.04667987,
       -0.00391907, -0.03668352,  0.00527441, -0.10274651, -0.04804577,
       -0.02640942,  0.08521858,  0.00306698,  0.00456554, -0.07411302,
       -0.02184482, -0.01603443, -0.04506018,  0.02998415,  0.00930947,
        0.01499515, -0.03219639, -0.103566  , -0.05228144, -0.06465497,
       -0.05909797,  0.05433831, -0.09188613,  0.00162397, -0.00940283,
        0.06054085, -0.03509706, -0.0475784 ,  0.14402544], dtype=float32), np.int64(59815): array([-0.4074381 ,  0.09294851,  0.1494752 , -0.08974949, -0.13633287,
       -0.3896464 ,  0.00863778,  0.0075323 ,  0.02511657,  0.10407154,
       -0.01488132,  0.08119196,  0.04877792,  0.20603399, -0.02799442,
        0.10257153,  0.14396219,  0.04264004,  0.00077759, -0.07277744,
       -0.21388386, -0.06002574,  0.09318631, -0.24364509, -0.10527372,
       -0.09339332,  0.0577784 , -0.05888553,  0.08664515, -0.00092623,
        0.13809852, -0.06200891, -0.11792592, -0.04388618, -0.02056136,
       -0.27764723,  0.13019621, -0.01250982, -0.17983526,  0.11819092,
       -0.10305455, -0.068666  , -0.03480094,  0.05422854,  0.03668158,
        0.05671486,  0.14114478,  0.0932165 ,  0.02657741, -0.07939561,
        0.08856282, -0.01868003,  0.07834734, -0.03146866, -0.00651656,
       -0.01743943,  0.03020674,  0.00077506, -0.20022015, -0.21709265,
        0.06593817, -0.10255787,  0.10404267,  0.04259156], dtype=float32), np.int64(79316): array([-0.35332766, -0.2916045 ,  0.13467857,  0.02857927,  0.03205913,
        0.12112061, -0.10423993, -0.07424546,  0.19298685, -0.06916287,
       -0.0922778 ,  0.14286791,  0.0438822 , -0.12947647,  0.06986214,
       -0.19236574,  0.20569228, -0.05452687,  0.2905921 , -0.19908176,
       -0.0017237 ,  0.14907081, -0.18959528, -0.24010576,  0.1467171 ,
        0.06618462, -0.07500877,  0.12219794,  0.04735306,  0.00880056,
       -0.00080196, -0.1592716 , -0.14782278, -0.06782871,  0.06305284,
       -0.07813866, -0.01108917,  0.02129321, -0.10408868,  0.05107955,
       -0.03780735,  0.03002553, -0.06954134,  0.03391687,  0.0543878 ,
       -0.03529871, -0.00097847,  0.02567322, -0.0643509 ,  0.09212705,
       -0.18711472,  0.12620139,  0.11974457,  0.08809373, -0.08875576,
       -0.26681963,  0.07661618, -0.01677737, -0.04414864,  0.02326553,
        0.05911538, -0.04322993, -0.04552864, -0.06067456], dtype=float32), np.int64(84141): array([-0.40144607,  0.29114485,  0.2542742 , -0.06071133, -0.09996868,
       -0.3629047 ,  0.06904025, -0.08460056, -0.00374365,  0.05270742,
        0.00751604,  0.1063431 ,  0.01347361,  0.12513293, -0.02376962,
        0.1640414 ,  0.1354384 , -0.03096551,  0.05671376, -0.08111049,
       -0.01926654,  0.03386559,  0.0255496 , -0.1851656 , -0.05974401,
       -0.00343959, -0.00804912, -0.06905858, -0.11251359,  0.0410796 ,
       -0.09482744,  0.06615946, -0.00300641, -0.02198509,  0.09138248,
        0.11175866, -0.04185165,  0.04859703,  0.12853172,  0.02000226,
        0.03287565,  0.13429122,  0.08070243,  0.11035585,  0.09637395,
        0.00897291,  0.15888192,  0.0278532 , -0.13664249, -0.02751337,
        0.09623144,  0.08772545, -0.10363962,  0.11276355,  0.13889514,
       -0.07386728, -0.15901478,  0.11611097,  0.00446234,  0.10404086,
       -0.19586924, -0.21977103, -0.16630991,  0.09420256], dtype=float32), np.int64(6764): array([-0.3166295 ,  0.2042128 ,  0.20268695, -0.55739355,  0.02474366,
        0.40399677, -0.08656333,  0.0951203 , -0.0205079 , -0.02982378,
        0.00409715, -0.05386775, -0.03585807,  0.01966841,  0.11255928,
        0.03518129, -0.03760804,  0.06954405, -0.09556805,  0.05193091,
        0.02266603, -0.04686409,  0.12068235,  0.06005469,  0.05571362,
        0.05830073, -0.16248798, -0.1569863 ,  0.1218105 ,  0.07213435,
        0.10738818, -0.02460122, -0.12056896,  0.03242855,  0.09763792,
        0.11536184, -0.05140741,  0.0667804 , -0.15848769,  0.021311  ,
       -0.0562967 , -0.00902638, -0.03283692, -0.02716931,  0.06436148,
       -0.08412705, -0.05611537,  0.00365919, -0.1182941 , -0.06969966,
       -0.0341163 , -0.06247466, -0.10780712, -0.03881766, -0.0779165 ,
       -0.05704249,  0.03156432,  0.10012996,  0.00493706,  0.03285385,
        0.04802836, -0.02708097, -0.15657175,  0.02828889], dtype=float32), np.int64(6875): array([-0.35686037, -0.06736221, -0.48449454, -0.10310941, -0.15858066,
       -0.07633977, -0.10983191, -0.00395704, -0.0231411 ,  0.09827165,
        0.09354364,  0.1801635 , -0.00137326, -0.106334  , -0.05461155,
       -0.17681819,  0.19233324, -0.05084782,  0.12321313, -0.02692161,
       -0.02303272, -0.0369193 ,  0.13679768, -0.0034592 ,  0.12757632,
        0.07765907,  0.08976511,  0.06415636,  0.16059235, -0.01625067,
        0.27581388, -0.03814635,  0.1927415 , -0.00743335, -0.05654889,
        0.01850688,  0.07366745, -0.04849559, -0.00764907,  0.03815792,
        0.11130425, -0.01824509, -0.07101875,  0.08696622, -0.04378382,
        0.11667199, -0.01104994, -0.07654916,  0.00303498,  0.08671604,
        0.240514  ,  0.0109438 ,  0.09020829, -0.06720843,  0.0648579 ,
       -0.03496989, -0.19706225, -0.02450032,  0.07931395,  0.0780142 ,
       -0.08838474, -0.05649502, -0.11840277,  0.10619576], dtype=float32), np.int64(8673): array([-0.34324983,  0.06016621,  0.14640528, -0.10269197, -0.14054279,
       -0.4154875 ,  0.03669681, -0.04426837,  0.01075264,  0.1284593 ,
       -0.01484571,  0.07102976,  0.08243466,  0.05518547,  0.03266496,
        0.2716337 ,  0.17588513,  0.00088515, -0.14162895, -0.09916976,
       -0.04583165,  0.08970147,  0.1352214 , -0.05873676, -0.05529307,
       -0.13785079,  0.09754366,  0.16532893,  0.08621911,  0.08331602,
        0.1585348 , -0.08498164, -0.13249534,  0.12377485,  0.21903749,
        0.08399413, -0.10572112, -0.01812511, -0.0433167 , -0.08019816,
       -0.03114922, -0.01929873,  0.01952536, -0.02181403,  0.04947941,
        0.05262052,  0.04474653, -0.0360742 ,  0.02388143, -0.20904139,
       -0.04247003, -0.00905258, -0.00555561, -0.05538693, -0.08352301,
        0.14031844,  0.18438944, -0.18661961, -0.03991878,  0.07483262,
        0.18259124, -0.01154781, -0.11285319,  0.17139457], dtype=float32), np.int64(81182): array([-3.7694356e-01, -2.1932131e-01,  2.1502352e-01,  7.7157405e-05,
       -1.4216071e-01, -1.3733143e-01, -1.2040222e-01,  7.1883895e-02,
        7.8358844e-02, -1.3611463e-01, -9.2814036e-02, -1.6616251e-02,
       -5.2461717e-02, -9.9615585e-03,  7.4920036e-02, -5.3111732e-02,
       -7.4505508e-02,  5.4389559e-02, -4.3940119e-02,  1.8711008e-01,
        1.0058184e-01, -1.3283022e-02,  1.0130482e-01, -7.7177234e-02,
       -1.3966471e-01,  1.0931566e-02, -1.8316674e-01,  3.0175716e-02,
        1.3125832e-01, -1.9426133e-02, -1.1526210e-01,  3.0074107e-02,
        6.8349324e-02, -1.8349312e-01, -1.2466449e-01,  1.7042994e-02,
        8.2256906e-02, -1.4725971e-01,  1.4498024e-01, -1.9870292e-01,
       -2.7490351e-02,  2.0803869e-02,  1.8140918e-01,  6.4371817e-02,
       -2.8035644e-01, -2.5175628e-01,  5.3113077e-02, -1.4093777e-02,
        5.9552748e-02,  3.7585538e-02,  1.4292425e-01,  5.7152923e-02,
       -1.9408457e-01,  9.7907662e-02,  2.1276265e-01, -1.5930806e-01,
       -5.2060157e-02,  1.5712006e-02,  9.9771068e-02,  9.6680582e-02,
       -3.3532489e-02,  1.9146362e-02, -7.2334595e-02,  1.5804520e-02],
      dtype=float32), np.int64(23193): array([-0.23623496,  0.30020025,  0.01104139,  0.4004313 ,  0.01809532,
        0.12959066,  0.01611194,  0.18468124,  0.1111187 , -0.16666631,
        0.15041135,  0.02707155,  0.07364205, -0.2746229 ,  0.05890276,
       -0.21290839, -0.1039867 ,  0.18384638,  0.10865816,  0.03686966,
       -0.0144358 , -0.08628757,  0.05916202,  0.09835539, -0.07033703,
       -0.20605503,  0.24914637,  0.10518428, -0.10928489,  0.14812441,
        0.05895489, -0.08651888, -0.01870939, -0.0387828 ,  0.04226367,
       -0.19578454,  0.19979313,  0.14699332,  0.00776854, -0.18257348,
       -0.02045644, -0.07218993, -0.00297269,  0.05237364,  0.00886043,
       -0.16702855,  0.00673693, -0.02669181,  0.02114171,  0.01275294,
        0.02949593,  0.09033504, -0.02570576,  0.03601925,  0.0586189 ,
       -0.0166037 , -0.01486111, -0.0254067 ,  0.0201115 , -0.02407636,
        0.02611888, -0.072015  ,  0.08216307, -0.03485046], dtype=float32), np.int64(56039): array([-0.35722277, -0.18920712,  0.12733229, -0.03522414, -0.02412207,
       -0.2077079 ,  0.01412295,  0.2332147 ,  0.06901599, -0.10896564,
       -0.1782761 , -0.12482991,  0.12367912, -0.00627244, -0.08710928,
       -0.10807063,  0.00822504, -0.02806531, -0.09902471,  0.12725902,
        0.34064308, -0.11180473,  0.09326693,  0.01134955,  0.00198467,
        0.00876497,  0.15339419, -0.15621245,  0.297368  ,  0.12362199,
       -0.23868878,  0.09537661, -0.00897667, -0.15747392, -0.08042444,
       -0.13161068,  0.152189  , -0.21307677,  0.05517055, -0.00898947,
       -0.07112695,  0.03998996, -0.08900809,  0.00508332,  0.04272492,
        0.03996681,  0.0504584 ,  0.10472733,  0.06022836, -0.02479608,
        0.01414714, -0.02426436, -0.10112074,  0.20646055,  0.05983464,
       -0.04910496, -0.08290884,  0.07454298, -0.06783089,  0.02217309,
       -0.04495478,  0.05837612,  0.03129316, -0.02242261], dtype=float32), np.int64(72051): array([-2.39764646e-01,  2.37596974e-01, -1.77710280e-01,  2.93803841e-01,
       -1.91898216e-02,  1.15495145e-01, -9.39638093e-02,  8.90789032e-02,
        1.42015547e-01, -1.34528786e-01,  2.27914944e-01, -3.48798819e-02,
       -1.91731721e-01, -9.08667743e-02, -7.23013431e-02, -7.30218515e-02,
       -1.04385115e-01,  7.87818879e-02,  2.85184175e-01,  2.35299580e-02,
       -5.65262772e-02, -1.73708141e-01,  2.63896555e-01, -2.58691143e-03,
       -1.32983048e-02, -7.66120926e-02,  1.97425574e-01,  1.28915116e-01,
        5.34162261e-02,  3.70196551e-02,  5.25617786e-02,  3.15770432e-02,
       -1.83316067e-01,  3.31403464e-02,  9.28490087e-02,  2.36883387e-02,
        4.64662760e-02,  9.06316340e-02, -1.16217008e-03,  2.62530833e-01,
       -2.51262873e-01,  1.22402065e-01,  1.03041552e-01,  8.48068893e-02,
        2.24964768e-02,  7.58326799e-02, -4.13422771e-02,  8.61906186e-02,
        7.31538236e-02,  2.34232955e-02,  1.46883219e-01,  1.41176030e-01,
       -3.63782831e-02,  5.48875481e-02,  5.62187135e-02,  4.14404422e-02,
        2.64387839e-02,  1.30553555e-04,  1.14096858e-01,  3.18474621e-02,
        4.66567688e-02,  2.54155863e-02, -5.95180206e-02, -8.26657489e-02],
      dtype=float32), np.int64(7469): array([-0.2772564 ,  0.09871995, -0.1254361 ,  0.3081377 ,  0.1376155 ,
        0.13109164, -0.25550845, -0.05159548,  0.17703368, -0.20412241,
        0.16778888,  0.187106  , -0.12524647, -0.16214547, -0.09026761,
        0.00150321, -0.1935106 , -0.4172373 ,  0.00084829, -0.0008089 ,
        0.01045698, -0.02798738, -0.06323995,  0.00457469, -0.1271195 ,
       -0.02222916,  0.13968661,  0.09583447, -0.02191404,  0.13985416,
        0.10445402, -0.02241763, -0.00996529, -0.110522  , -0.02506783,
       -0.08192752,  0.01008379,  0.05804792, -0.02351438,  0.03092701,
       -0.08856133,  0.13913684,  0.06896517, -0.05335819, -0.04737047,
       -0.09910927, -0.1208027 , -0.00565647,  0.11439437, -0.04821694,
        0.02898666, -0.04852279, -0.08935289, -0.01334913, -0.04528752,
       -0.02100864, -0.0345635 ,  0.14595023, -0.07507844, -0.05123862,
        0.18088403,  0.12886363,  0.11696984, -0.09962545], dtype=float32), np.int64(49292): array([-0.37304989, -0.00180363,  0.06262644, -0.10106332, -0.12524013,
       -0.22738564, -0.05004469,  0.12614688,  0.05746926,  0.06508025,
        0.04178174,  0.06801026,  0.01280005,  0.02996211,  0.06591388,
        0.05867889, -0.04096387,  0.25269902,  0.04425356, -0.2030347 ,
        0.01829374, -0.05001445,  0.27383137, -0.08621904,  0.2755093 ,
        0.02329533,  0.07913434,  0.07399175, -0.07425949,  0.07702773,
        0.01846251,  0.01675099, -0.19693775,  0.17403692,  0.16980505,
        0.30488807, -0.15732424, -0.02265937,  0.02940273, -0.13211888,
        0.01852672, -0.15171897, -0.0046783 , -0.03495843,  0.25993156,
        0.17289807, -0.00695517,  0.08716934,  0.05784037, -0.10506324,
       -0.086781  ,  0.00704197,  0.13182738, -0.06084954,  0.0293636 ,
        0.07338189, -0.03079125, -0.09625068, -0.0963254 , -0.00061342,
        0.02676206,  0.0194182 ,  0.07456386,  0.06564489], dtype=float32), np.int64(65525): array([-3.57146621e-01,  1.25430971e-02,  2.50760943e-01, -9.42016095e-02,
       -1.68020725e-01, -4.30468500e-01,  6.68802299e-03, -3.44240554e-02,
       -3.51189263e-02,  6.90062791e-02, -2.68454347e-02,  1.46375254e-01,
        1.59135647e-02,  1.55679733e-01,  5.28474152e-02,  2.00585172e-01,
        1.12047948e-01, -7.49691576e-02, -5.93385510e-02,  1.07303165e-01,
        3.69751714e-02, -3.76157314e-02,  1.60626031e-03, -1.20086253e-01,
        1.72041962e-03, -3.10016964e-02,  8.69687572e-02,  6.01688661e-02,
       -1.80071453e-03,  4.47583124e-02,  1.07928716e-01, -5.91684505e-02,
       -3.11493371e-02,  9.32044759e-02,  1.11749537e-01,  7.98870400e-02,
       -8.18899795e-02, -2.58784667e-02,  3.01021151e-02, -1.36651397e-01,
       -6.25643581e-02, -4.75546462e-04,  1.99694142e-01, -5.92428073e-02,
        7.74013028e-02, -4.67701517e-02,  1.08021796e-02, -1.85159311e-01,
        4.14038710e-02, -7.77782798e-02, -2.04976529e-01,  3.30919325e-01,
       -1.86953723e-01,  1.23214060e-02,  3.33740201e-04, -1.13135062e-01,
        9.28050280e-02, -1.22493304e-01,  2.05863267e-02,  8.26704428e-02,
        1.07665487e-01,  5.57538867e-03, -5.45864329e-02,  1.11177944e-01],
      dtype=float32), np.int64(67508): array([-0.13531639, -0.14387533,  0.09241022,  0.08631477,  0.02645173,
        0.14805634,  0.4422762 , -0.00796004,  0.04389849,  0.02189548,
       -0.02843849,  0.03338843,  0.01139495,  0.01581333,  0.06803343,
        0.05351209, -0.01888494,  0.02667708,  0.00809301, -0.01563335,
        0.00499304,  0.01848901, -0.00233802, -0.04458591,  0.01224405,
        0.02380383, -0.00572498, -0.04409178, -0.11947449,  0.01116278,
        0.00791873,  0.03757098, -0.01369869,  0.04079463, -0.0085942 ,
        0.02304615, -0.07465765, -0.05428654,  0.03618266,  0.02405453,
       -0.36257836, -0.31073004, -0.12643638,  0.4535982 , -0.32354277,
        0.27545932, -0.15157434, -0.07690235, -0.01007378,  0.0470856 ,
       -0.00432169, -0.00838376, -0.03394266, -0.06306891,  0.04020488,
       -0.02655198,  0.05278285, -0.02777501, -0.00498353,  0.02938609,
        0.04716777,  0.00554268, -0.05310622,  0.02747325], dtype=float32), np.int64(98077): array([-3.18869174e-01,  1.84763253e-01,  1.25714704e-01, -5.59540272e-01,
        3.48413400e-02,  4.56072479e-01, -1.04309648e-01,  1.58258721e-01,
        2.37290729e-02, -4.23917063e-02,  1.70723181e-02, -3.80864963e-02,
       -8.87350217e-02,  3.91599685e-02,  1.07755065e-01, -1.04494244e-02,
       -2.56335810e-02,  1.94589272e-01, -1.03619047e-01,  7.52693862e-02,
        4.78858710e-04, -1.21804580e-01,  2.00467795e-01,  8.25816095e-02,
        1.01185828e-01,  7.38389790e-02, -1.16076283e-01, -1.09060079e-01,
        1.46175161e-01,  3.74034792e-02,  6.46837950e-02, -6.70436621e-02,
       -6.00289851e-02,  7.56317824e-02,  3.93590704e-02,  3.30119133e-02,
       -5.70528721e-03,  5.70338815e-02, -9.16164592e-02,  1.63363833e-02,
       -5.04874997e-02,  1.88479032e-02, -1.61428307e-03,  1.10028414e-02,
        3.23668532e-02,  3.18124075e-03,  8.40801820e-02,  1.00729048e-01,
       -1.10114450e-02, -2.19318364e-02,  3.25676948e-02,  8.64969417e-02,
       -3.71587910e-02, -3.35052013e-02, -5.78989498e-02,  7.98583869e-03,
       -1.84454955e-02,  4.08994816e-02,  1.92519594e-02, -3.25727351e-02,
       -3.69229205e-02,  4.67992853e-03,  3.11831236e-02, -9.78528932e-02],
      dtype=float32), np.int64(100261): array([-0.3528617 ,  0.26848403, -0.14598636,  0.4601491 , -0.04424952,
        0.21674114, -0.10107309,  0.21040644,  0.01349945, -0.21769714,
        0.2138511 ,  0.08803608,  0.00422312,  0.06719314, -0.01194287,
       -0.01442204,  0.01630751, -0.04058547,  0.15894192,  0.00634555,
       -0.02372766, -0.12022559,  0.24007994, -0.01801196,  0.02392584,
        0.0498511 ,  0.02427654,  0.0641855 ,  0.03105371,  0.13902244,
       -0.02769372,  0.09119929, -0.05039123,  0.05236435,  0.04443496,
       -0.03895568,  0.03421026,  0.03549794, -0.09922868, -0.03784808,
        0.06357737, -0.01960546, -0.06247104,  0.01870174, -0.01173724,
        0.10199438,  0.17234755,  0.07630093, -0.15175295,  0.01368734,
        0.13445324, -0.00942631,  0.11999052,  0.14995968, -0.02898746,
       -0.12758851,  0.09126929, -0.05413176,  0.0792317 , -0.04276485,
       -0.13071498, -0.09065118, -0.00849202, -0.07935612], dtype=float32), np.int64(392): array([-0.0607532 ,  0.14311059,  0.02378531,  0.1647528 ,  0.03139022,
        0.04534815, -0.01316653,  0.02590494,  0.03408791, -0.08062425,
        0.11441912, -0.03069491,  0.1064136 , -0.07683276,  0.00189996,
       -0.05915971, -0.1113233 , -0.04098406,  0.03905555,  0.00812708,
       -0.01739638, -0.00649979, -0.12849738,  0.05012468, -0.02545454,
       -0.07602303,  0.10891384,  0.10631777,  0.06989279,  0.18930238,
        0.10080623, -0.15524544,  0.11039229, -0.11952849, -0.1551859 ,
       -0.07969425, -0.1958599 ,  0.09198026, -0.1299243 , -0.38826182,
        0.01506393, -0.08750892,  0.01184436, -0.01812448, -0.02769648,
        0.11486913, -0.34773186,  0.26521283,  0.05996488, -0.14367427,
       -0.04812293,  0.13939188, -0.06375844,  0.00769719,  0.25159714,
        0.11038949,  0.22377488,  0.10340893, -0.0743401 , -0.02351576,
        0.16269456,  0.11178686,  0.20494102,  0.06212544], dtype=float32), np.int64(33101): array([-0.3406572 , -0.13147159, -0.04707971,  0.00498369,  0.0801748 ,
        0.00809312, -0.01455722, -0.0598529 ,  0.10021784,  0.23031498,
        0.06058244,  0.15111434,  0.27616793, -0.18815117, -0.19159807,
        0.07824466,  0.12330653,  0.13193414, -0.0395403 ,  0.08502705,
        0.00097464,  0.06131291,  0.4986343 ,  0.03738001,  0.02131514,
        0.03494924, -0.00508059,  0.01453233,  0.18187083,  0.03338199,
        0.01075172, -0.05139473, -0.19296183, -0.1611234 , -0.09073206,
        0.14632303, -0.04415033,  0.05997777, -0.0027641 ,  0.10007261,
        0.22846623, -0.02492892,  0.07189409,  0.04145281,  0.01587522,
       -0.02965188,  0.04721677,  0.03042702, -0.06198011,  0.0261557 ,
       -0.10265405, -0.05955678,  0.14444235, -0.05611924, -0.02628035,
       -0.01629679,  0.02207694,  0.09038066,  0.00920932,  0.10305221,
       -0.13542572,  0.0050186 ,  0.04064584,  0.14362352], dtype=float32), np.int64(47282): array([-0.36939472, -0.14989282,  0.16360238, -0.02272159, -0.0856856 ,
       -0.1791891 , -0.03837477,  0.01086205, -0.065651  ,  0.03607062,
        0.07132572,  0.09097611, -0.09037626,  0.01169233, -0.11065944,
       -0.02532257,  0.09235381, -0.18885733, -0.0276013 ,  0.10814086,
        0.09822718, -0.03992398,  0.02834146, -0.19857174, -0.01055789,
       -0.09794579, -0.17735822,  0.0465331 ,  0.08510908,  0.157241  ,
       -0.19343632,  0.1691088 ,  0.08100421, -0.00704492,  0.21455   ,
       -0.11457132, -0.10657659, -0.08887868, -0.08740475, -0.13205114,
       -0.09096054,  0.09577573,  0.04322241, -0.03595497,  0.02823563,
        0.06602432,  0.08902572, -0.06451383, -0.11714805,  0.23131973,
        0.1254378 ,  0.05279411, -0.00081843, -0.0547532 ,  0.01572883,
        0.17545395,  0.1987728 ,  0.08092718, -0.07707911, -0.18905273,
        0.18542801, -0.08215115,  0.26129243,  0.13513674], dtype=float32), np.int64(76653): array([-0.4232995 , -0.24472588,  0.14859287,  0.02513513, -0.11782559,
       -0.06202617, -0.0599241 , -0.15442903, -0.16341813, -0.33161908,
       -0.10817704, -0.0316238 , -0.01797747, -0.18128672, -0.01618808,
        0.13085018,  0.28310743, -0.02454842, -0.02709848,  0.01551453,
        0.01491691, -0.02917494,  0.00458241, -0.04407959, -0.1217545 ,
       -0.03141718, -0.01533553,  0.01190467,  0.18906868,  0.20216383,
       -0.09133711,  0.16014504, -0.02194634,  0.09882943,  0.02788503,
       -0.04151477, -0.0614823 , -0.0998712 , -0.06860517, -0.07044535,
        0.12049604, -0.04202416,  0.01955876, -0.00393358,  0.09162031,
       -0.00473362, -0.1868011 , -0.16847152, -0.07615519, -0.1851757 ,
       -0.17650689, -0.11096454, -0.0520474 , -0.04976476, -0.04968936,
       -0.12015051,  0.05310935, -0.11827325,  0.01736583, -0.01239299,
        0.06794927, -0.09603457, -0.13581222, -0.04228082], dtype=float32), np.int64(90676): array([-3.35758701e-02,  6.62386417e-02,  2.17047352e-02,  8.47927295e-03,
        8.85450561e-03, -3.76876220e-02,  2.31777485e-02, -3.93849425e-02,
        5.40070469e-03,  7.48136034e-03,  3.71897817e-02, -2.31148512e-03,
        7.20806979e-03, -9.15270075e-02,  7.22237770e-03,  1.41849669e-04,
       -1.32566988e-02,  2.87860706e-02,  2.01848000e-02, -2.25706901e-02,
        1.32256392e-02,  5.26640639e-02, -1.08118327e-02, -3.35454568e-02,
       -1.13494880e-03, -2.69450061e-03, -7.57400915e-02, -5.33484071e-02,
       -2.43835613e-01,  5.15337139e-02, -5.51165603e-02,  1.36666179e-01,
        1.25059225e-02,  5.00708222e-02,  5.56185581e-02,  1.37776643e-01,
        3.30534903e-03,  5.42559698e-02,  4.18488309e-02,  4.88623604e-02,
       -2.11405605e-01, -3.03077817e-01, -9.26841870e-02,  3.79266560e-01,
       -1.15147069e-01,  1.71762228e-01,  1.42738268e-01,  8.48720148e-02,
        1.53695971e-01, -6.65376559e-02, -8.50943755e-03, -7.67323449e-02,
       -1.46367490e-01,  1.50379971e-01, -3.75900745e-01,  8.72913003e-02,
        1.75827444e-01, -6.28309846e-02, -5.47353141e-02,  1.16656544e-02,
       -3.29011381e-01, -1.00768745e-01,  3.03685129e-01,  1.22985438e-01],
      dtype=float32), np.int64(92309): array([-3.96622241e-01,  4.81800020e-01,  2.53950983e-01, -2.79025197e-01,
        2.59181075e-02, -1.88897580e-01,  1.61150604e-01, -2.17128798e-01,
       -5.41091822e-02,  1.63584828e-01, -1.70261059e-02, -8.22845697e-02,
       -3.07460204e-02, -1.17693156e-01, -6.28183316e-03,  2.64369361e-02,
       -6.18028976e-02, -1.14852060e-02, -4.06881794e-02, -2.10555941e-02,
        1.66623052e-02,  7.74023458e-02, -2.14353845e-01, -3.42678055e-02,
        2.80976109e-02,  1.74653783e-01, -1.58083767e-01, -1.23109810e-01,
        1.18185103e-01, -1.03946745e-01,  2.25386652e-03, -3.48952273e-03,
        2.24677250e-02, -5.43478355e-02,  1.92304589e-02,  4.83774692e-02,
        3.05108707e-02, -3.48540097e-02, -8.46113339e-02,  4.70303670e-02,
        1.63164679e-02,  9.09306183e-02,  3.32064480e-02,  1.02308381e-03,
       -1.22883596e-01,  4.92924824e-02,  1.47980563e-02,  1.27438173e-01,
       -9.73113105e-02, -9.80428457e-02, -5.72453365e-02, -5.73710054e-02,
        5.41051701e-02, -9.27818045e-02,  1.17153369e-01, -7.58745149e-03,
        6.18822798e-02,  7.98633620e-02, -1.90969985e-02,  6.54895157e-02,
        1.34379163e-01, -1.69489766e-04,  3.87826860e-02, -6.39162883e-02],
      dtype=float32), np.int64(92402): array([-0.30345714, -0.16953602,  0.20687978,  0.01547193, -0.27190167,
       -0.08490233,  0.14273281,  0.2655154 , -0.02278181, -0.18123238,
       -0.16388705, -0.08850044, -0.02835931, -0.03483903, -0.19120277,
       -0.20160277,  0.09363833, -0.1324309 , -0.08972704,  0.16461666,
        0.13644344, -0.03042406, -0.11190145, -0.16372761, -0.2500056 ,
       -0.04420591, -0.10719175, -0.00491901,  0.21706502,  0.1726323 ,
       -0.1175129 ,  0.18769932,  0.07271319,  0.08943373, -0.0188109 ,
       -0.09331288,  0.05727798, -0.13839784, -0.02996019,  0.05619442,
        0.06026906,  0.0629145 , -0.08192856,  0.0432431 , -0.0636915 ,
        0.0035179 , -0.09149032,  0.08140517, -0.03513787, -0.07500879,
        0.0709288 , -0.13957715,  0.06535834,  0.00565135, -0.09680055,
        0.05522393,  0.00235549, -0.16682015, -0.01705578,  0.05175608,
        0.11827097, -0.11070216, -0.04572633, -0.05725665], dtype=float32), np.int64(92423): array([-0.23826118,  0.0132853 ,  0.10892345, -0.04144486, -0.04192976,
       -0.27016795,  0.09698263,  0.02701481,  0.04472218, -0.0347622 ,
       -0.09212853,  0.04922998, -0.08165339, -0.02297288, -0.09408215,
        0.20829238,  0.40335697,  0.00310374, -0.06230827,  0.0237919 ,
       -0.06828064, -0.17826869,  0.04369423, -0.11479992, -0.17535943,
       -0.15978986,  0.14739253, -0.02246514,  0.26423192,  0.0381065 ,
        0.09908143, -0.21679236, -0.02095883, -0.08750021,  0.05909074,
       -0.04271765,  0.02195162, -0.04740483,  0.01017449, -0.06319687,
       -0.03178046,  0.0181345 ,  0.08384451, -0.01436107,  0.08936586,
        0.09871217, -0.06202686, -0.15563451,  0.0572089 , -0.21751574,
        0.0849174 ,  0.22650498,  0.12828344, -0.16564308, -0.09016599,
        0.21021435,  0.02363581, -0.04513831, -0.08728452,  0.20011596,
        0.071175  ,  0.02517263, -0.0735826 ,  0.0666959 ], dtype=float32), np.int64(94343): array([-0.39650556, -0.05437281,  0.23173548, -0.42930338, -0.06256033,
        0.3082708 , -0.21296643,  0.20405513, -0.07147139, -0.0134513 ,
       -0.01086555, -0.01223803,  0.01955812,  0.08947855,  0.2179043 ,
        0.07523081, -0.15785567,  0.00434222,  0.04250047,  0.04979826,
       -0.00104775, -0.05506057, -0.14474589,  0.01614412,  0.12636079,
        0.0082504 ,  0.0889625 , -0.17969917,  0.08701818,  0.04503275,
       -0.10208742, -0.0823349 , -0.08193478, -0.10696134,  0.08355506,
        0.10671773,  0.06228885, -0.01796315, -0.16392478,  0.02346382,
       -0.15492132,  0.03675482,  0.01471181, -0.09688038, -0.0439826 ,
        0.01836342, -0.02351074,  0.01537875,  0.0038456 ,  0.06550903,
       -0.06239984,  0.007089  , -0.15044312, -0.02421512, -0.02391667,
       -0.12544104, -0.04448899,  0.13349687,  0.02874826, -0.05489314,
       -0.00417955, -0.18217783, -0.00928145,  0.03761559], dtype=float32), np.int64(46909): array([0., 0., 0., 0., 0., 0., 0., 0., 0., 0., 0., 0., 0., 0., 0., 0., 0.,
       0., 0., 0., 0., 0., 0., 0., 0., 0., 0., 0., 0., 0., 0., 0., 0., 0.,
       0., 0., 0., 0., 0., 0., 0., 0., 0., 0., 0., 0., 0., 0., 0., 0., 0.,
       0., 0., 0., 0., 0., 0., 0., 0., 0., 0., 0., 0., 0.]), np.int64(91096): array([-2.33906314e-01, -2.84362316e-01,  1.65769130e-01,  1.66921556e-01,
        3.53010446e-02,  2.99516439e-01,  8.18125427e-01,  1.73311643e-02,
        7.95271695e-02,  2.97071356e-02, -5.72345667e-02,  6.05718009e-02,
        5.99450711e-03,  6.22409023e-02,  1.24298401e-01,  8.11422616e-02,
       -4.85622995e-02,  2.67575756e-02,  9.77449585e-03, -7.20629795e-03,
       -1.79403406e-02,  1.04001975e-02,  1.39180385e-02, -3.24068889e-02,
       -1.44091425e-02, -2.56900187e-03,  2.12160368e-02, -1.69597324e-02,
        2.13878565e-02,  3.52022995e-04,  5.73029276e-04, -1.97761375e-02,
       -7.36766821e-03, -1.22746546e-03, -7.25998450e-03,  4.49896092e-03,
       -3.40221333e-03,  1.19144050e-03, -6.40668906e-03,  7.61768036e-03,
       -1.89355612e-02, -9.86494124e-03, -5.66674105e-04, -1.01396805e-02,
       -1.53259039e-02,  1.77839026e-02, -6.70125335e-03,  4.22943756e-03,
       -3.69586982e-03,  4.51267464e-03, -5.31152938e-04, -1.06661934e-02,
        3.60477803e-04,  4.61171789e-04,  3.50868632e-03,  1.23923819e-03,
        6.31322199e-03,  3.03629250e-03,  4.95871250e-03,  3.96449352e-03,
        1.17255561e-03, -5.66798728e-03,  1.61345105e-03,  1.93959498e-03],
      dtype=float32), np.int64(96864): array([-2.24606141e-01, -1.89309493e-01,  1.02961361e-01,  3.48216258e-02,
        1.24616228e-01,  5.17742448e-02, -3.86980772e-01, -2.61035591e-01,
        1.69635013e-01, -5.52002080e-02, -7.47396797e-02,  2.07277194e-01,
        1.17006898e-02, -2.51455396e-01, -1.87416241e-01,  5.17702401e-02,
        1.12232808e-02, -1.57148484e-02, -3.60717438e-02, -3.16939950e-02,
        2.64250841e-02,  3.59739810e-02, -5.00645190e-02, -4.30234671e-02,
       -2.73316307e-03,  4.65707965e-02, -4.63083312e-02, -8.49880725e-02,
       -1.53285399e-01, -9.33567248e-03,  2.06220020e-02,  5.04083978e-03,
        2.28021108e-02,  3.00064478e-02, -1.96295208e-04,  1.64487194e-02,
       -3.64688113e-02, -3.39593254e-02,  3.34582701e-02,  1.37485145e-02,
       -2.71012098e-01, -2.64327794e-01, -1.03348121e-01,  3.83696884e-01,
       -2.25217789e-01,  2.31435016e-01, -1.01864360e-01, -3.98061499e-02,
       -3.49947577e-03,  1.57303158e-02,  1.39712747e-02, -1.05746202e-02,
       -3.20346802e-02, -4.89010960e-02, -9.50541440e-03, -1.54981297e-02,
        9.23225731e-02, -2.07439829e-02, -3.89250889e-02,  2.95039341e-02,
       -1.82134286e-02,  5.31236455e-03,  4.17383341e-03,  2.57810019e-02],
      dtype=float32), np.int64(104671): array([-0.02824892,  0.06542318,  0.018545  ,  0.05414975,  0.02680229,
        0.01074573, -0.00155394, -0.04009704, -0.09314289,  0.11502487,
       -0.163865  , -0.05919165, -0.07692985, -0.09698159,  0.02189638,
       -0.07575433, -0.06284943, -0.00925181,  0.02884144,  0.00459253,
       -0.00786212,  0.02072483, -0.12857702,  0.05182599, -0.00865481,
       -0.03708498, -0.00618208, -0.025959  ,  0.28632036, -0.5040856 ,
       -0.05484176,  0.13583048,  0.05216588,  0.02525168, -0.12339599,
        0.07332917, -0.37994364, -0.18436432, -0.07793396,  0.0684597 ,
       -0.12535198, -0.06762929, -0.27923974, -0.03082611,  0.0330416 ,
        0.04948948,  0.16026197,  0.05440657, -0.01155526, -0.00202589,
        0.05587988, -0.03681194,  0.14737411, -0.16672999, -0.02102465,
       -0.1054592 ,  0.12734902,  0.001441  ,  0.16039056, -0.05224069,
       -0.07339516, -0.1435919 ,  0.03574805, -0.22130743], dtype=float32), np.int64(1998): array([-0.3567693 , -0.11173442,  0.17221971, -0.06108076, -0.1439035 ,
       -0.16584337, -0.11266246,  0.04990995,  0.11887392, -0.04917532,
       -0.11609957,  0.18605405,  0.04721466, -0.04660014,  0.3854078 ,
        0.10852107, -0.13741829,  0.12285794,  0.10381494, -0.07322671,
        0.00543233,  0.13437098, -0.01659928, -0.24939008,  0.20264065,
        0.01432004,  0.02432002,  0.02705392,  0.05937993,  0.07849565,
        0.14220391,  0.0343752 ,  0.05156592, -0.02428059,  0.09910935,
        0.29667127, -0.08339483,  0.03550815,  0.108219  , -0.09040508,
        0.08476134,  0.25446564, -0.01100551,  0.04952626, -0.0190213 ,
        0.13255873,  0.21078402, -0.09481526,  0.02047427,  0.09186638,
       -0.0234986 ,  0.00112548, -0.00880345,  0.0162928 , -0.05328842,
        0.03830358,  0.03886626,  0.06911245, -0.0815985 , -0.09585035,
       -0.06832404, -0.05239012,  0.01453133,  0.10420386], dtype=float32), np.int64(98765): array([-0.21851502, -0.0636118 ,  0.09258561,  0.01519759, -0.28669935,
        0.01171016, -0.2510302 , -0.34694365,  0.17133988,  0.0284359 ,
       -0.10980584,  0.33485043,  0.01567685, -0.18669114, -0.296918  ,
        0.14502835,  0.17227718, -0.09749358, -0.07340389, -0.03855245,
       -0.0041432 , -0.02515991, -0.00094676, -0.12038372, -0.18054323,
       -0.10518187,  0.0665025 , -0.07300866,  0.11107887,  0.03041189,
        0.05386404, -0.14646544, -0.03420822,  0.0226504 ,  0.09074073,
       -0.06035916, -0.06168718, -0.02329016, -0.00624211, -0.0158149 ,
       -0.00594165,  0.03624448,  0.0349752 , -0.07356995,  0.0693932 ,
        0.11217951,  0.0126488 , -0.0887678 ,  0.03129768, -0.11751964,
       -0.03822996,  0.04590524, -0.09221867, -0.00534406, -0.10890475,
       -0.05576347,  0.21635312, -0.1061892 ,  0.04134851,  0.06923506,
        0.08825237, -0.06711395, -0.22544816, -0.04024036], dtype=float32), np.int64(16676): array([-0.3362112 ,  0.23478547,  0.05312162, -0.53516483, -0.04115333,
        0.27676114,  0.00716286,  0.03118388, -0.03996898, -0.00389581,
        0.00686327, -0.04735525, -0.00283704,  0.00837792,  0.06719758,
        0.02518911, -0.04202952,  0.01896813, -0.11534711,  0.05487482,
        0.04124633,  0.02900229,  0.20367505,  0.0125744 ,  0.28498864,
        0.13641852, -0.21670721, -0.09036326,  0.12621337,  0.01503661,
        0.1567463 , -0.07125184, -0.03104627,  0.04287318,  0.03905032,
        0.12445897, -0.07517239,  0.19671999, -0.16263838, -0.01485371,
       -0.13691214,  0.01967244,  0.06474087,  0.01468195,  0.08864428,
       -0.02350366,  0.00069931, -0.10119698,  0.00637151, -0.02066713,
       -0.10444946,  0.07759178, -0.01295825,  0.02849167, -0.10817094,
       -0.04685172,  0.00106279,  0.03411967, -0.07418261, -0.01799232,
        0.08174184,  0.0404385 , -0.09683982,  0.02820658], dtype=float32), np.int64(31841): array([-0.11050199,  0.22810093, -0.04105814,  0.35273635,  0.06214109,
        0.13723841, -0.06554955,  0.12069689,  0.07472409, -0.1097652 ,
        0.13079886, -0.0364806 ,  0.10276417,  0.00562716,  0.00564711,
       -0.05871366, -0.07342245,  0.03896098, -0.02074778,  0.03599811,
       -0.06793904, -0.16597387, -0.1654979 ,  0.03276562, -0.00564391,
       -0.10618243,  0.11868048,  0.13559517, -0.00827544,  0.25514984,
        0.10544691, -0.1536984 ,  0.10168158, -0.09103367, -0.10437773,
       -0.12782998, -0.09355678,  0.1297046 , -0.0955777 , -0.47741693,
        0.04368678, -0.10294066,  0.1590924 , -0.04160119,  0.03221055,
        0.04835827, -0.07696348,  0.24581772,  0.11400658, -0.01525561,
        0.00748167,  0.12974206, -0.08953989, -0.06144474,  0.12370738,
       -0.05205216,  0.0551493 ,  0.07035371, -0.05388223, -0.06226166,
        0.0528434 ,  0.09654359,  0.00690563, -0.0191802 ], dtype=float32), np.int64(68152): array([-2.7069008e-01,  1.1535460e-01,  1.5984423e-01, -5.7133681e-01,
        1.0920088e-01,  5.9415394e-01, -9.1288887e-02,  2.5726877e-02,
        7.4182741e-02, -9.6403547e-02, -7.2390102e-02, -9.9190749e-02,
       -5.1917117e-02,  1.2468940e-01, -1.2313184e-01,  6.6345990e-02,
        3.4126848e-02, -1.6851999e-02, -1.0075223e-02,  1.8084038e-02,
       -6.3039537e-04, -5.1343229e-02,  5.9687208e-02,  2.9716757e-04,
        1.1459320e-03, -3.1360116e-02,  3.7283131e-03,  3.8267110e-02,
        1.8572045e-02,  2.7662965e-02,  7.0285462e-02,  3.6262423e-02,
       -8.6670250e-02,  1.7817525e-02,  5.0874088e-02, -7.3661931e-02,
       -8.0703169e-02,  1.5110893e-02,  8.6004786e-02,  1.3464017e-02,
       -6.1631568e-02, -3.6336172e-02,  1.0257963e-02,  2.6941630e-03,
        4.7885753e-02, -1.8379575e-02, -4.2898666e-02,  2.8302651e-03,
        1.8830137e-02,  5.9938468e-02, -4.5695219e-02,  4.4542477e-02,
       -7.2305538e-02, -2.4061486e-02, -6.2904447e-02, -4.9016379e-02,
        3.9350849e-02, -4.1566461e-02, -3.9302237e-02, -6.2360685e-02,
       -4.7764041e-02, -1.1939364e-01,  4.9502313e-02, -1.1900782e-01],
      dtype=float32), np.int64(80279): array([-2.4339132e-01, -9.9406488e-02, -4.9114785e-01, -1.0182824e-01,
        3.4852445e-01, -1.4745742e-01, -2.5582893e-02, -1.6722731e-01,
       -1.3376035e-01, -1.1107828e-01, -5.1509961e-02, -1.6636223e-01,
        2.2150762e-01, -1.5723659e-01,  4.6820533e-02,  6.9857985e-02,
       -1.2473480e-01, -4.0774769e-01, -9.0160877e-02,  4.9714092e-02,
        2.3795931e-02,  6.6057004e-02,  1.2464823e-01,  3.3062596e-02,
        1.0694355e-01, -2.7106026e-01, -1.2828027e-01, -2.9216394e-02,
       -5.5048797e-02,  2.8160166e-02, -3.1501785e-02,  5.3160071e-02,
       -7.6457992e-02,  5.9241727e-02, -1.0162818e-01,  1.2652868e-02,
        4.1197680e-02, -4.1892086e-03,  4.3304611e-02,  2.4630588e-03,
       -2.2096075e-02,  4.8213650e-02,  4.2597316e-02, -6.7392061e-03,
        4.8877075e-02, -1.9383892e-02,  3.6910933e-02,  2.5088260e-02,
       -2.7183235e-02, -3.5142168e-02, -1.1277539e-02,  4.3012099e-03,
       -2.6207818e-02, -2.5932666e-02, -1.9911198e-02,  1.9932531e-02,
        3.9694039e-04,  2.5611218e-02, -1.7739408e-02, -1.0363203e-03,
       -1.4882205e-02, -4.8505599e-03, -5.2582353e-02, -3.2669485e-02],
      dtype=float32), np.int64(80566): array([-0.25755998,  0.24952303, -0.06336799,  0.4585847 ,  0.02194616,
        0.21936494, -0.06056539,  0.12405344,  0.11855331, -0.04214012,
        0.2111193 ,  0.0337242 ,  0.2923476 , -0.07741386, -0.08196623,
       -0.0187454 , -0.0564282 ,  0.02703604, -0.01612356,  0.06475144,
       -0.06147478, -0.13895825,  0.05416128,  0.06453142,  0.0167669 ,
       -0.12722366,  0.13017704,  0.11013608,  0.0878062 ,  0.18159588,
        0.03580168, -0.12589046, -0.03273439, -0.02543387, -0.01181933,
        0.10980461, -0.18084729,  0.11389761, -0.08559318, -0.18332677,
        0.10178249, -0.15032814, -0.06976153, -0.01069961,  0.0196868 ,
        0.0732312 , -0.1155502 ,  0.08164433, -0.08568731, -0.05228719,
        0.01711317,  0.13630185, -0.168652  , -0.05632117,  0.09846023,
       -0.0031616 ,  0.01477127, -0.01171328, -0.12229303, -0.06060714,
       -0.07909211, -0.10878754,  0.04451633,  0.11782525], dtype=float32), np.int64(96610): array([-0.23060405, -0.03601336,  0.14734398, -0.26692244, -0.0659207 ,
        0.3983256 ,  0.11104137,  0.19701411,  0.04772997, -0.11739774,
       -0.16806185,  0.10643929,  0.05359108, -0.08647512,  0.00939795,
       -0.17341094,  0.23508117, -0.13542047, -0.11465979, -0.07189757,
        0.00761915,  0.00421914, -0.05400426, -0.07382581, -0.019718  ,
       -0.04092946,  0.09598129,  0.07365635, -0.05330098, -0.00262131,
       -0.11536327, -0.0041845 ,  0.10410105, -0.03128164, -0.02314833,
        0.16402192,  0.07172711,  0.06124606, -0.17538646,  0.04315022,
       -0.14317304,  0.00792271,  0.04798915, -0.09318447,  0.01150197,
       -0.09435879, -0.01009984, -0.02316853, -0.00203706,  0.10699119,
       -0.09746182, -0.09532628, -0.11689744,  0.03417076,  0.29816273,
        0.16399202, -0.05129736,  0.05235182,  0.23703368, -0.09486984,
       -0.03993851, -0.15082599, -0.1319    ,  0.11863916], dtype=float32), np.int64(100586): array([-1.9585469e-01, -1.5367575e-01,  1.4829241e-01,  4.8892763e-02,
        7.7613229e-01, -1.5120591e-01, -3.0370173e-01, -3.3271212e-02,
        8.6368389e-02, -1.8076104e-01,  2.5418125e-02, -5.2674633e-02,
       -1.0086158e-02, -1.7140026e-01,  7.6241538e-02,  6.4843036e-02,
        5.7429919e-05,  1.7856240e-02,  6.5158978e-02,  2.0022426e-02,
       -2.0467317e-02, -3.1179408e-02, -1.8071171e-02,  1.9128362e-02,
       -5.0486263e-02, -6.2064279e-02,  6.5570340e-02,  2.3103500e-02,
        1.0842035e-02,  7.4243926e-02,  4.2469803e-02, -2.5398303e-02,
        2.2096451e-02, -1.6672544e-02, -3.3168573e-02, -1.9855769e-02,
        3.4929216e-02,  6.7467421e-02,  3.3759076e-02, -5.0853629e-02,
        5.6840323e-02, -6.6335723e-02, -9.0345583e-04,  2.2503221e-04,
        6.7419507e-02, -7.4865825e-02, -3.9192919e-02, -4.4958867e-02,
        8.3858766e-02,  1.0969316e-02,  2.4367785e-02,  7.1974635e-02,
       -1.1631994e-01, -1.4576477e-02, -5.4094113e-02,  1.5460188e-02,
       -4.2008512e-02,  2.4931389e-03, -4.4115413e-02, -5.8310650e-02,
        7.0861436e-02,  8.9229360e-02,  5.0803415e-02,  5.4460154e-03],
      dtype=float32), np.int64(9743): array([-0.33415774,  0.28404003,  0.06607359,  0.5002797 ,  0.03767758,
        0.1423077 , -0.14606705,  0.17333353, -0.02749729, -0.03083104,
        0.02216503, -0.03452189,  0.05107166, -0.09151306,  0.05882312,
       -0.12957788, -0.12675078,  0.08698066,  0.20622952,  0.06076686,
       -0.00630701, -0.15218076,  0.02268248, -0.0484382 , -0.1427164 ,
       -0.18390714,  0.09085355,  0.02901828, -0.02982522,  0.01046854,
        0.00476101,  0.20623083, -0.17138122,  0.07829715,  0.16014302,
       -0.0181249 ,  0.1524868 ,  0.02425761,  0.01790287,  0.18244871,
        0.00883983, -0.08724703, -0.06112851,  0.04876823, -0.01287166,
       -0.1267944 , -0.02583648, -0.021254  ,  0.07425284,  0.18129767,
       -0.01992498, -0.05859706, -0.13851827, -0.02989626, -0.04608043,
       -0.00277406, -0.04436119,  0.06674501, -0.01561543,  0.11774708,
       -0.04687968,  0.01434428,  0.02783424,  0.06603094], dtype=float32), np.int64(16013): array([-0.38076922,  0.05906296,  0.1360987 , -0.25720945, -0.11453608,
       -0.1949407 , -0.00826959, -0.02529236, -0.07581321, -0.055626  ,
       -0.03598059,  0.14261587, -0.02910182,  0.18666701,  0.00211099,
        0.14565766,  0.13979048,  0.03485728,  0.02936822, -0.05471198,
       -0.02602434, -0.04586101,  0.19229856, -0.11924625, -0.24520338,
       -0.03643375,  0.07762435,  0.07594553,  0.20683463,  0.11427506,
       -0.05858075,  0.07144631, -0.08524605, -0.14062363,  0.17149335,
        0.08853037, -0.19150135,  0.08664299,  0.10172693, -0.15432413,
        0.06259935,  0.09886251,  0.10363393,  0.08781269,  0.06485277,
        0.11625003,  0.13879669, -0.1916479 ,  0.04187352, -0.07913851,
       -0.14049463,  0.02751368,  0.06119757, -0.09074119, -0.12684374,
       -0.00043289,  0.15846933,  0.04647127, -0.1044204 , -0.10782897,
        0.1406365 , -0.11183961, -0.00418369, -0.1556924 ], dtype=float32), np.int64(22015): array([-4.9388531e-01,  6.8745780e-01,  3.0399659e-01, -7.7296011e-02,
        5.7450987e-02, -1.8282222e-02,  9.5673732e-02, -1.1410182e-01,
       -4.1628413e-02,  3.2389522e-02,  4.1064098e-02, -6.0456105e-02,
       -3.5774227e-02, -1.8450966e-01,  7.8589888e-03, -8.8284060e-02,
       -8.5087672e-02,  9.0261949e-03,  9.3287993e-03, -5.0261719e-03,
        3.8551684e-02,  7.0148893e-02, -1.5817596e-01,  4.4186722e-02,
       -2.0712897e-02,  6.3037030e-02, -4.0413644e-02, -4.4729177e-02,
        8.6696194e-03,  4.5728419e-02,  5.5329669e-02, -2.8162537e-02,
        1.6349826e-02, -1.0049563e-01, -1.5520261e-02, -2.2630962e-02,
        8.0377154e-02, -6.1398689e-03, -3.0804740e-03,  1.2463222e-02,
        2.4582794e-02,  5.5602111e-02, -1.9807827e-02,  6.2993146e-04,
       -2.2197185e-02, -6.5089511e-03, -1.5543863e-02,  1.9257250e-03,
        6.3977271e-02, -3.9670087e-02,  2.1289414e-02,  3.3126604e-02,
        6.2850766e-02, -8.2784817e-03, -1.7082950e-02, -6.4322092e-02,
        3.3938428e-03,  3.7457604e-02, -2.3372889e-02,  3.5994932e-02,
        4.7829770e-02, -3.5759453e-03, -2.1167817e-02,  9.3743466e-02],
      dtype=float32), np.int64(30534): array([-0.32895818, -0.17645323,  0.1908783 , -0.01096788, -0.14765874,
       -0.16565512, -0.11323559,  0.08559709,  0.04989471, -0.10228146,
       -0.07119218, -0.01847871, -0.04872043,  0.00391396,  0.11854789,
        0.03153834, -0.11452903,  0.06098447, -0.08957103, -0.17067942,
       -0.11306798, -0.0154438 ,  0.12043803,  0.08507241,  0.07070481,
        0.03809343, -0.05332727,  0.25932246,  0.0518811 , -0.07864192,
       -0.03707822, -0.10321803, -0.10075501, -0.1356959 ,  0.00187562,
       -0.04474133,  0.05660327, -0.17507057, -0.03637765, -0.06102587,
       -0.04996393, -0.10832036,  0.00405549, -0.0297054 , -0.22006926,
       -0.03122492, -0.06607572, -0.02646893,  0.01403775, -0.11358859,
        0.28123754, -0.05307323,  0.05470883, -0.11267507,  0.02705904,
        0.22341679, -0.09037057,  0.23595257, -0.13069344,  0.29176873,
       -0.14447515,  0.08986815,  0.14397743, -0.12865886], dtype=float32), np.int64(32622): array([-0.34548745,  0.2329878 ,  0.20910843, -0.13307802, -0.10749539,
       -0.5125624 ,  0.15778443, -0.17548901,  0.00810103,  0.12237311,
        0.00567791,  0.09299521,  0.00306647,  0.01293721, -0.05812093,
        0.17029022,  0.18164045, -0.01187611,  0.03809922, -0.09860481,
        0.05357379,  0.06430384, -0.02988145, -0.15122586,  0.00914919,
        0.05746512, -0.08663739, -0.03359862, -0.03078563, -0.02894678,
       -0.11706335, -0.12180579,  0.04924205,  0.02962109,  0.09074389,
        0.26349723, -0.01347966,  0.06094324,  0.20182337, -0.05367183,
        0.00914237,  0.13717559,  0.0309271 , -0.01135696,  0.02175351,
       -0.03581308,  0.08287889,  0.14189747, -0.13886046, -0.16254903,
       -0.02527437,  0.00716215, -0.01949684,  0.02692634, -0.04171198,
       -0.07527036, -0.05175957, -0.00326145, -0.03399412,  0.05187607,
       -0.06930402, -0.09008163, -0.07371486, -0.06509923], dtype=float32), np.int64(41889): array([-0.23254317,  0.27450427, -0.20837106,  0.32575306,  0.03884735,
        0.10177294, -0.06196782,  0.10524943,  0.01493401, -0.08107208,
       -0.06309526,  0.02479171,  0.10870365, -0.14545968, -0.06961824,
       -0.0817311 , -0.05558019,  0.04478208,  0.1666154 ,  0.01249672,
       -0.04778187, -0.11802465,  0.22433028,  0.01923363,  0.05495621,
       -0.24946587,  0.11088741,  0.11783638,  0.04195961,  0.16027957,
        0.01597555, -0.02664131, -0.22565316,  0.12070175,  0.0647606 ,
        0.29113603, -0.25292903,  0.05444986,  0.00973648,  0.17257243,
       -0.09254182, -0.12905152,  0.12306376,  0.07382821,  0.15790763,
       -0.06780127, -0.04461683,  0.115889  , -0.13846025, -0.07463545,
        0.00838698,  0.06462804, -0.0543812 , -0.08109666, -0.1177983 ,
        0.00830112, -0.03804688,  0.06895255, -0.07363987, -0.03899314,
       -0.07818581,  0.01177352,  0.03964418,  0.05596855], dtype=float32), np.int64(78535): array([-0.2967206 ,  0.17689441,  0.09589582,  0.3889896 , -0.0034055 ,
        0.10165843, -0.13608176,  0.17211075, -0.03803274, -0.06448878,
        0.09487344, -0.03857112,  0.06604887, -0.20431572,  0.14359066,
       -0.05528744, -0.20542827,  0.07386197,  0.09073875,  0.06269555,
       -0.06320164, -0.2122335 , -0.10358317,  0.04797127, -0.1362866 ,
       -0.20552354,  0.2387225 ,  0.07439761,  0.01802477, -0.04544495,
        0.05154062,  0.06624821, -0.05279084, -0.03107611,  0.02499589,
       -0.0510982 ,  0.10258095,  0.1095943 ,  0.08986531,  0.00143769,
        0.04251415, -0.03484081, -0.13212773, -0.0153096 ,  0.02342915,
       -0.22748402, -0.11378139, -0.24511659,  0.0632512 ,  0.14971973,
       -0.11297219, -0.0514842 , -0.04698468,  0.02224711, -0.14449508,
       -0.00257544, -0.15248662, -0.03260005, -0.02399784,  0.03064745,
        0.13465734, -0.00254116, -0.16696689,  0.01506764], dtype=float32), np.int64(99541): array([-0.314729  ,  0.13828489, -0.03972174,  0.37403455,  0.03105813,
        0.13473648, -0.11498863,  0.10645459, -0.13274501, -0.08608983,
        0.02440881,  0.00066868, -0.06715459, -0.14985816,  0.05104678,
       -0.0826567 , -0.07824843, -0.01270589,  0.06515104,  0.06537523,
       -0.0466889 , -0.18263279,  0.07042747,  0.04143924,  0.00314079,
       -0.22359337,  0.06002118,  0.10490748,  0.18466167, -0.03362515,
       -0.06335115,  0.16144249, -0.06769621, -0.05543984, -0.12480382,
        0.00487471, -0.0261901 , -0.1280919 ,  0.04993917,  0.26846153,
       -0.2129448 , -0.00624082, -0.162483  , -0.0376953 ,  0.07396845,
       -0.16551167,  0.15102758, -0.10112988,  0.21185835,  0.03345187,
        0.06097076,  0.00329736, -0.16825433, -0.17979151, -0.08751736,
       -0.05967797,  0.12185715,  0.11086556,  0.14734295,  0.08501066,
       -0.00466591,  0.04291716, -0.07328404, -0.09370311], dtype=float32), np.int64(99558): array([-0.12712193,  0.06790335,  0.07058336, -0.3314398 , -0.03316319,
        0.33726805, -0.13248976,  0.12516442,  0.05552052, -0.09776013,
       -0.20333445,  0.1957028 ,  0.07594398, -0.05101793, -0.23703006,
        0.03091886,  0.02977409, -0.09094453, -0.10889037, -0.04106081,
       -0.00815161, -0.01340806, -0.04333417, -0.07839908, -0.07273103,
       -0.09621265,  0.12201042,  0.12552004, -0.11214979, -0.01626784,
       -0.14930844,  0.03301769,  0.07711805, -0.01475322, -0.05152103,
        0.10674453,  0.11976411,  0.01907323, -0.06449356,  0.04606261,
       -0.1398657 , -0.03116299, -0.0341317 , -0.09893333, -0.02159235,
       -0.07176333, -0.08156583, -0.04847324,  0.07884754,  0.11401352,
       -0.15821677, -0.03088448, -0.16802105, -0.09135973,  0.24233906,
        0.02945113,  0.04836544, -0.04483696,  0.22620505, -0.150179  ,
       -0.16539235, -0.28474292, -0.06050949, -0.16521978], dtype=float32), np.int64(14325): array([-0.23781796, -0.08542075, -0.06510137,  0.13260676, -0.1374165 ,
        0.14731827,  0.03538894, -0.1738409 , -0.09634324, -0.13458818,
       -0.14389014,  0.20895532, -0.01851037, -0.09824321, -0.00550428,
        0.02611934, -0.12436643, -0.02629027, -0.00094253,  0.01400848,
        0.00452518, -0.0387449 ,  0.10663711,  0.00370976, -0.03948018,
       -0.15053132,  0.10932481, -0.00252426,  0.00732662, -0.12300295,
        0.09154484, -0.08248927, -0.24787155,  0.20413549, -0.21477321,
        0.12394714, -0.15856957,  0.12775584,  0.02539835, -0.0822046 ,
       -0.04595632,  0.14323834,  0.05426927,  0.17668618,  0.02404157,
       -0.38799223, -0.15019499, -0.17301969, -0.02153505, -0.11168615,
       -0.02539716, -0.20104206, -0.05847849, -0.09468538, -0.10370306,
       -0.05067187, -0.15153722, -0.06058023, -0.19314913, -0.02149692,
       -0.04385742,  0.11781621,  0.02160172,  0.09865985], dtype=float32), np.int64(14432): array([-3.70492756e-01, -1.77797318e-01,  2.24282056e-01, -3.70486379e-02,
       -1.84183925e-01, -2.42513493e-01, -1.12279139e-01,  8.86661708e-02,
        6.66706935e-02, -1.05722606e-01, -1.22441880e-01,  1.78280864e-02,
       -1.83783565e-02,  1.14302523e-01,  1.46459177e-01, -1.63735895e-04,
       -1.34657636e-01,  2.82684974e-02, -6.28518835e-02,  2.04349458e-01,
        5.45800701e-02, -7.57628903e-02,  4.60981503e-02,  3.22839767e-02,
        1.86601039e-02, -2.57711038e-02, -2.03596409e-02,  2.21452698e-01,
        5.55649474e-02, -8.90377387e-02,  2.94540942e-01, -1.63599923e-01,
        1.71300009e-01, -8.64423662e-02, -6.13192730e-02, -9.69284738e-04,
        1.99396059e-01, -1.61708951e-01,  7.33502284e-02,  3.07503622e-02,
       -5.60895130e-02,  8.06186348e-02, -9.75324889e-04,  1.23417705e-01,
        1.01491407e-01,  2.24711224e-02,  4.41809148e-02,  3.41081247e-02,
        3.52298841e-03,  1.59680825e-02,  2.23020203e-02,  3.42977583e-01,
       -1.50960321e-02,  6.21424280e-02,  8.09292421e-02, -1.56693637e-01,
       -6.42937124e-02, -5.94016761e-02,  3.19744647e-02,  8.43405426e-02,
        4.28667478e-02,  6.97542652e-02, -3.23035792e-02,  1.42066255e-01],
      dtype=float32), np.int64(19703): array([-0.45905373, -0.17773487,  0.05417765, -0.02972527, -0.143395  ,
       -0.12983218,  0.19897884,  0.05461974,  0.17741068,  0.01061746,
       -0.15990399,  0.07265597,  0.10043436, -0.04300789,  0.00618357,
        0.1960755 ,  0.05479359, -0.10081747,  0.11542679, -0.01412201,
        0.01885627,  0.11794937,  0.05662734, -0.07500407,  0.089662  ,
        0.01998729,  0.18457559, -0.24632618, -0.0316726 ,  0.06116541,
        0.07756321,  0.05969743,  0.02433491,  0.26871422, -0.12014705,
       -0.100889  , -0.0513958 , -0.08360281, -0.04414128, -0.14526112,
       -0.03579502, -0.14339231,  0.08952636,  0.03153395, -0.07893709,
       -0.14427394,  0.02297801,  0.02738911,  0.24394803,  0.07454819,
        0.05572158, -0.03006094, -0.01728759,  0.08096291,  0.08583497,
        0.17130151,  0.12538132,  0.05870448,  0.06703075,  0.06589128,
       -0.16412725,  0.06175422,  0.16500491,  0.07630365], dtype=float32), np.int64(22607): array([-0.12690398,  0.14921279,  0.08463755, -0.42473394,  0.02954323,
        0.4175362 , -0.08917126,  0.08883652,  0.04064752, -0.0848511 ,
       -0.13048272,  0.07152592,  0.02209195, -0.00269166, -0.1419149 ,
       -0.01622426,  0.02479585, -0.03641946, -0.15196954,  0.01631028,
        0.00911512, -0.05953397,  0.05421072,  0.02091381,  0.01497464,
       -0.00859475,  0.02178066,  0.03501336,  0.01067883,  0.03451859,
        0.1362414 , -0.0397958 , -0.09041718,  0.01775311,  0.13977286,
       -0.21174908, -0.13131756, -0.00452137,  0.27224526,  0.0109337 ,
        0.05394128, -0.01248271, -0.03029867,  0.02262667,  0.09365307,
       -0.07843798,  0.01985663,  0.06428643,  0.03294288,  0.0241122 ,
        0.06552515,  0.00055408, -0.01462497,  0.01323092,  0.22250651,
        0.25442174, -0.21974123,  0.02552591,  0.05696025, -0.0288806 ,
        0.23558353, -0.1760168 ,  0.13401553, -0.09491844], dtype=float32), np.int64(44962): array([-0.43693456,  0.37415963,  0.13754323,  0.10140361, -0.06966113,
       -0.344066  ,  0.06219249, -0.03094772,  0.06707215,  0.01781324,
        0.06698214,  0.10280894,  0.02431403,  0.10933793, -0.06174517,
        0.13718371,  0.19708991, -0.01317296,  0.05158915,  0.0167858 ,
       -0.1343371 , -0.0531177 ,  0.04970303, -0.05994992, -0.10871953,
       -0.24457307,  0.16735855, -0.05504363,  0.07221148,  0.0452264 ,
        0.02302382, -0.06843703, -0.04611008, -0.05660707,  0.1262039 ,
       -0.13285464,  0.09146646,  0.02441472, -0.01844953,  0.20257121,
        0.04926673,  0.05446872,  0.12101122, -0.02443712, -0.09990181,
       -0.0016986 , -0.00049201,  0.08336521,  0.14706136, -0.02152633,
        0.07245774,  0.02087949, -0.17573299,  0.05237112,  0.05177245,
        0.18714345, -0.04908985, -0.08473199,  0.15260586, -0.06963506,
       -0.0642434 ,  0.03003845, -0.01274717,  0.06247262], dtype=float32), np.int64(62428): array([-1.12052828e-01,  1.04775742e-01, -6.19067959e-02,  2.26085469e-01,
       -7.83637352e-03,  1.17713176e-01, -1.09747812e-01,  1.36638805e-01,
        1.09639049e-01, -9.00959298e-02, -1.38516875e-03,  4.34445143e-02,
        3.04370910e-01,  1.23876510e-02, -1.30219892e-01,  8.29992220e-02,
       -2.76599657e-02, -1.55745462e-01, -1.37672827e-01, -9.51115638e-02,
        2.12643489e-01,  4.38719617e-05, -1.24054134e-01,  4.09705527e-02,
        5.03777824e-02,  5.24484999e-02, -5.04815914e-02,  6.75186664e-02,
        9.33616459e-02,  1.33488238e-01,  5.25262905e-03, -2.21866593e-01,
        1.77083582e-01, -5.70645742e-02, -1.06838107e-01,  3.06541100e-02,
       -2.24778429e-01, -5.41419312e-02, -5.04637361e-02, -2.90297836e-01,
        1.02580547e-01, -7.25717023e-02,  1.34601906e-01, -5.24714440e-02,
        8.56153071e-02,  1.23836756e-01, -3.03780288e-01,  2.93314874e-01,
        1.05501898e-01, -3.93369934e-03,  8.54265317e-02,  9.38150287e-02,
       -1.61716435e-02,  1.70538202e-02,  1.06483653e-01,  6.00218512e-02,
        1.05911203e-01,  1.03522837e-02, -1.53626665e-01, -6.29899055e-02,
       -1.22485250e-01, -1.13275379e-01, -1.31236380e-02,  1.42052742e-02],
      dtype=float32), np.int64(65236): array([-2.8373349e-01,  1.7676957e-01,  1.4161979e-01, -5.0942141e-01,
        4.2737499e-02,  4.3738884e-01, -9.4886050e-02,  1.2403779e-01,
        2.2275082e-04, -3.4281921e-02,  1.3301585e-02, -6.4452082e-02,
       -6.4908475e-02,  4.9743960e-03,  1.0076526e-01, -2.7240243e-02,
       -5.0761394e-02,  1.4737701e-01, -1.4616393e-01,  7.9247378e-02,
        1.5409809e-02, -9.5187150e-02,  9.9766053e-02,  9.4263747e-02,
        1.5280513e-01,  1.1621723e-01, -2.2171369e-01, -1.6826613e-01,
        2.1139032e-01,  7.5388603e-02,  1.8175057e-01, -7.6624244e-02,
       -1.3732818e-01, -3.3805009e-02,  5.9068523e-02,  5.7714149e-02,
       -2.9401733e-02,  3.4784783e-02, -1.1278456e-01,  6.0823772e-02,
       -6.8111070e-02,  4.0694166e-02, -3.5989061e-03, -2.1161048e-02,
        6.6243969e-02, -6.0224269e-02, -1.0330417e-02,  2.1573564e-02,
        9.3191233e-04, -5.5923376e-02,  6.0966562e-02, -1.4724134e-02,
        1.3146946e-02, -3.4794021e-02, -5.1457915e-02,  5.0591860e-02,
        1.8677615e-02,  6.4647056e-02,  6.0778558e-02,  4.1749366e-02,
        1.9194836e-02,  3.2213308e-02, -2.2420598e-02,  2.5559738e-02],
      dtype=float32), np.int64(87566): array([-0.38145977, -0.20319957,  0.05092224, -0.02485147, -0.10259413,
       -0.1652704 , -0.12020433,  0.1660536 , -0.06497438,  0.03497079,
        0.08722116,  0.05306485, -0.1748506 ,  0.09484428,  0.03519117,
       -0.15432455, -0.26414376, -0.0160121 , -0.22420646, -0.137453  ,
       -0.09594506, -0.08582141, -0.11662997, -0.16916147,  0.06253752,
        0.07385618,  0.00551025,  0.17050514, -0.02172166,  0.01800539,
        0.15358242,  0.08130243,  0.09548046, -0.10828376,  0.13642135,
       -0.02104777, -0.03194741,  0.00357568,  0.02005114,  0.06225113,
       -0.01165367, -0.18747938, -0.07135317, -0.2706708 , -0.12114949,
        0.08933099,  0.03122524,  0.03681883, -0.00756042, -0.13895722,
        0.11771718, -0.22398782, -0.03339091,  0.02513511, -0.00995323,
        0.27212366,  0.10665997, -0.0924755 ,  0.0815621 , -0.08472347,
        0.02963325, -0.04345069,  0.01510928,  0.04813344], dtype=float32), np.int64(13743): array([-0.3656711 , -0.07225493,  0.14792758, -0.07253896, -0.1450445 ,
       -0.35469875, -0.01584643, -0.01200811,  0.07204133, -0.01547112,
       -0.10387373,  0.01997365,  0.02507911,  0.12523492,  0.04445592,
        0.01303529, -0.09237829, -0.16103357, -0.06948332,  0.22217646,
       -0.08219904,  0.06435613, -0.09759475, -0.0347675 ,  0.3235221 ,
        0.02741273, -0.02026704,  0.27735463, -0.16031963, -0.02015873,
        0.01229704, -0.06178358, -0.01525373, -0.02636203,  0.17532563,
        0.04157556, -0.10975461, -0.15821232, -0.01597209, -0.09506913,
       -0.02180173,  0.03364198,  0.08370412, -0.00483295, -0.05576685,
       -0.15640408, -0.03303308, -0.1515265 , -0.00586326,  0.01318912,
        0.05243196, -0.01563136, -0.09525581, -0.18924184,  0.16384196,
       -0.21427631, -0.21864873,  0.07623902, -0.06360357, -0.06006787,
       -0.06598449, -0.00541954,  0.03745827, -0.02337492], dtype=float32), np.int64(61441): array([-0.27452046,  0.26072603, -0.1366371 ,  0.39160326, -0.03835849,
        0.16639213, -0.15083084,  0.05104047, -0.0020401 , -0.16800869,
        0.00890306,  0.07476944, -0.03760205, -0.17790714,  0.02174482,
       -0.23973486,  0.04595418,  0.13725083,  0.07680195,  0.03659875,
       -0.05209104, -0.17191909,  0.30861115,  0.04849582,  0.09773976,
       -0.13972504,  0.05079422,  0.08547182, -0.01232313,  0.02730102,
       -0.05477221, -0.03865417, -0.00941036,  0.0117563 ,  0.10002851,
        0.01578234, -0.06032131, -0.01080722, -0.0687032 ,  0.3489812 ,
        0.06576009,  0.04804786,  0.20189421, -0.02767324, -0.11351321,
        0.07390668,  0.09355327, -0.06706928,  0.0958652 ,  0.1306269 ,
       -0.00688235,  0.02166027, -0.06939518, -0.07956257, -0.02114272,
        0.0402182 , -0.05469756, -0.0875122 ,  0.02067754, -0.01444859,
       -0.12211702, -0.0531884 , -0.08879109, -0.07358826], dtype=float32), np.int64(63762): array([-0.2672173 ,  0.14406635,  0.05345787,  0.35152853,  0.04763737,
        0.13569567, -0.08402181,  0.12200709,  0.01044649, -0.07136516,
        0.16142192, -0.0168758 ,  0.02103106, -0.21414603, -0.05665825,
       -0.12799658,  0.02145527,  0.10134642,  0.09576963,  0.05419638,
       -0.04882833, -0.18132168,  0.08456963,  0.0192418 , -0.02932235,
       -0.155863  ,  0.16241139,  0.12033656,  0.030339  ,  0.0592771 ,
        0.03819595,  0.07758195, -0.15582967, -0.0856804 ,  0.04921304,
       -0.0330872 ,  0.3345058 ,  0.16964763,  0.12467661,  0.13306414,
       -0.17417105, -0.07716654,  0.00933885, -0.02884969, -0.09502302,
       -0.25266555, -0.08780643, -0.01432613,  0.1518927 ,  0.07541557,
        0.12425172,  0.13763651, -0.12855731, -0.00503266, -0.06674775,
       -0.03153391, -0.00252077,  0.12113208,  0.19603258,  0.05506219,
        0.11487082,  0.07162376, -0.10505956, -0.00948741], dtype=float32), np.int64(66300): array([-0.08980417,  0.06504229, -0.03823407,  0.14287229,  0.010122  ,
        0.07620745, -0.09027338,  0.01246345, -0.14786564,  0.25081897,
       -0.47751218, -0.03445659, -0.03863244, -0.15888697, -0.07161329,
       -0.10693365, -0.0584846 , -0.00582757,  0.01538353,  0.0910533 ,
       -0.14707498,  0.11795989, -0.04161477,  0.05512343, -0.02787631,
       -0.05046773,  0.06782711,  0.04403871,  0.16424592, -0.3199901 ,
       -0.03724042,  0.05935588,  0.00642043,  0.04822833, -0.11689258,
        0.07117154, -0.46437034, -0.20979929, -0.04045591,  0.13343155,
       -0.11516463,  0.02089141,  0.01935762, -0.04702121,  0.05484813,
       -0.03423619,  0.09250969,  0.07001498,  0.0987605 , -0.01593619,
        0.09785061,  0.05037105,  0.03783287, -0.12760653, -0.03674764,
       -0.04064652,  0.09727737,  0.05584466, -0.01866321, -0.08593071,
       -0.00427755, -0.0017829 , -0.00285382,  0.02438666], dtype=float32), np.int64(70499): array([-0.33723632, -0.1593784 ,  0.04789662,  0.09825167,  0.04875377,
        0.0673477 , -0.07642671,  0.02460545,  0.03696113,  0.10271581,
        0.13641354,  0.22920102, -0.02105085, -0.17696251, -0.01691031,
       -0.11616532,  0.32309598,  0.17901139, -0.09664949, -0.01914374,
       -0.04702036, -0.13202521,  0.06920943, -0.08830412,  0.06256083,
        0.0501054 , -0.10150097, -0.03695826, -0.01115971, -0.02820564,
       -0.03703853,  0.03683681,  0.0291809 , -0.17920592, -0.10815073,
        0.10400599,  0.05157104, -0.1265022 ,  0.14813237,  0.06241683,
       -0.28599906, -0.24841881,  0.00136227,  0.32167804, -0.03601782,
        0.14101139, -0.16905901,  0.06911397,  0.10972632, -0.00186784,
        0.06425279, -0.00799257, -0.03383224,  0.05110549, -0.09306733,
        0.05388682,  0.07882474, -0.03925508,  0.02097176, -0.02091325,
       -0.14636639,  0.01084385,  0.17964785,  0.10649781], dtype=float32), np.int64(102838): array([-0.34590042, -0.05396939, -0.52202857, -0.08163004,  0.0854193 ,
       -0.04855048, -0.14216699, -0.09435145,  0.17874677, -0.04737855,
        0.01437275,  0.14636703, -0.13725147, -0.1591856 , -0.10766709,
       -0.00454099,  0.02854938,  0.22069602,  0.06657248, -0.03089616,
        0.09632491,  0.2480101 ,  0.16689713,  0.07168102,  0.03086476,
        0.04539873, -0.05502385,  0.00088889,  0.06051661, -0.02937655,
       -0.03524768, -0.0832852 ,  0.01550987,  0.04499857, -0.02137449,
        0.06661953,  0.00744244,  0.02397832,  0.06323545,  0.01512433,
       -0.04991153, -0.09046564, -0.18681452,  0.26263016, -0.24723132,
        0.2182177 , -0.00242571,  0.03446243, -0.01971031,  0.00198555,
       -0.01760771,  0.03059442, -0.11733587, -0.02320686, -0.04319112,
       -0.04667918, -0.00660012,  0.0502223 ,  0.03400687,  0.00270024,
        0.00563545, -0.07559487, -0.05646146, -0.03589715], dtype=float32), np.int64(9018): array([-0.22859778, -0.1360649 , -0.09392676,  0.05488077, -0.08771237,
        0.10166597,  0.1971108 , -0.28260675,  0.1814643 ,  0.16889901,
        0.06270465, -0.0619481 ,  0.03200921, -0.00261356,  0.05434332,
        0.05567012, -0.03974945, -0.09133134, -0.03722943, -0.10975346,
        0.3073411 , -0.09042358,  0.02832964,  0.12969233, -0.19292097,
        0.35479823,  0.17747681,  0.16827752,  0.00086622, -0.02731668,
        0.16084589, -0.01947589, -0.07197155, -0.11201312,  0.14601858,
        0.13456759,  0.03716896, -0.07365128, -0.04373615,  0.02099407,
       -0.02794819, -0.10677974, -0.04537973, -0.00984885,  0.03390467,
        0.10388833,  0.02177301,  0.01823086,  0.04994003, -0.06570911,
        0.17059506,  0.02459467,  0.08213741, -0.12642397, -0.01906266,
       -0.06291669, -0.3041133 ,  0.00806219, -0.07027619,  0.14378566,
       -0.10086265, -0.14803146,  0.05932713,  0.00828619], dtype=float32), np.int64(20222): array([-0.36297113, -0.2669468 ,  0.22708245,  0.01997481, -0.15295759,
       -0.06528873, -0.15193641,  0.08051104,  0.03960457, -0.13462925,
       -0.08662701, -0.04605286, -0.04733916, -0.10486661,  0.15728188,
        0.12269663, -0.05255955, -0.03058781, -0.07484471,  0.00656926,
       -0.00409251, -0.00818326, -0.03231652, -0.11251927,  0.04342517,
        0.00137723,  0.04269239,  0.15036844,  0.03539608,  0.03381531,
       -0.03737225, -0.1069548 , -0.11516178,  0.02771817,  0.069057  ,
       -0.12074133, -0.00848671, -0.06923529, -0.09606235, -0.10399677,
        0.03451705,  0.12918171,  0.01075269,  0.2600671 ,  0.01576011,
       -0.16896401,  0.02812743, -0.20954274, -0.0105772 ,  0.03296664,
       -0.0424718 ,  0.21336605,  0.32828134, -0.03012786, -0.21938555,
        0.2232792 ,  0.1376497 ,  0.04352432, -0.0218845 ,  0.0178997 ,
        0.09653468, -0.18379457, -0.05307224,  0.02467699], dtype=float32), np.int64(20359): array([-2.33906314e-01, -2.84362316e-01,  1.65769130e-01,  1.66921556e-01,
        3.53010446e-02,  2.99516439e-01,  8.18125427e-01,  1.73311643e-02,
        7.95271695e-02,  2.97071356e-02, -5.72345667e-02,  6.05718009e-02,
        5.99450711e-03,  6.22409023e-02,  1.24298401e-01,  8.11422616e-02,
       -4.85622995e-02,  2.67575756e-02,  9.77449585e-03, -7.20629795e-03,
       -1.79403406e-02,  1.04001975e-02,  1.39180385e-02, -3.24068889e-02,
       -1.44091425e-02, -2.56900187e-03,  2.12160368e-02, -1.69597324e-02,
        2.13878565e-02,  3.52022995e-04,  5.73029276e-04, -1.97761375e-02,
       -7.36766821e-03, -1.22746546e-03, -7.25998450e-03,  4.49896092e-03,
       -3.40221333e-03,  1.19144050e-03, -6.40668906e-03,  7.61768036e-03,
       -1.89355612e-02, -9.86494124e-03, -5.66674105e-04, -1.01396805e-02,
       -1.53259039e-02,  1.77839026e-02, -6.70125335e-03,  4.22943756e-03,
       -3.69586982e-03,  4.51267464e-03, -5.31152938e-04, -1.06661934e-02,
        3.60477803e-04,  4.61171789e-04,  3.50868632e-03,  1.23923819e-03,
        6.31322199e-03,  3.03629250e-03,  4.95871250e-03,  3.96449352e-03,
        1.17255561e-03, -5.66798728e-03,  1.61345105e-03,  1.93959498e-03],
      dtype=float32), np.int64(38972): array([-0.40885335,  0.11552693,  0.08276806, -0.08921956, -0.12347163,
       -0.4456122 ,  0.06007529, -0.03341052,  0.02957703,  0.13110043,
        0.02729477,  0.05731435,  0.00466323,  0.04399882,  0.0170065 ,
        0.11955892,  0.01294348, -0.04367673, -0.13211879, -0.09351612,
       -0.07339643, -0.01707122,  0.1122931 , -0.21864384,  0.08040542,
       -0.071517  , -0.12200493,  0.20435196, -0.17672803, -0.08506825,
        0.06721227,  0.09309367, -0.05100335,  0.00195955,  0.05326857,
        0.06783087,  0.00759026, -0.09523743, -0.01107345, -0.08553357,
       -0.14675671,  0.06335012,  0.10358033, -0.06323808,  0.01413143,
        0.13482851, -0.1222642 , -0.09317864,  0.08419578, -0.08818785,
       -0.24000815, -0.08949899, -0.07044347,  0.26431942, -0.08432211,
       -0.06408066,  0.03805038, -0.08520719,  0.05190359, -0.00233229,
        0.10769885,  0.01214655,  0.18388896,  0.02948944], dtype=float32), np.int64(57105): array([-4.9458247e-01,  5.9152651e-01,  1.5780598e-01, -3.1230425e-02,
        1.4388249e-02, -2.0356102e-01,  1.2979396e-01, -1.3256717e-01,
        3.1356290e-03,  1.5139524e-02,  8.1099935e-02,  3.0515207e-02,
        2.9596968e-03, -8.3651274e-02, -5.4149508e-02,  7.9887651e-02,
        4.8621133e-04,  2.0783832e-02,  3.5656150e-02, -3.0418133e-02,
       -8.8940579e-03,  3.8009655e-02, -1.2538091e-02, -7.5426392e-02,
       -7.4627772e-02, -7.2852232e-02,  6.2073193e-02,  3.5643168e-02,
       -1.1358745e-01,  4.2539191e-02, -1.1390678e-01,  2.3308951e-02,
       -2.3336176e-02, -3.7021078e-02,  3.7890255e-02,  7.3909067e-02,
        1.2892078e-01, -3.7478695e-03,  2.6598656e-01,  1.7515941e-01,
        1.1218663e-02, -1.9694643e-02, -1.1880346e-01,  4.7797628e-02,
       -1.7114649e-02, -1.3893571e-01, -1.5259207e-02, -4.9631495e-02,
       -3.2813884e-02,  6.6514634e-02,  3.2925062e-02, -1.0378022e-01,
       -6.3162394e-02,  7.5220041e-02, -6.4076617e-02,  1.7045254e-02,
       -9.9230066e-02, -5.3981207e-02,  8.0884866e-02, -4.3782044e-02,
        2.0013990e-02, -5.8674511e-02,  3.1216078e-02, -4.1541580e-02],
      dtype=float32), np.int64(64546): array([-2.10441068e-01, -1.49903044e-01, -1.84251126e-02,  1.04386201e-02,
        2.01048449e-01,  1.85358077e-02, -2.59170711e-01, -3.61505955e-01,
       -3.67760628e-01,  1.16641931e-02,  2.55929232e-01,  1.37814641e-01,
        9.29462090e-02, -3.25674452e-02,  1.96924899e-02,  2.52205189e-02,
        4.41521853e-02,  1.06416993e-01,  4.40415330e-02,  1.55885648e-02,
        1.54958386e-02, -3.17321308e-02,  6.19093562e-03, -1.74236033e-04,
       -6.63680956e-03,  1.55897150e-02, -4.43755202e-02, -4.15155441e-02,
       -1.30518362e-01,  2.64061932e-02, -2.28119292e-03,  6.02933019e-02,
        6.74894592e-03,  6.14164397e-02,  1.54611925e-02,  4.15663570e-02,
       -4.91861925e-02, -1.99767519e-02,  6.00283146e-02,  1.25727532e-02,
       -2.64415860e-01, -2.55793214e-01, -9.92317945e-02,  3.85919034e-01,
       -2.05315724e-01,  2.19220027e-01, -5.25348969e-02, -2.97184177e-02,
        2.17748489e-02,  6.50304044e-03,  6.31143618e-03, -2.29641888e-02,
       -5.65586239e-02, -1.44979358e-02, -6.34548888e-02,  8.90331634e-04,
        7.23315999e-02, -2.58851051e-02, -2.24477462e-02,  1.80468615e-02,
       -5.17496616e-02, -1.71897244e-02,  3.50821316e-02,  4.09766212e-02],
      dtype=float32), np.int64(66670): array([-0.29395893, -0.07326978,  0.0265808 ,  0.06108006, -0.20658109,
       -0.00566656,  0.11811502,  0.3126144 ,  0.0684007 , -0.13687555,
       -0.03673278, -0.03090736, -0.13398919, -0.25106686, -0.05723911,
       -0.04773209,  0.1914585 ,  0.28494242, -0.03788291,  0.01976209,
       -0.04045925, -0.14816459,  0.20762475, -0.10285673,  0.01910278,
       -0.0164161 , -0.03672666, -0.10791229, -0.17411001, -0.11246046,
       -0.00067803, -0.03249072, -0.0771409 , -0.18607143, -0.10223176,
        0.06099557,  0.0475071 , -0.09874284,  0.01032917, -0.09149519,
       -0.15250656, -0.08221137,  0.1381504 ,  0.30855736,  0.00224139,
       -0.1489947 ,  0.1296168 ,  0.13310057, -0.04448801,  0.06877942,
        0.06006643, -0.03542459,  0.02000183,  0.10026862, -0.05876553,
        0.04434911,  0.02114573,  0.11490826, -0.05302509, -0.0659894 ,
       -0.02910721, -0.06026946, -0.21249872,  0.09152673], dtype=float32), np.int64(66699): array([-0.26578933,  0.17703035, -0.02774257,  0.36566174,  0.0876649 ,
        0.17296368, -0.07115262,  0.05066492,  0.12286504, -0.28020734,
        0.15092562,  0.11555571,  0.1336806 ,  0.04390851, -0.09195636,
       -0.10188018, -0.03448059,  0.16052145,  0.01641596,  0.09597583,
       -0.01336902, -0.17748146,  0.25530338, -0.04134324, -0.02558921,
       -0.10713594,  0.05930618,  0.12925605, -0.02428021,  0.14917997,
        0.02623938, -0.02180227, -0.07667459, -0.03654366, -0.01352181,
        0.09675694, -0.08444268,  0.03133393, -0.00940496,  0.04643536,
       -0.20901708, -0.09824608,  0.16280237, -0.02923473,  0.12790067,
        0.02675712,  0.11735378,  0.17341442, -0.07547382, -0.11900635,
        0.12860318,  0.08734589, -0.07153966, -0.12072991, -0.11174019,
        0.03662042,  0.16048306,  0.12780017,  0.10366452,  0.00201206,
       -0.0039662 ,  0.21068592, -0.00642937, -0.12244797], dtype=float32), np.int64(53350): array([-0.14519139,  0.32802418, -0.00199789,  0.5175757 ,  0.07158111,
        0.20560618, -0.11719485,  0.16976342,  0.10133326, -0.22073328,
        0.22871639, -0.00990484,  0.22816047,  0.1440555 ,  0.01513122,
        0.0314243 , -0.08262895, -0.13120762,  0.02092291,  0.01097376,
       -0.01642584, -0.0492367 , -0.02403554,  0.01647122,  0.00220481,
        0.00188228,  0.05731133,  0.07161164, -0.09839375,  0.14242303,
        0.04931597, -0.06756932,  0.11332754, -0.086445  , -0.06767447,
       -0.08030607, -0.15897463, -0.03921955, -0.10230961, -0.24638672,
        0.05630156, -0.07556897,  0.08698404, -0.08543822, -0.00548726,
        0.04334197,  0.05475748, -0.04072651,  0.08790797, -0.0599428 ,
       -0.0708709 ,  0.02613706, -0.05983106, -0.07117009,  0.05639134,
       -0.04138786,  0.00430701, -0.04021801, -0.10003754, -0.17577282,
        0.02202583, -0.00123328,  0.03384354,  0.14193542], dtype=float32), np.int64(84112): array([-2.3988479e-01,  1.5947580e-01,  1.5725635e-01, -5.6546521e-01,
        1.4570644e-01,  5.6822634e-01, -6.8460159e-02,  3.5329934e-03,
        6.1810743e-03,  1.7559104e-02, -3.1991957e-03,  9.6733011e-03,
       -1.4278018e-04,  8.1425130e-02, -3.7142824e-02, -1.5839282e-02,
        5.0705331e-03, -8.6492226e-03, -9.3349077e-02,  2.3109159e-02,
        1.0178994e-02, -4.6150330e-02, -8.9907954e-03,  5.2187793e-02,
        9.6561387e-02,  8.4424265e-02, -1.4742994e-01, -1.2091281e-01,
        1.3078573e-01,  5.5546150e-02,  1.5481433e-01, -1.8958999e-02,
       -6.8767980e-02, -4.0944540e-03,  7.0661172e-02, -9.2158698e-02,
       -5.3683113e-02,  2.5023490e-03, -6.3994892e-02,  9.6898526e-03,
       -1.1249098e-01,  1.6973812e-02,  3.5398580e-02, -3.3471074e-02,
       -2.8452713e-03, -4.9252197e-02, -5.2971855e-02, -5.6544032e-02,
        5.0888460e-02,  5.4880932e-02, -5.5563420e-02,  5.4687788e-03,
       -1.3849503e-01,  1.5025714e-02, -4.9094666e-02, -4.7129650e-02,
       -1.2568379e-02, -1.5889678e-02, -5.0877981e-02,  2.5456510e-02,
        4.5500072e-03, -5.2172884e-02, -6.5386005e-02,  1.0404623e-01],
      dtype=float32), np.int64(17224): array([-2.85781682e-01, -3.51104476e-02,  2.06356168e-01, -5.78836054e-02,
       -1.44131377e-01, -3.31465036e-01, -2.46386835e-03, -4.87969778e-02,
        3.64278294e-02, -3.17914411e-02, -9.95347425e-02,  5.25541268e-02,
       -2.15720832e-02,  1.51800483e-01, -1.68595202e-02,  1.46580800e-01,
        1.23095691e-01, -8.79143551e-02, -1.27615258e-01, -5.12606986e-02,
       -5.65142483e-02, -8.44337940e-02,  4.25602235e-02, -1.63539261e-01,
       -1.54028639e-01, -1.83604807e-01,  1.80691078e-01,  4.98282351e-02,
        2.55121052e-01,  1.20704547e-01,  1.90735847e-01, -1.22983232e-01,
       -1.43917436e-02,  1.08706020e-01,  1.62566900e-01, -8.37506279e-02,
       -7.83220753e-02, -3.41367871e-02, -3.24255042e-02, -1.05390564e-01,
        2.75362264e-02,  7.86866397e-02,  7.31385052e-02,  8.87020156e-02,
        5.55147603e-02,  5.31593636e-02,  3.20134647e-02, -3.11119616e-01,
        1.89368173e-01, -4.19230945e-02, -3.32638659e-02,  1.95925876e-01,
        8.50360543e-02, -8.70178919e-03, -8.61570016e-02,  1.24011785e-01,
        6.71710670e-02, -4.66876775e-02, -5.40314727e-02,  2.02742964e-01,
        3.86742651e-02, -1.52581871e-01, -1.14704642e-04,  4.37163860e-02],
      dtype=float32), np.int64(30259): array([-0.21008867, -0.00804449, -0.44695842, -0.05365278, -0.04459228,
       -0.03162908,  0.00403493,  0.04120135, -0.02091161, -0.15873241,
       -0.0984235 ,  0.21286659, -0.05532733, -0.2187983 , -0.19858676,
       -0.06696287,  0.01393241,  0.0523461 , -0.13055155,  0.17525342,
       -0.2884486 , -0.03534256,  0.26326525, -0.03086574,  0.20250057,
       -0.22271469, -0.15124747, -0.00142942,  0.04842989, -0.00101461,
        0.01338629,  0.01576041, -0.09290907, -0.18014772, -0.22366063,
        0.11171967,  0.03753574, -0.02302383, -0.00177503, -0.03339228,
        0.11682171,  0.04438636, -0.05367448,  0.09210806, -0.10905045,
        0.14274961,  0.07949901,  0.0194544 , -0.02411345,  0.11404808,
        0.07561271, -0.05185144, -0.02457832,  0.0941648 ,  0.02941901,
       -0.0530019 ,  0.00759172,  0.05234461,  0.04297569, -0.03518148,
        0.03853798, -0.04127821, -0.17449072,  0.06353114], dtype=float32), np.int64(32222): array([-0.28951558,  0.16507864, -0.30951864,  0.31994468,  0.02070647,
        0.17714328,  0.08713761,  0.18213534,  0.08183534, -0.30821297,
        0.10904679,  0.25903505, -0.12653358,  0.01071559, -0.08736304,
       -0.01021878, -0.03001541,  0.0358098 , -0.05210885,  0.0325226 ,
       -0.02899651, -0.1215978 ,  0.31471446,  0.00848962,  0.0917867 ,
        0.08590697,  0.02108397,  0.0845094 ,  0.08697384,  0.02901602,
       -0.03081119, -0.11442383,  0.00551584,  0.06581243, -0.07325884,
        0.09019903, -0.03161616,  0.03898953, -0.04348271,  0.0351969 ,
       -0.04614983,  0.04955331,  0.11531609,  0.0393026 , -0.07377052,
        0.09140529,  0.2640967 ,  0.08284348, -0.02899174, -0.0749015 ,
        0.08287565,  0.09666824, -0.2364925 , -0.08565659, -0.05698693,
       -0.01568094, -0.00424968,  0.08228085,  0.07377519, -0.03811928,
        0.06100299, -0.01406079,  0.02524302,  0.07804792], dtype=float32), np.int64(50947): array([-3.05511415e-01, -1.95473488e-02,  1.86815664e-01, -4.21414115e-02,
       -8.90054479e-02, -3.64194244e-01, -1.63149983e-01,  2.02770770e-01,
        1.85627528e-02, -1.77389115e-01, -1.25473157e-01, -8.87407269e-03,
       -3.40217873e-02,  8.38024840e-02, -8.56954008e-02, -3.64055671e-02,
        5.75566478e-02, -3.26391496e-03, -6.76774979e-02, -5.85335679e-02,
       -3.20271514e-02, -9.33416933e-02,  1.92971289e-01,  3.64848487e-02,
       -2.97554702e-01, -6.52828366e-02, -6.75359592e-02, -1.06203951e-01,
        1.01884514e-01, -4.70133359e-03, -6.28444925e-02,  3.07860970e-02,
        5.25901094e-02, -1.83341250e-01, -3.91618423e-02, -1.41091883e-01,
       -1.50103373e-02,  3.39625068e-02,  6.54558688e-02,  1.66382492e-01,
       -1.90383643e-02,  8.89330655e-02,  1.07495323e-01,  2.35409379e-01,
        2.71263532e-02, -1.64681464e-01,  2.43681744e-02,  1.60889030e-01,
        1.20303556e-01, -1.68696791e-01,  8.77070334e-03, -7.12168813e-02,
        8.51302743e-02, -6.55246153e-02, -1.84788913e-01,  1.01813756e-01,
        3.52518782e-02, -2.22043902e-01, -1.14077643e-01,  1.26920655e-01,
        2.20693294e-02, -2.12656887e-04, -6.87210932e-02,  5.90923615e-02],
      dtype=float32), np.int64(69399): array([0., 0., 0., 0., 0., 0., 0., 0., 0., 0., 0., 0., 0., 0., 0., 0., 0.,
       0., 0., 0., 0., 0., 0., 0., 0., 0., 0., 0., 0., 0., 0., 0., 0., 0.,
       0., 0., 0., 0., 0., 0., 0., 0., 0., 0., 0., 0., 0., 0., 0., 0., 0.,
       0., 0., 0., 0., 0., 0., 0., 0., 0., 0., 0., 0., 0.]), np.int64(73739): array([-0.14353344, -0.11342818,  0.12018881, -0.02371529,  0.4899307 ,
       -0.1903031 , -0.1882158 , -0.05521056,  0.06136552, -0.086551  ,
       -0.04035598,  0.0133089 , -0.02031918, -0.02101369,  0.04803427,
        0.1348271 ,  0.05292946, -0.01830902, -0.0113944 ,  0.01503585,
       -0.01392991, -0.01236511, -0.03212853, -0.071738  ,  0.09286813,
        0.05200129, -0.00324887,  0.0547958 ,  0.09307061,  0.06020786,
       -0.09372036,  0.04378279, -0.00328027,  0.01941331,  0.04204455,
        0.00601087, -0.04938212,  0.09973688,  0.09471063, -0.09239272,
       -0.11067241,  0.09010576,  0.06343416, -0.00085719,  0.00903365,
        0.18697046,  0.15962604, -0.05580126,  0.1710291 ,  0.21903044,
       -0.14171788, -0.04642019,  0.09558593, -0.04200269,  0.12049909,
       -0.14332084, -0.09524453, -0.2207669 , -0.1401123 , -0.13057649,
        0.27336398,  0.15737447,  0.1082646 ,  0.2895008 ], dtype=float32), np.int64(73762): array([-0.3734406 , -0.27710763,  0.21564429,  0.02681505, -0.4790941 ,
        0.0271034 , -0.12165713,  0.17015706,  0.02055219, -0.14108014,
       -0.11649692, -0.04643008, -0.04211997, -0.12625012,  0.30103135,
        0.16196781, -0.153493  , -0.01037795, -0.09172226,  0.04646226,
        0.00359   , -0.06747169, -0.01271852, -0.00332601, -0.13287732,
       -0.06845602,  0.02105408, -0.06209069,  0.05702497,  0.05822907,
       -0.02064874, -0.03152456, -0.04907824,  0.02661028,  0.06161028,
       -0.00218897,  0.02049501, -0.05906821, -0.02973713, -0.07767269,
        0.03940815,  0.01835645, -0.04070495,  0.12352569, -0.01219129,
        0.00080925,  0.04709279, -0.13670038,  0.0145627 , -0.0247057 ,
        0.04174427,  0.03671607,  0.07312636,  0.09769724, -0.04456781,
        0.07972603, -0.00105038,  0.28608447, -0.08824106,  0.02310543,
        0.03910726,  0.17564215, -0.01767728,  0.10296685], dtype=float32), np.int64(81252): array([-0.38074923, -0.09340948,  0.22192185, -0.05440094, -0.14019069,
       -0.2171159 , -0.06686876,  0.05330284, -0.05940196,  0.03891898,
        0.03607637,  0.0985196 , -0.01662412, -0.02915745,  0.03272864,
        0.14439623,  0.12397833,  0.02679581, -0.01246834,  0.0933155 ,
        0.00991284, -0.02003435,  0.17894132, -0.02693826,  0.15593813,
       -0.02958188,  0.2986719 , -0.17963818,  0.18905596,  0.10261559,
        0.05757046,  0.06824922,  0.05051875, -0.09939256,  0.01049582,
       -0.03656429, -0.00360731, -0.05528177,  0.06593863, -0.11346309,
        0.01245013,  0.06793163,  0.11924572,  0.162113  ,  0.08008654,
       -0.14402314, -0.08178177, -0.16963615, -0.11693997, -0.10317231,
       -0.06526652,  0.07608676,  0.14605588, -0.04374564, -0.11666691,
        0.25600138,  0.11706542, -0.07690164, -0.07238033, -0.09240931,
        0.05079066, -0.27698147,  0.01018322, -0.17367336], dtype=float32), np.int64(1204): array([-0.3639902 , -0.01971582,  0.17217359, -0.08034013, -0.1360635 ,
       -0.37036124, -0.00555676, -0.00310236, -0.00044502,  0.09992924,
       -0.01409072,  0.09041369,  0.06922369,  0.10630948,  0.00172981,
        0.14300022,  0.11948258, -0.02576011, -0.09162923,  0.07790148,
        0.18657862, -0.05868645,  0.13440467, -0.1384166 ,  0.06036643,
       -0.08722219,  0.22571233, -0.0651721 ,  0.15831183,  0.11757043,
        0.05518295, -0.08357298, -0.07904369,  0.07583082,  0.15499415,
       -0.02626437, -0.09476905, -0.06173189, -0.05436743, -0.11287844,
        0.05889778,  0.03516125, -0.11963577, -0.07123647, -0.2189862 ,
       -0.03089544,  0.10648731,  0.14455946,  0.14888029, -0.09685114,
       -0.0142258 ,  0.2196823 ,  0.12022735, -0.14446956, -0.22149907,
        0.00922745, -0.04979448,  0.01345584,  0.01861851, -0.06903772,
        0.07055033, -0.14601332,  0.09109861, -0.1512071 ], dtype=float32), np.int64(5291): array([-0.30876175, -0.25050417,  0.04276727,  0.05696701,  0.08822915,
        0.03108447,  0.01970821, -0.15406792,  0.11819928,  0.026965  ,
        0.07069   , -0.3173861 , -0.01363734, -0.04842709, -0.13977025,
        0.17178564,  0.03895098,  0.10380978,  0.06191373,  0.27448124,
       -0.27404293,  0.12656012,  0.3014658 ,  0.05537917,  0.00351646,
        0.03897114, -0.00540234,  0.05559   ,  0.16335565, -0.06145875,
       -0.01703232, -0.03406797,  0.00574311, -0.22927572, -0.16097318,
       -0.01081313,  0.07109533, -0.03904198,  0.10555064, -0.06089378,
       -0.02387846, -0.03184905,  0.11777717,  0.03199879,  0.11380348,
       -0.0963195 , -0.18505487, -0.17855754, -0.02385793, -0.12548326,
       -0.21929976, -0.14165191,  0.09080291, -0.05416786,  0.03857685,
       -0.08690137, -0.04918836, -0.02971246,  0.00794498,  0.04056858,
        0.0360137 ,  0.05299184, -0.00246785,  0.01234811], dtype=float32), np.int64(23253): array([-0.22717005, -0.03060626, -0.13615786,  0.16883777, -0.05618703,
        0.1262184 ,  0.06302942,  0.19835494,  0.03969675,  0.12711738,
       -0.3170537 ,  0.0336898 , -0.0368799 , -0.09703384,  0.00809316,
       -0.15510964,  0.25738278,  0.12643313, -0.12627481,  0.06963837,
       -0.22718754,  0.04163447,  0.11689848, -0.05208898,  0.02231861,
        0.06212251, -0.03742101,  0.03591204, -0.00408222,  0.1457461 ,
       -0.08841666, -0.19097434,  0.10322765,  0.19770184,  0.13153349,
        0.12456939,  0.0229741 ,  0.14121176, -0.02106117,  0.01918124,
        0.04477642,  0.13625784, -0.2576249 , -0.02727744, -0.01304541,
       -0.01361453, -0.06598232, -0.03863852,  0.23411718,  0.24400994,
        0.1330344 , -0.11045059, -0.03242534, -0.14174855, -0.06255881,
        0.02443475,  0.05827573, -0.08943143,  0.06395207, -0.03463166,
       -0.1247573 ,  0.01702608,  0.07518937,  0.18039782], dtype=float32), np.int64(50071): array([-0.32223165, -0.13589302,  0.16650549, -0.04193706, -0.01070343,
       -0.12901296, -0.02998865,  0.27347836, -0.06882396,  0.02395182,
       -0.00838385,  0.27841347,  0.07856842, -0.11712845,  0.25811815,
        0.03777869,  0.02443787,  0.09828844, -0.05341864, -0.00636198,
        0.02719262,  0.04379674,  0.2612386 , -0.08589767,  0.06131558,
        0.01657579,  0.04176648, -0.07541899, -0.00376024,  0.00851846,
        0.14347406,  0.28865397,  0.17962913, -0.12588382, -0.09583496,
       -0.0901637 ,  0.04690911, -0.24818969,  0.01113573, -0.09153544,
       -0.08546408, -0.00671588, -0.00109455,  0.1252741 ,  0.09637873,
       -0.15442382, -0.06654794,  0.14563398, -0.01704919, -0.10454053,
       -0.08791091, -0.07618812, -0.15251796,  0.13882749,  0.06101337,
       -0.01260594, -0.10042145,  0.11309002, -0.1289113 ,  0.09157816,
       -0.11896801, -0.05215611, -0.1456915 ,  0.03665286], dtype=float32), np.int64(52474): array([-2.4559827e-01,  1.7537948e-01,  1.6424850e-01, -5.6490958e-01,
        1.2479358e-01,  5.5951679e-01, -6.8207286e-02,  2.7935484e-02,
       -4.8089977e-03, -6.5090088e-03,  4.8605730e-03, -3.0977808e-02,
       -1.5024428e-02,  3.5683610e-02,  1.8418133e-02, -1.0245181e-01,
        6.2389962e-02, -2.8341405e-02, -1.1945772e-01,  2.1662172e-02,
        2.8923428e-02, -3.0904302e-02, -4.8202978e-04,  7.7811971e-02,
        1.1162993e-01,  1.2979443e-01, -1.7846458e-01, -1.3783340e-01,
        1.4335918e-01,  5.7747997e-02,  1.7004143e-01, -2.9844502e-02,
       -8.3523870e-02,  3.1953532e-02,  6.2214084e-02, -5.8338784e-02,
       -3.2923024e-02,  2.8028162e-02, -5.6239590e-02,  5.3048944e-03,
       -7.6007761e-02,  4.9092963e-02,  2.2412173e-02, -2.0112799e-02,
        1.7873866e-02, -4.8158165e-02, -4.4701617e-02, -7.6860219e-02,
        1.4599848e-03, -3.8481813e-02,  1.6519669e-03,  2.9631153e-02,
       -4.8621045e-03,  2.0498173e-02, -5.1827691e-02, -3.2062621e-03,
       -2.2418985e-02, -1.9806203e-02, -7.2527975e-02,  3.1181043e-02,
        3.0004425e-02,  1.7067347e-02,  1.6956393e-02,  1.2847377e-02],
      dtype=float32), np.int64(91242): array([-0.39682415,  0.0322092 , -0.17940615, -0.02339297, -0.07219912,
       -0.13803758, -0.02520738,  0.11379231,  0.02832927, -0.03864521,
        0.12469407,  0.08863594, -0.08865272, -0.08444078,  0.07890869,
        0.05982229,  0.00048212,  0.22264037,  0.05582361, -0.12145405,
        0.01155245,  0.1170101 ,  0.41429782,  0.04805641, -0.07864539,
       -0.00766104, -0.09006521, -0.04733008, -0.08207822,  0.07667949,
       -0.05903369,  0.10535756, -0.16109568,  0.1009823 ,  0.13718493,
        0.1250438 , -0.13553804, -0.05728206, -0.04715686, -0.02671892,
       -0.10122132, -0.10845012,  0.03174344, -0.07213304,  0.0220949 ,
       -0.04710267,  0.17876615,  0.19646296, -0.13678953, -0.04849999,
       -0.09116499,  0.05960798, -0.15138893, -0.06155024, -0.0837106 ,
        0.00405152,  0.03519257,  0.22095819, -0.07397494, -0.03919315,
       -0.27567574, -0.06322174,  0.03410519, -0.1408615 ], dtype=float32), np.int64(30124): array([-3.10306877e-01, -2.83510983e-01,  2.83029173e-02,  3.85567658e-02,
        4.34646934e-01,  5.31221889e-02,  2.41946876e-01, -1.00418612e-01,
       -5.87523520e-01, -6.46379516e-02,  1.86320752e-01,  2.51956433e-01,
        1.79857105e-01,  3.30437720e-02,  5.39285578e-02,  1.10168889e-01,
        8.60000774e-02,  1.13083385e-01,  4.65939753e-02,  2.46183816e-02,
       -5.78390853e-03, -6.00824021e-02,  1.94783509e-02, -6.16785046e-03,
       -5.53405397e-02, -1.96954776e-02,  1.20869596e-02, -1.36641003e-02,
        5.75391464e-02,  1.91258620e-02,  2.35460196e-02, -1.57773551e-02,
        5.34570310e-03,  2.96304729e-02,  2.18246337e-02, -1.34613533e-02,
       -2.71436255e-02, -5.35559049e-03,  2.16324739e-02, -7.83758145e-03,
       -2.48298165e-03,  1.97015069e-02,  2.99571790e-02, -2.20545586e-02,
        2.05543935e-02,  1.27394740e-02, -1.38080614e-02, -7.43320957e-02,
        2.82413792e-02, -2.64997594e-02,  6.97188526e-02, -3.56975477e-04,
       -2.78015826e-02, -2.20193323e-02,  2.55347472e-02,  3.71873826e-02,
       -1.12996688e-02,  5.53078130e-02,  2.90581379e-02,  4.93409708e-02,
        3.48033458e-02, -1.91875792e-03, -2.80711800e-02,  1.70730036e-02],
      dtype=float32), np.int64(35850): array([-0.11537221,  0.0633245 , -0.21015978,  0.0467355 ,  0.00210363,
        0.02300896, -0.04183129,  0.15651928,  0.18059528,  0.0057398 ,
        0.05682965,  0.07810965, -0.1309289 ,  0.1545565 , -0.02407434,
       -0.01986481,  0.15332402,  0.48541844,  0.18800354, -0.04397837,
        0.03233163,  0.11503308, -0.06479555,  0.05719525,  0.04373629,
       -0.1314573 , -0.04397777,  0.0475096 ,  0.16354582, -0.01908459,
        0.04325621, -0.04498811, -0.03758483, -0.22652218, -0.1586562 ,
       -0.11919724,  0.05410734,  0.01179025,  0.05177872, -0.02205722,
       -0.25233728,  0.23851861, -0.02579007,  0.04396886, -0.14263572,
       -0.07894726, -0.0407631 ,  0.08455011, -0.08331548, -0.22370921,
       -0.18413678,  0.09170089, -0.11245374, -0.02649908, -0.0335527 ,
        0.08059277, -0.08870199,  0.1257015 , -0.04126874,  0.06691115,
        0.05133051,  0.01918192,  0.07349133, -0.19388208], dtype=float32), np.int64(38527): array([-0.34552455,  0.23237315,  0.22079062, -0.10954641, -0.11044231,
       -0.46741977,  0.12542269, -0.16073233, -0.02353692,  0.1069612 ,
       -0.0266545 ,  0.11232205, -0.06279532,  0.06086188, -0.02092261,
        0.19884627,  0.1698221 , -0.07461704,  0.00412674, -0.07138795,
        0.00898145,  0.1028416 , -0.17241322, -0.13219246, -0.09144874,
       -0.04062071, -0.11266709,  0.03568679,  0.00306402,  0.07120612,
       -0.06422842, -0.0751161 ,  0.07282394, -0.04754178, -0.09304836,
        0.15843758,  0.02546602, -0.00299343,  0.26568973, -0.02765774,
       -0.02015669,  0.171486  ,  0.03823292, -0.03413433, -0.0037385 ,
       -0.09024534, -0.02647791,  0.10901967, -0.15518057,  0.00953404,
        0.05054069, -0.01481098, -0.0878801 , -0.05068749, -0.00541828,
        0.10388371, -0.07542762, -0.00836852,  0.00190785,  0.13919364,
       -0.17665896, -0.06879992, -0.08511961, -0.03952921], dtype=float32), np.int64(49256): array([-0.1378634 ,  0.00265412, -0.06009347, -0.04213877, -0.1131855 ,
       -0.08540221, -0.01582476, -0.10927663, -0.2113583 , -0.28504404,
       -0.2324967 ,  0.29956028,  0.15058707, -0.10854583, -0.24369462,
        0.09573907,  0.15101892,  0.02459947, -0.05208581,  0.00278329,
        0.00233822, -0.02298501,  0.02595126, -0.00181739, -0.06416642,
       -0.05126202,  0.01345395, -0.00825763,  0.10630886,  0.05346602,
        0.01589084, -0.0868984 , -0.04243934,  0.03669721,  0.06575422,
        0.05042864, -0.07143151,  0.10360859, -0.03835823,  0.00436278,
        0.0455504 , -0.06855299,  0.1360284 , -0.04337613,  0.10827523,
       -0.01565176, -0.21020296, -0.31681976, -0.00209033, -0.14990391,
       -0.31549108, -0.1094936 ,  0.09603859, -0.02847867, -0.01498687,
       -0.12224016,  0.01702162,  0.01222286, -0.01537238, -0.0310158 ,
        0.23530377,  0.14196484, -0.1958706 ,  0.16888268], dtype=float32), np.int64(102478): array([-0.16475241, -0.07577727,  0.0791617 ,  0.07817993,  0.25484318,
       -0.00422926, -0.24163374,  0.0672506 ,  0.016823  , -0.05898492,
       -0.30734554,  0.18949379,  0.00863851, -0.24418841, -0.19226705,
        0.03988953,  0.01899424, -0.03716665, -0.02039772, -0.02771798,
        0.00659255,  0.0333732 , -0.02581572, -0.00511215, -0.06252444,
       -0.04026721,  0.00364786, -0.01992032, -0.02284992, -0.007734  ,
        0.05582245,  0.03534216, -0.02229722,  0.00076222,  0.06907288,
       -0.0522053 ,  0.31622127,  0.29301968,  0.00611399, -0.2835688 ,
       -0.01431764,  0.02799106, -0.17824243,  0.02570752,  0.03793129,
        0.00645675, -0.22086123,  0.16700809, -0.01396346,  0.22883894,
       -0.06622341, -0.07630994, -0.01352376, -0.17947043, -0.15165687,
       -0.03366248, -0.06516626, -0.01454582,  0.06609739,  0.04373876,
       -0.1133757 , -0.06713999, -0.066834  ,  0.20266004], dtype=float32), np.int64(313): array([-0.31712392, -0.03156813,  0.18589438, -0.01018438, -0.10824594,
       -0.17287728, -0.02073499, -0.0295553 ,  0.06732345, -0.07565249,
       -0.0271096 ,  0.03079211, -0.06038702, -0.11774854,  0.05068946,
        0.19029732,  0.19256333,  0.0170839 ,  0.01527241, -0.01198638,
        0.01621221,  0.01133545,  0.23894818, -0.11331865, -0.13863766,
       -0.03672199, -0.03832251, -0.01412302, -0.00961804,  0.1231074 ,
       -0.07283027,  0.21920325, -0.11941622,  0.11881879,  0.13421027,
        0.05301693, -0.11275817, -0.08427323, -0.07935049, -0.02927322,
       -0.12365403, -0.23786063,  0.04006162, -0.25041702,  0.05318381,
       -0.03886919,  0.01401947,  0.1940613 , -0.0906267 , -0.03722907,
       -0.14949612, -0.07512949, -0.17082058,  0.3127478 , -0.10802723,
        0.03575312,  0.14506456,  0.1608303 , -0.16044934,  0.09701148,
       -0.18656935,  0.05076496, -0.02251662,  0.04099524], dtype=float32), np.int64(8295): array([-0.2683305 , -0.23801872,  0.14510751,  0.09985942, -0.12771194,
        0.22376698,  0.4000586 ,  0.14577186,  0.1321407 , -0.09567699,
       -0.32017386,  0.43988514,  0.11393408, -0.2630403 , -0.31041113,
        0.09633089,  0.01384349, -0.056714  , -0.07477427, -0.05949016,
        0.01631388,  0.0494731 , -0.04044662, -0.07275335, -0.05963796,
        0.00346077,  0.0189799 , -0.07233196, -0.01308282, -0.01340119,
        0.04144375, -0.07424521, -0.01025075, -0.00250232,  0.01703966,
       -0.0368642 , -0.00556095, -0.01084906, -0.01766075,  0.01250993,
       -0.03354565,  0.00298648, -0.0244094 , -0.06951858,  0.04729989,
        0.00161411, -0.04443385,  0.0141482 , -0.0123907 ,  0.00355515,
        0.0677126 , -0.04702801,  0.01840978, -0.07382923, -0.01305612,
        0.00464528,  0.04252973, -0.00657692, -0.08499851,  0.03879504,
        0.03409296, -0.0222151 , -0.06264869,  0.02869362], dtype=float32), np.int64(34968): array([-2.42562205e-01,  1.53449774e-01,  1.27534598e-01, -5.66268086e-01,
        3.80046815e-02,  6.20059967e-01, -4.83420976e-02,  2.22409014e-02,
        8.34401511e-03,  4.58903573e-02, -3.18531366e-03,  7.44570494e-02,
        2.44093183e-02,  1.30452871e-01, -8.24131668e-02, -3.99966212e-03,
        3.08689997e-02, -1.02341231e-02, -5.18029043e-03, -5.99346310e-03,
       -1.16997305e-02, -6.04518391e-02,  3.14143747e-02, -1.46919172e-02,
        1.00733675e-02, -4.15328294e-02,  4.41556238e-02,  4.16515395e-02,
       -4.57288697e-03,  1.94641463e-02,  2.47659441e-02,  2.98377853e-02,
       -4.87676896e-02,  1.53533211e-02,  2.65529472e-02,  5.79098612e-03,
       -4.64464203e-02,  9.15622991e-03,  2.72930656e-02,  1.70615297e-02,
       -1.57070085e-01, -1.34644270e-01, -1.62942037e-02,  1.50018826e-01,
       -1.09632492e-01,  4.45329286e-02, -4.55861017e-02, -8.57604854e-03,
       -2.38066241e-02,  1.22787543e-01,  4.24074911e-04,  2.47658286e-02,
       -7.23699033e-02,  3.12162051e-03, -9.60012153e-03, -4.93266061e-02,
       -2.85967775e-02, -2.26522312e-02, -5.94686903e-02, -2.39844881e-02,
        1.32142920e-02, -1.16461210e-01, -1.03467427e-01, -6.31762892e-02],
      dtype=float32), np.int64(47209): array([-1.40058994e-01,  1.22245669e-01,  3.61261293e-02,  2.82394856e-01,
        9.78060625e-03,  9.86016467e-02, -1.29498482e-01,  1.39072999e-01,
       -3.83676410e-01,  3.08368355e-01, -1.91317022e-01, -1.63600668e-01,
       -1.52789623e-01,  4.71228547e-02, -1.21420667e-01,  6.23936653e-02,
        2.10536979e-02, -6.10156311e-03,  1.11578867e-01,  5.99291287e-02,
       -6.39186401e-05, -5.65811507e-02,  1.01159915e-01, -1.47373965e-02,
       -4.78026643e-02, -2.44507473e-02,  3.86454277e-02,  1.90361179e-02,
       -3.99166681e-02,  1.27693042e-01,  2.89452411e-02, -1.86566112e-03,
       -5.61350621e-02, -1.01348376e-02,  1.76657587e-01, -6.44792244e-02,
        2.81122416e-01,  8.74430910e-02,  8.14532563e-02,  2.07451656e-01,
        1.20650932e-01, -2.32190378e-02,  1.84636056e-01,  1.06350891e-02,
       -1.93363786e-01,  6.38784096e-02, -1.56781986e-01, -1.66935906e-01,
        5.63615635e-02,  7.79540394e-04, -1.80846542e-01,  7.97725990e-02,
       -1.15277544e-01,  1.15431800e-01, -3.28911357e-02,  9.96005014e-02,
       -7.16782287e-02,  1.19560517e-01,  6.54610991e-03, -4.22222801e-02,
        5.86789660e-02,  1.08998872e-01,  1.12339137e-02,  1.35869542e-02],
      dtype=float32), np.int64(47335): array([-2.47769699e-01,  3.22391540e-01,  2.04726905e-02,  5.72001815e-01,
        2.73609739e-02,  2.55247921e-01, -8.59365910e-02,  1.04995698e-01,
        8.64240304e-02, -1.12336941e-01,  7.16311932e-02,  1.56110954e-02,
        1.29689172e-01, -2.57840026e-02,  1.79356653e-02, -4.42727618e-02,
       -1.51734918e-01, -6.08129054e-03,  4.82955202e-02,  4.46015829e-03,
       -5.47752008e-02, -1.49710536e-01, -5.04177958e-02, -1.00754015e-02,
       -2.82807145e-02, -3.74210961e-02,  8.48111361e-02,  2.87125390e-02,
       -1.50407538e-01, -2.58112501e-04,  8.49215537e-02, -4.61171498e-04,
        2.00408716e-02,  1.18797598e-02,  2.11060774e-02, -1.20028898e-01,
        3.24300118e-02,  3.39866057e-02, -5.73866665e-02, -2.43737236e-01,
        1.42909691e-01, -1.32283300e-01, -3.96722369e-02,  2.29782537e-02,
       -2.81818118e-02, -4.72009890e-02,  2.50587016e-01, -1.73428282e-01,
       -1.68440081e-02,  1.57546103e-02,  3.29384767e-02, -6.70730546e-02,
       -4.75799441e-02,  1.17259778e-01, -4.06053402e-02, -7.77223855e-02,
        4.10039984e-02, -7.74401501e-02, -1.17770828e-01, -2.81135421e-02,
        4.81268279e-02, -7.85978958e-02, -5.49039692e-02,  6.42039701e-02],
      dtype=float32), np.int64(74229): array([-0.26234546, -0.09180667,  0.08272017,  0.00479795,  0.05182964,
       -0.06266429,  0.05089018,  0.17529489,  0.12154046, -0.12599705,
       -0.07909689,  0.17344873, -0.02552079, -0.19657108,  0.10684836,
       -0.08936553,  0.18066697,  0.1815694 ,  0.00482945,  0.00965079,
        0.06479476,  0.09995311,  0.4509399 ,  0.04278319,  0.05392826,
        0.05628413, -0.12272876, -0.09630147, -0.07960947, -0.1319853 ,
       -0.05863649, -0.04166241, -0.0775148 , -0.1485275 , -0.12782612,
        0.12109984, -0.04307403,  0.01986136, -0.01172474, -0.07660105,
        0.16045775,  0.10583475, -0.11390128,  0.11424016, -0.06770431,
       -0.06551508, -0.01963955,  0.21531393, -0.24549748,  0.08706482,
       -0.00390081,  0.10110633, -0.0967599 , -0.09035493, -0.16642608,
        0.084155  ,  0.03335407,  0.13836329, -0.09002939, -0.1941966 ,
        0.06347416, -0.01411683, -0.02381528, -0.13655193], dtype=float32), np.int64(90518): array([-0.26188627, -0.00132346, -0.04146194, -0.05841311, -0.2244501 ,
       -0.14315316, -0.09710412, -0.29027447, -0.08981743, -0.06831738,
       -0.10103741,  0.07292244,  0.24090852, -0.11194129, -0.03096499,
       -0.02223194,  0.3357797 , -0.13242254, -0.13194562, -0.20991914,
        0.21579264, -0.027042  , -0.03160121, -0.19598739, -0.02257842,
        0.01777828,  0.09442145, -0.0471241 ,  0.04260062, -0.01488652,
       -0.01046789, -0.15140511, -0.01281346, -0.02379302, -0.06754865,
       -0.22779912, -0.01654853,  0.04659274, -0.19844498,  0.07015429,
       -0.00682866, -0.02945377, -0.0320559 ,  0.04263124,  0.05840148,
       -0.07561029,  0.07533939,  0.10847216,  0.04106376,  0.17956376,
       -0.09619121,  0.16260144, -0.03612422,  0.09075284, -0.10221753,
       -0.23075111, -0.03111204, -0.0682663 ,  0.17118718, -0.14745846,
        0.00227275, -0.04961412, -0.0775152 , -0.06060378], dtype=float32), np.int64(94261): array([-1.92433283e-01,  1.57947287e-01, -1.91555962e-01,  2.82937914e-01,
       -1.08061684e-02,  1.40111506e-01, -1.45934194e-01,  2.39873275e-01,
        2.21003801e-01, -9.74145457e-02, -5.35937725e-03,  9.78624970e-02,
        2.40775257e-01,  1.16442643e-01, -1.69226557e-01,  7.12646991e-02,
        9.65565518e-02,  1.14655651e-01,  1.21554919e-01, -1.30296946e-01,
        9.29301232e-02, -2.14434981e-01,  3.24482918e-02, -8.01704302e-02,
        4.05388921e-02,  2.51761754e-03, -7.00964686e-03,  2.72285938e-02,
        9.56627950e-02, -1.01539015e-04,  7.66639858e-02,  3.25238891e-02,
       -6.99406788e-02, -2.22732723e-01, -1.08297594e-01, -3.58453840e-02,
        7.86454156e-02, -3.34278569e-02,  6.62431419e-02,  2.06772193e-01,
       -1.79882988e-01,  2.17416570e-01,  1.12973087e-01,  1.95679702e-02,
       -4.15533558e-02, -2.02779137e-02, -3.35472226e-02,  1.90009233e-02,
        1.77461952e-01, -4.72155437e-02,  3.19590531e-02,  2.67709568e-02,
       -4.09104936e-02,  1.31155044e-01, -6.66664168e-02, -1.00979507e-01,
       -3.64523754e-02, -1.70078017e-02,  1.37490734e-01, -9.73053742e-03,
        8.68181139e-02,  1.95672929e-01, -7.90131092e-03, -2.46613517e-01],
      dtype=float32), np.int64(99323): array([-0.41136974,  0.25321308,  0.08126286, -0.0493099 , -0.08284403,
       -0.24561657,  0.02600265,  0.04991397,  0.10491583,  0.03577396,
        0.09663203,  0.07505478,  0.03521703,  0.00740278,  0.00259092,
        0.10293678,  0.09224517,  0.25677502,  0.03875223, -0.06589361,
        0.00432098,  0.08220818,  0.34842974, -0.12003332, -0.02823406,
       -0.09837803, -0.02819544,  0.07997775, -0.08182898,  0.05945557,
       -0.12273429,  0.13753583, -0.05874247,  0.10114653,  0.19439185,
        0.29704615, -0.0663669 ,  0.12897198,  0.11752792,  0.10956728,
       -0.11399519, -0.09668381,  0.02265658, -0.09168023,  0.08931938,
       -0.09513281, -0.03572575,  0.0997982 ,  0.03106214, -0.12185862,
       -0.03699527,  0.01825562, -0.04216041, -0.00085362, -0.17624508,
       -0.08383507,  0.10507944, -0.00107574,  0.00803553, -0.05703567,
       -0.15058877,  0.02922195, -0.14818215, -0.0059163 ], dtype=float32), np.int64(10161): array([-0.20083117, -0.009937  , -0.2600728 , -0.05779374, -0.10141898,
       -0.08473071, -0.06062679,  0.1633722 ,  0.22004612,  0.10718122,
       -0.17458515,  0.04904059,  0.25501373, -0.2324292 , -0.14121242,
        0.04741329,  0.02714014,  0.2865761 , -0.19957997,  0.08054025,
       -0.06390128, -0.12260425,  0.19212176,  0.04324425,  0.01850969,
        0.01202082, -0.06277522,  0.06919637,  0.20167874,  0.13185577,
       -0.10695973,  0.2207582 , -0.01475754, -0.1749593 , -0.13416764,
       -0.02259817,  0.0702915 , -0.184174  , -0.10201506,  0.00628546,
        0.19087815,  0.08167807, -0.1382226 ,  0.10354053, -0.12791276,
        0.07236015, -0.01884972,  0.01831421, -0.06034891,  0.07813661,
        0.10819473, -0.06310391, -0.00439882,  0.05828229,  0.00992484,
       -0.01538285, -0.01064641,  0.00180866,  0.1052017 ,  0.00548043,
        0.05594366, -0.0877376 , -0.1956314 ,  0.09394304], dtype=float32), np.int64(18922): array([-3.8912630e-01, -4.9671899e-03,  1.1301191e-01, -7.3451243e-02,
       -1.3297518e-01, -3.5087174e-01,  1.8190870e-02, -2.9602256e-02,
        9.8866366e-02, -1.4833167e-04, -5.4483477e-02,  3.2390337e-02,
       -3.1179942e-02, -3.2250497e-02,  1.8838070e-04,  1.4360847e-01,
        6.5582506e-02, -2.0977948e-02, -8.3915256e-02, -1.8099026e-01,
        6.7440733e-02,  5.5750017e-03,  3.8171700e-01, -7.5882167e-02,
        2.3199369e-01, -8.7257482e-02,  1.0362795e-01,  2.4914386e-02,
        1.3232428e-01,  1.1445761e-01, -5.4978106e-02,  9.8402955e-02,
       -6.9084376e-02, -1.0407129e-01,  2.0015579e-01,  1.6429980e-01,
       -1.5934171e-01, -7.0009269e-02,  7.4525508e-03, -1.5176851e-01,
       -1.6398823e-02, -4.6610922e-02,  3.4313083e-02,  4.9570687e-02,
       -1.0267692e-01, -1.5495908e-01, -2.1207632e-02,  8.5202865e-02,
       -1.1526342e-01, -7.8231581e-02, -1.0596190e-01, -1.8598558e-02,
       -3.2252776e-03,  1.8451944e-01,  4.5228902e-02, -1.9285877e-01,
        1.8890390e-02,  1.7226208e-02,  9.3576899e-03, -6.9851018e-02,
        1.2050727e-01,  1.4746301e-01,  2.1313217e-02,  6.5302193e-02],
      dtype=float32), np.int64(101294): array([-0.4253885 , -0.05878086, -0.0330598 , -0.13468795, -0.13688855,
       -0.29671788, -0.0453576 ,  0.10515836,  0.06289113,  0.10559757,
        0.01639725,  0.06389716,  0.02976698,  0.09468456,  0.06872856,
        0.07119095, -0.04613988, -0.06219819,  0.13456461,  0.12072224,
        0.07693914,  0.079363  ,  0.29393163, -0.05812423,  0.06254254,
       -0.12960774,  0.07043409, -0.17203037, -0.00363932, -0.01718519,
        0.06735384, -0.03070612,  0.09451287,  0.0587935 , -0.06385825,
        0.10617705, -0.00341445, -0.13543302, -0.16877866, -0.04158477,
        0.0202324 , -0.20077673,  0.00303726, -0.23502713, -0.07331594,
        0.02100632, -0.17976555, -0.02230165,  0.14455329, -0.03898816,
       -0.13688533, -0.0064385 , -0.02223651,  0.12992553,  0.05589521,
        0.07735653, -0.13497952,  0.04183821,  0.04745184,  0.08083106,
        0.03363753, -0.01307532,  0.08022714,  0.34721068], dtype=float32), np.int64(64749): array([-0.21499296,  0.30636242, -0.00587105,  0.51905996,  0.05291012,
        0.21317402, -0.01770167,  0.19902307,  0.14057355, -0.21445371,
        0.17182803,  0.0524091 ,  0.18745208, -0.06360389, -0.04965801,
       -0.05888052, -0.09363878,  0.04308491,  0.02642855,  0.04953168,
       -0.05245131, -0.15364262, -0.010845  ,  0.04467825,  0.0095827 ,
       -0.13311335,  0.15861315,  0.14162603,  0.06011423,  0.15571856,
        0.05248123, -0.0648794 ,  0.01870806, -0.18091522, -0.12866615,
       -0.0639459 ,  0.04164757,  0.07354913,  0.03064016, -0.10589367,
        0.07959802, -0.02792029, -0.06617995, -0.02550914, -0.02774988,
       -0.08868494, -0.13115318, -0.02916409,  0.06995181, -0.00144778,
        0.05678844,  0.16125895, -0.23112154, -0.02829657, -0.03041863,
       -0.03766371,  0.04434543,  0.00086447, -0.00958486, -0.03003062,
        0.05783203, -0.05144366,  0.0792762 ,  0.0357817 ], dtype=float32), np.int64(79747): array([-0.20173687,  0.17428806,  0.06971904,  0.37281886, -0.0145636 ,
        0.157578  ,  0.02736586,  0.1572312 , -0.00090781, -0.11892734,
       -0.02563933, -0.04271589,  0.05087979, -0.16836569, -0.1470163 ,
        0.00769311, -0.08581214,  0.0057263 ,  0.14232785,  0.03748657,
       -0.03194743, -0.10949623,  0.07024445,  0.01373821, -0.11813094,
       -0.18244179,  0.22961587,  0.09620852,  0.02430134, -0.06910271,
        0.0200809 ,  0.09598004, -0.11234505,  0.03006339,  0.10983016,
       -0.07566772,  0.07716368,  0.19222143,  0.05497638,  0.03302845,
       -0.11628532,  0.02655992, -0.23849767,  0.00177933, -0.05459395,
       -0.21478334, -0.07491895, -0.11758263, -0.02380698,  0.24721263,
       -0.035726  , -0.13403289, -0.09711814, -0.08307802, -0.26321116,
       -0.04255777, -0.19628322,  0.07913928,  0.23762485,  0.05372917,
        0.05827649, -0.00641656,  0.00304921, -0.00070773], dtype=float32), np.int64(100673): array([-0.31248334, -0.16413847, -0.12994128, -0.01390495, -0.13140993,
        0.11598162,  0.04535784, -0.05998717,  0.09386542,  0.35409674,
        0.04528783,  0.14237152,  0.3446484 , -0.04619013, -0.17796159,
        0.08811143,  0.06712287,  0.07394571,  0.17460752, -0.02987585,
        0.10330819,  0.32943943, -0.20681788,  0.22113049, -0.09422886,
       -0.08297539, -0.11339159, -0.03047174,  0.00876419,  0.08571709,
       -0.00447214,  0.04416995, -0.01758046, -0.07015231, -0.0157025 ,
       -0.11004766, -0.08909766,  0.28440773,  0.00158379,  0.14553185,
       -0.04197063, -0.05699166,  0.03742702,  0.06790297,  0.08040632,
        0.02853562,  0.13543108,  0.02688011,  0.04486686, -0.0525016 ,
       -0.04699879,  0.0113827 ,  0.05388892,  0.06494837, -0.12345798,
        0.05816151, -0.02645942,  0.01367486, -0.06293677, -0.03846538,
       -0.03576364,  0.04237232, -0.06893372, -0.04414641], dtype=float32), np.int64(2401): array([-0.3274259 , -0.15570837,  0.09567395,  0.01592005, -0.09741436,
       -0.0707312 , -0.09693928,  0.08793373, -0.0394619 ,  0.07182189,
        0.02647858,  0.007803  ,  0.05913315, -0.09814415,  0.01900706,
        0.074582  ,  0.09436907,  0.03002126, -0.01003701,  0.13651736,
       -0.12265255,  0.12521371,  0.17364973,  0.02375683,  0.08053378,
        0.09320474, -0.05435684,  0.04820956,  0.06336652,  0.10364884,
        0.04030093,  0.48330453,  0.10526738, -0.00760595, -0.0867594 ,
       -0.12214784,  0.21402496, -0.2969147 , -0.02929304, -0.04557066,
       -0.00145389, -0.06107829, -0.14289953,  0.01835413,  0.01104601,
       -0.00848839, -0.09895443,  0.09919425,  0.09537432, -0.21628654,
        0.06187733,  0.15573734,  0.14260238, -0.04800071,  0.14003706,
        0.0129771 , -0.25687993, -0.05947768,  0.03105916,  0.04609677,
       -0.07481815, -0.08014676,  0.12139466, -0.00581157], dtype=float32), np.int64(31856): array([-0.24377996, -0.05740061, -0.30987182, -0.04735369, -0.0200528 ,
        0.10570315,  0.2028704 ,  0.17780744,  0.18188938, -0.05644746,
       -0.03474405,  0.30849895, -0.39034188, -0.14367987, -0.13616939,
       -0.03769379, -0.06701   , -0.04482789, -0.06657387, -0.00287211,
       -0.04353988, -0.13555065,  0.17646006, -0.0491493 ,  0.04353802,
        0.12666006,  0.0755862 ,  0.07901013,  0.07068443, -0.06740723,
       -0.12998381, -0.09493133,  0.1723811 , -0.04050392, -0.17332946,
        0.13741091,  0.17163645,  0.00522816, -0.14511943, -0.01048166,
       -0.19549356, -0.09797306,  0.11495621,  0.02781563,  0.0860359 ,
        0.04380833, -0.00218785, -0.01738457,  0.00997104,  0.02346385,
       -0.03101543,  0.03032233,  0.08995252,  0.10609843,  0.17240864,
        0.02811655,  0.03542957,  0.01335623,  0.13676576,  0.00610413,
       -0.15204671,  0.00244939, -0.01130722, -0.02730158], dtype=float32), np.int64(53937): array([-0.31813553, -0.24074015,  0.2043671 ,  0.02039134,  0.00329492,
       -0.05165216, -0.00163939,  0.26291057, -0.00227182, -0.21575345,
       -0.13678598, -0.07577448, -0.05390184, -0.23524402, -0.00776351,
        0.0698561 ,  0.14976482, -0.06245108, -0.01619852,  0.00874361,
        0.03144567,  0.03527764, -0.03408876, -0.0353427 , -0.03546806,
        0.05821354, -0.09178551,  0.1203969 ,  0.10954395,  0.15042497,
       -0.13376676,  0.21753682, -0.00542637,  0.07043198,  0.08803308,
        0.01238307, -0.01249768, -0.17489433, -0.04675724, -0.06876981,
       -0.04631651, -0.14424638,  0.02458675, -0.19530639, -0.38189813,
       -0.23560062, -0.07670854,  0.15325476, -0.07321898, -0.09566272,
        0.0601372 ,  0.04018763,  0.03847507,  0.09636641, -0.01762215,
        0.17943197,  0.01345798, -0.00809021, -0.02784408,  0.10917677,
       -0.05886335,  0.04339952, -0.07026717,  0.06862649], dtype=float32), np.int64(61518): array([-0.29381755,  0.0385257 , -0.58885306, -0.11278853, -0.05011873,
       -0.10374326,  0.02677138,  0.06637221,  0.09074863, -0.06970812,
       -0.11461022,  0.17312141, -0.01530011, -0.11483556, -0.18650466,
        0.01943408,  0.061923  ,  0.02848695,  0.12337746, -0.02026101,
       -0.02416129, -0.0246597 ,  0.23250353, -0.02939501,  0.03086121,
        0.09967922, -0.01052939,  0.00302284,  0.273432  ,  0.00443869,
        0.02449208, -0.15670073, -0.03376379, -0.04862855, -0.05878977,
        0.12656139, -0.04621644,  0.02884579,  0.02272058, -0.05446851,
        0.15712903,  0.04082763, -0.03257471,  0.05731037,  0.02004657,
       -0.02420066, -0.07414362, -0.18416648, -0.11906123, -0.116791  ,
       -0.14387852, -0.1045048 ,  0.189149  ,  0.02063742,  0.03946033,
       -0.01764524, -0.12471321, -0.10617206,  0.02897548,  0.10490666,
       -0.02448909,  0.0285117 ,  0.02095467, -0.06025483], dtype=float32), np.int64(68076): array([-0.39045677,  0.41049355,  0.12096602, -0.0166053 , -0.04800152,
       -0.4084182 ,  0.10273168, -0.17097794, -0.05180358,  0.09313247,
       -0.00448517,  0.03465322, -0.0406014 , -0.08651798, -0.04869508,
        0.06118601,  0.05982866, -0.01482788,  0.04826422, -0.12300905,
       -0.03464697,  0.05583049, -0.04720155, -0.12384561, -0.05472754,
        0.0045872 ,  0.00049453, -0.0160718 , -0.09367699, -0.05994577,
       -0.16924725,  0.04884852,  0.066296  , -0.06605218, -0.0391    ,
        0.21046737,  0.10319483, -0.01446934,  0.19060369,  0.10559474,
       -0.05935655,  0.03228377, -0.24099638,  0.02749864,  0.03650257,
       -0.26745665, -0.09257787,  0.01989544, -0.04755225,  0.06501005,
       -0.00046114, -0.11488017, -0.02246711,  0.12279569, -0.10452118,
       -0.00616937, -0.13660617, -0.02278916, -0.03531996,  0.02144252,
        0.01401903, -0.06939452, -0.0789213 , -0.03276834], dtype=float32), np.int64(77757): array([-0.36919725, -0.10650922,  0.237642  , -0.06575368, -0.15211506,
       -0.300088  , -0.09161146,  0.09461929, -0.07792882,  0.05571682,
        0.03186742,  0.08460695,  0.01496806,  0.13578871,  0.07243136,
       -0.009273  , -0.21910822,  0.06057738, -0.18096107, -0.14101122,
       -0.02578088,  0.10332675,  0.02415608, -0.3326277 ,  0.22857924,
        0.07334747, -0.04038021,  0.30327973, -0.03394493,  0.00258428,
       -0.01778199, -0.04348852, -0.06095663,  0.00681226,  0.02484577,
        0.10880841, -0.140648  ,  0.09384518, -0.10411761, -0.03052647,
        0.06347711,  0.13491587,  0.03674029, -0.11209172, -0.10702112,
       -0.04398707,  0.21101362, -0.07113695,  0.0574415 ,  0.12942372,
       -0.04321054,  0.02178154, -0.05952964, -0.10269602, -0.03626341,
       -0.06786326, -0.02670752,  0.01940962,  0.1097241 , -0.11530832,
       -0.05505391,  0.07410017, -0.07076384,  0.01146783], dtype=float32), np.int64(80508): array([-8.6574338e-02, -5.4095078e-02,  2.9805528e-02, -4.3752365e-02,
        4.6517521e-02,  4.7866788e-02, -8.0805011e-02,  2.0967151e-01,
       -5.2287769e-01,  5.0584632e-01,  4.8011348e-01,  3.1395888e-01,
        1.3180292e-01, -1.6194679e-03, -1.0092753e-01, -1.7207487e-02,
        3.3296846e-02, -3.8951202e-03,  5.7859238e-02,  5.5931773e-02,
        7.7269059e-03, -8.6228952e-02,  6.8637896e-03,  8.9101389e-02,
       -2.4294410e-02,  3.7827205e-02, -6.1186314e-02, -2.1847988e-02,
        6.3986816e-02,  5.2149456e-02,  3.7154663e-02,  6.4991298e-03,
        5.2372017e-03,  1.6567288e-02,  3.3214599e-02, -1.8572582e-02,
       -2.5294650e-02, -1.2246948e-03,  2.6065767e-02,  1.9978902e-03,
       -1.4316569e-02,  1.9465299e-02, -1.4233738e-03,  1.3256699e-02,
        1.1280860e-02, -4.2359997e-03, -1.0864550e-02,  8.0356863e-04,
        1.6636059e-02,  2.1055969e-03,  3.2229738e-03, -3.1339281e-04,
        5.1192441e-03, -1.2802157e-02, -1.7720197e-03, -1.5707966e-03,
       -5.7714642e-03,  3.4366496e-02, -1.0351731e-02,  1.5621852e-02,
        3.2663580e-02,  7.5961482e-03,  2.2894877e-03,  2.7721956e-02],
      dtype=float32), np.int64(90003): array([-0.31322503,  0.14353117,  0.13846998, -0.5890857 ,  0.04792981,
        0.47738123, -0.12735255,  0.12404913,  0.02576185,  0.00246005,
       -0.04166   ,  0.00460692,  0.06349309,  0.07159603,  0.17414932,
       -0.02154366, -0.04527719,  0.06111744, -0.11633895,  0.11642189,
       -0.09402822, -0.02635643,  0.16258544,  0.09951479,  0.06436031,
        0.03055828, -0.09639876, -0.06642005,  0.1999948 ,  0.04796874,
        0.08305021, -0.04389855, -0.10513879, -0.09062944, -0.01522409,
        0.07130603,  0.00758874,  0.06673999, -0.09465971,  0.0190204 ,
       -0.0291416 ,  0.00753481,  0.02148129,  0.00566836, -0.00852133,
       -0.01495729, -0.04931885, -0.03236621, -0.0133408 ,  0.04005538,
       -0.04028386, -0.05068501, -0.01520102,  0.01192134,  0.00226171,
       -0.04573897, -0.00391104, -0.05562187,  0.00719462, -0.04509318,
        0.00162058, -0.04249265,  0.02883082,  0.04895433], dtype=float32), np.int64(90046): array([-0.32786494, -0.22906578,  0.19612455,  0.02509025, -0.30817452,
        0.01176225, -0.07052148,  0.12272131, -0.15202498,  0.08398981,
        0.0975498 ,  0.04497217,  0.00944596, -0.05652897, -0.01888802,
       -0.0616757 , -0.05455287, -0.06867497, -0.0819779 ,  0.02353608,
        0.01765356,  0.01991908, -0.13992564, -0.05424523,  0.3006504 ,
        0.1234301 ,  0.17609714,  0.13272758,  0.0864134 ,  0.14991058,
       -0.3044682 , -0.00886629, -0.27824554,  0.00276533,  0.04042654,
       -0.18601103,  0.04779137, -0.15103456, -0.05170453,  0.02984159,
       -0.0155728 , -0.01712376, -0.16209185,  0.01986009,  0.11976865,
        0.0992066 , -0.03590491,  0.12026004,  0.0204609 , -0.01509125,
       -0.01220798, -0.08928661, -0.16517128,  0.17634535,  0.05062786,
       -0.09816135, -0.0961463 ,  0.1001835 ,  0.03181874,  0.06788521,
       -0.00732942,  0.00204937, -0.07943098,  0.03738954], dtype=float32), np.int64(104803): array([-4.49045986e-01,  2.90356606e-01,  3.84605490e-02, -8.43540430e-02,
       -9.80361849e-02, -4.32040572e-01,  1.12300701e-01, -9.65521932e-02,
        2.01836694e-02,  5.21249212e-02,  3.05508263e-02,  1.29622459e-01,
       -5.64438514e-02,  4.32119630e-02, -2.28608623e-02,  1.83529645e-01,
        2.06018910e-01,  7.14956671e-02,  1.74617153e-02, -5.89142181e-02,
       -6.20365189e-03,  5.78084961e-02,  2.17670217e-01, -1.12902164e-01,
       -1.30727112e-01, -1.12001471e-01, -1.04656368e-02,  4.89963219e-02,
       -8.94793719e-02,  3.68388072e-02,  2.59722397e-02,  4.00542244e-02,
       -1.01463616e-01,  5.18922471e-02,  1.47963166e-01,  1.09560989e-01,
       -3.90236378e-02,  5.89715131e-02,  1.70410387e-02,  3.12228557e-02,
       -1.53741822e-01,  9.02904570e-03,  9.98135563e-03,  2.97477469e-02,
        5.55888601e-02,  4.48736884e-02, -1.02157936e-01,  2.48028904e-01,
       -9.60375369e-03,  4.18622866e-02, -7.48093277e-02,  1.26493037e-01,
       -4.94935326e-02,  1.13952048e-01, -3.57737020e-02,  1.78127028e-02,
        4.27260101e-02, -3.86063494e-02, -5.16018383e-02, -1.90945417e-02,
       -1.73328310e-01, -1.17866963e-01,  4.40378906e-04,  1.51144415e-01],
      dtype=float32), np.int64(25316): array([-0.2694814 ,  0.09756361, -0.51367927,  0.08824497, -0.01695882,
        0.03321252, -0.05110871,  0.14844002,  0.1152541 , -0.13739   ,
       -0.03555735,  0.15011434,  0.0654325 ,  0.044163  , -0.1539033 ,
        0.06004852,  0.04991001, -0.02513693,  0.07239312, -0.01330892,
       -0.03385192, -0.0286057 ,  0.22721498, -0.02884632,  0.08377025,
        0.12676834, -0.05149017, -0.01340136,  0.22217916, -0.01827555,
       -0.01182127, -0.138941  , -0.00906771, -0.04620604, -0.10388158,
        0.1577576 , -0.08118449, -0.01242364,  0.01339845, -0.04138409,
        0.12667413, -0.07338633, -0.05776243,  0.08173832, -0.00795743,
        0.01717909, -0.03253908, -0.07874952, -0.24074727,  0.00066   ,
       -0.10173683, -0.17444783,  0.09144988,  0.06427164, -0.08872502,
       -0.05374246, -0.19051217,  0.05630404,  0.26977074,  0.12806113,
        0.08555853,  0.09168248, -0.04054706, -0.13804004], dtype=float32), np.int64(39368): array([-0.13660708,  0.16068529, -0.06269737,  0.2987334 , -0.00142376,
        0.13447052, -0.11486714,  0.17149322,  0.10757599, -0.11312672,
       -0.00530454,  0.12196589,  0.08471819, -0.07434455, -0.13973248,
       -0.0268443 , -0.00313525,  0.08417794, -0.06125082,  0.0137063 ,
       -0.08053983, -0.19960657, -0.08312383, -0.02037659, -0.0113571 ,
       -0.11559211,  0.12063047,  0.13116717, -0.03301241,  0.23952977,
        0.11528219, -0.08324886, -0.03021591, -0.08931854,  0.03235297,
       -0.03353974, -0.02707438,  0.26429743, -0.13310097, -0.26571968,
       -0.20973775,  0.06307407,  0.04805261, -0.08010618,  0.00905232,
       -0.00616883, -0.32060763,  0.20192066,  0.11806114, -0.05674193,
        0.09511776,  0.07809457, -0.1437507 , -0.1278904 , -0.00994259,
        0.13426584,  0.05608222,  0.08531959, -0.04756206, -0.06361169,
       -0.13365553,  0.15906046,  0.13485913,  0.07021547], dtype=float32), np.int64(46193): array([-0.02032672,  0.04816359,  0.01588257,  0.0468044 ,  0.02420334,
        0.0162775 , -0.00495657, -0.03291045, -0.08065022,  0.10166279,
       -0.14493299, -0.05269697, -0.06231926, -0.09339564,  0.01636232,
       -0.07653368, -0.06687643,  0.00379174,  0.02864952,  0.01654012,
       -0.01337203,  0.02257239, -0.11796221,  0.06583391, -0.00149983,
       -0.04576414,  0.00831949,  0.01094246,  0.3055183 , -0.43032986,
       -0.04777674,  0.07713542,  0.05096833, -0.00268092, -0.13309094,
        0.0579311 , -0.40222132, -0.21519308, -0.06093573,  0.00740661,
       -0.08546156, -0.13463177, -0.20485976,  0.03551532,  0.06820387,
        0.07430173,  0.08429383,  0.1320032 ,  0.12128295,  0.06379678,
        0.08049865,  0.09418443,  0.07755166, -0.23693544, -0.03647954,
       -0.03062838,  0.2313264 ,  0.12639822,  0.06982893, -0.21148328,
       -0.04830184, -0.01591208, -0.02423443, -0.24544126], dtype=float32), np.int64(46249): array([-4.2284849e-01, -4.3588567e-01,  2.2605240e-01,  1.4461632e-01,
        1.7826557e-01,  2.5414428e-01, -7.4847713e-02, -3.2044885e-01,
        2.7582821e-01, -6.7475222e-02, -1.4113566e-01,  3.1912428e-01,
        9.8935971e-03, -2.7048561e-01, -1.8753441e-01,  1.1020450e-01,
       -1.1632720e-02, -2.1965733e-02, -4.5846477e-02, -3.2745820e-02,
        3.8256189e-03,  3.4153722e-02, -3.3530671e-02, -4.9991019e-02,
       -3.7299078e-02,  2.5154214e-02, -1.5816741e-02, -7.5964399e-02,
       -3.8075868e-02, -3.8957782e-02,  2.4573591e-02, -6.4977959e-02,
        3.1296052e-02, -2.6671304e-03, -4.2108316e-03, -1.8269483e-02,
        2.2372149e-02, -6.4208149e-04, -1.4087914e-03,  6.3837548e-03,
        1.0683590e-02,  6.6639772e-03,  5.7490473e-03, -3.5715066e-02,
        4.0022414e-02,  2.2635257e-02,  5.9926342e-03,  3.0824249e-03,
       -1.4187271e-02, -1.0857331e-02,  1.0734018e-02, -8.7579619e-03,
       -8.4786285e-03, -9.3282852e-03, -1.8008014e-02, -5.3112716e-03,
        1.5984436e-02,  3.2204124e-03, -1.4223279e-02, -1.6761250e-03,
       -8.2040578e-03,  3.2439732e-03,  4.2786915e-04, -6.9922726e-03],
      dtype=float32), np.int64(54263): array([-5.2934587e-01,  7.2029060e-01,  2.1639280e-01, -1.7117968e-02,
        6.9406778e-02, -1.4262036e-02,  9.4824657e-02, -1.0928921e-01,
       -5.9559397e-02,  1.6893927e-02,  3.9202556e-02, -5.9085350e-02,
       -4.4609737e-02, -1.7173289e-01,  1.0980584e-02, -8.3643474e-02,
       -9.0006962e-02, -7.4114730e-03, -1.0698535e-02,  1.6166780e-02,
       -1.3624448e-02,  6.5767415e-02, -1.6236691e-01,  2.8971307e-02,
        3.1885549e-02,  4.8364256e-02, -7.6724283e-02, -5.3255044e-02,
        5.3362012e-02, -1.8579427e-02,  1.1130305e-03, -3.8052052e-02,
        5.2057981e-02, -2.7563307e-02, -2.0290392e-02, -1.0072633e-02,
        4.8537422e-02, -3.0514052e-02,  3.7342336e-04,  1.4210748e-02,
        3.7235085e-02, -1.7465083e-02,  2.8402256e-03,  4.8882066e-04,
       -2.0145819e-02, -1.2273617e-02, -9.9667432e-03,  2.9955948e-02,
        2.2743501e-02, -5.0370316e-03, -8.7666549e-03, -1.3857699e-02,
        4.7964338e-02, -4.8474222e-02, -4.0821806e-03,  1.4989402e-02,
        1.6824307e-02,  4.1599572e-02,  6.9647995e-03,  3.7910022e-02,
        4.4793978e-02,  3.9072242e-02, -9.8270900e-04, -3.4790284e-03],
      dtype=float32), np.int64(73075): array([-3.0813530e-01,  2.6519400e-01, -4.0472411e-02,  4.1655415e-01,
       -3.0696347e-02,  9.2960425e-02, -6.2059995e-02,  5.7057839e-02,
       -9.2358120e-02,  3.0459167e-02, -3.7283640e-02, -3.8135219e-03,
        1.5837976e-01, -1.5516967e-01,  1.1940614e-01, -7.6240405e-02,
       -8.9803100e-02,  1.6764356e-02,  3.6459170e-02,  3.5792027e-02,
       -4.7772009e-02, -1.4267479e-01, -5.0362971e-02,  1.4850235e-02,
       -1.6534142e-01, -1.0359815e-01,  2.8450647e-01,  1.3147025e-01,
        1.0879391e-01, -3.7070427e-03,  1.1313174e-02,  9.6574031e-02,
       -6.2515885e-02, -5.2480936e-02,  8.6415470e-02,  8.2377000e-03,
       -1.2471990e-01, -4.5972154e-02, -1.9649172e-02,  6.4490840e-02,
        7.2717376e-02, -1.1269513e-01, -6.9814295e-02,  2.8496252e-02,
        7.1364515e-02, -2.3172209e-01, -2.0028451e-01, -1.7696871e-01,
       -1.6492127e-02,  9.0485334e-02, -9.0570770e-02, -4.5544609e-02,
       -2.0637025e-01,  3.2134291e-02, -1.5927611e-01, -7.3941073e-06,
       -1.3136105e-01,  5.2710678e-02, -5.4560706e-02,  3.7811570e-02,
        5.9434336e-02,  9.9422738e-02,  1.8350343e-01,  1.3879928e-01],
      dtype=float32), np.int64(99447): array([-0.32727334, -0.02614601,  0.20631485, -0.05152266, -0.11677333,
       -0.34756652,  0.03134697, -0.07863729,  0.0834955 , -0.04280243,
       -0.0902769 ,  0.06408701, -0.05260328,  0.10863893, -0.11871133,
        0.01637799,  0.22090448, -0.05020476, -0.02473853,  0.17351341,
        0.03684206, -0.07864313,  0.0803814 ,  0.03287559,  0.03926583,
       -0.0334307 ,  0.082618  ,  0.25698975,  0.2081399 ,  0.0272707 ,
       -0.02166511, -0.1862672 , -0.19843172, -0.06999566,  0.07853041,
        0.01917733,  0.02667903, -0.23948605, -0.05143098, -0.04570168,
        0.0873662 ,  0.03418213, -0.0472291 , -0.1060359 , -0.13762513,
        0.01563923, -0.17968144, -0.1104539 , -0.09500234, -0.27329707,
        0.06927828,  0.05520245,  0.12637064, -0.04543153, -0.09414277,
        0.12690292, -0.1303016 , -0.05414386, -0.03740214,  0.04306687,
        0.08696972, -0.08593271, -0.1733242 ,  0.0351916 ], dtype=float32), np.int64(99529): array([-0.32025883,  0.1355252 ,  0.07800068,  0.30188593,  0.00825071,
        0.07412139, -0.13950674,  0.11532776, -0.06797229,  0.05127677,
       -0.06823643,  0.08006413, -0.00804571, -0.0991863 ,  0.19770573,
       -0.1147799 , -0.16595   ,  0.02809361,  0.1982487 , -0.15117677,
       -0.07595856, -0.0314288 ,  0.07587465,  0.07706491, -0.2372624 ,
       -0.03036463,  0.14146496, -0.03871669, -0.0276533 ,  0.00343487,
        0.0257556 ,  0.19805807, -0.12421104, -0.02902884,  0.12914877,
       -0.06304032,  0.03017881, -0.0474569 , -0.06850822,  0.07257909,
       -0.03086036, -0.1270575 , -0.19368392, -0.02594687,  0.03175301,
       -0.06805927,  0.1785424 , -0.20068094,  0.12485623,  0.1685095 ,
        0.00696925, -0.11222214,  0.01087609, -0.11497846, -0.16302778,
       -0.08176658, -0.01145191,  0.13135174,  0.29065675,  0.04787941,
       -0.00209542,  0.14676414, -0.14603089, -0.03649499], dtype=float32), np.int64(50571): array([-0.35987672,  0.22303751,  0.18609543, -0.11099074, -0.09347311,
       -0.37070525,  0.09256385, -0.09355984,  0.04790493,  0.05163931,
        0.01906505,  0.12904195, -0.02541322,  0.13477512, -0.10528711,
        0.14616384,  0.2769191 ,  0.0165456 ,  0.09420546, -0.05141632,
       -0.05248499, -0.12153765,  0.06553018, -0.09570161, -0.15636243,
       -0.10444668,  0.08601578, -0.1147845 ,  0.00931827,  0.07879626,
       -0.12921493,  0.11281349, -0.05657837, -0.06397587, -0.04226101,
       -0.11131369, -0.00785691,  0.02564053,  0.05088003,  0.02718701,
       -0.06716235,  0.02485265, -0.05872061, -0.05908493,  0.1784791 ,
       -0.06059992,  0.11179066,  0.15921737,  0.06008909,  0.16215798,
       -0.100307  , -0.05593676, -0.1309171 , -0.056942  , -0.00263364,
        0.05620564,  0.14450905,  0.18603128, -0.14394297, -0.2509438 ,
        0.06157444, -0.02057302, -0.06458905,  0.02819985], dtype=float32), np.int64(77989): array([-0.36368933,  0.21420035,  0.20602635, -0.15892085, -0.19409052,
       -0.42806503,  0.12082545, -0.07488507,  0.01092548,  0.09706692,
        0.02696073,  0.13726668, -0.04979881,  0.11504157, -0.02007971,
        0.09595232,  0.08157612,  0.11165053,  0.03807703, -0.10223098,
        0.03297095,  0.19453572,  0.0388284 , -0.11351542,  0.11780607,
        0.07767712, -0.13160612,  0.14458242, -0.1616747 , -0.0700744 ,
       -0.2260767 , -0.00569837,  0.02235069,  0.04871616,  0.03015697,
        0.2145847 ,  0.04084229,  0.00396623,  0.15043703, -0.07293809,
       -0.1264409 ,  0.03985549,  0.10509087, -0.0230182 ,  0.10242084,
       -0.05781043,  0.0043247 ,  0.05601377, -0.07061772, -0.09320002,
       -0.07753003,  0.06059274, -0.04885457,  0.04364059,  0.11278751,
       -0.02722396, -0.09545722,  0.07691683, -0.07196029, -0.18029998,
       -0.05181445,  0.0426781 , -0.07879134,  0.0614724 ], dtype=float32), np.int64(98617): array([-0.29666364,  0.21563728, -0.06873351, -0.54072297,  0.0447843 ,
        0.46590343,  0.0011039 ,  0.02243695, -0.00600709,  0.01389769,
        0.00603087,  0.00923611, -0.03435891,  0.02377629,  0.01614014,
       -0.01767066, -0.07875396,  0.03820974, -0.15663807,  0.06607558,
        0.01635833, -0.06440561,  0.12310515,  0.07254469,  0.13843042,
        0.1437505 , -0.14465614, -0.14051941,  0.13583711,  0.04747596,
        0.15677054, -0.07731639, -0.14795057,  0.10451569,  0.11148912,
        0.13148275, -0.07638901,  0.10130056, -0.09910658, -0.01819753,
        0.04588192,  0.03277844,  0.05695982,  0.05460753,  0.06223493,
       -0.10101838,  0.06472564, -0.05331694,  0.00810566, -0.04653459,
        0.02262218, -0.0305162 , -0.02206117,  0.02919636,  0.07049014,
       -0.02058822, -0.04849779, -0.01790043, -0.10066824,  0.01100515,
        0.04052271,  0.09076779,  0.02171188, -0.00115833], dtype=float32), np.int64(1712): array([-3.06400597e-01, -3.66929248e-02,  1.09727956e-01, -6.93141818e-02,
       -2.23924536e-02, -1.15212314e-01, -3.21102738e-02,  2.41766661e-01,
       -2.95523647e-03, -6.59438735e-03, -1.88821815e-02,  2.37136841e-01,
        6.29534051e-02,  4.78300340e-02,  1.72114268e-01, -7.65141472e-02,
        2.26614880e-03,  1.63969561e-01,  1.86422214e-01,  3.82832401e-02,
        8.40074271e-02,  4.38688956e-02,  2.76761949e-01, -9.36474651e-02,
       -1.41340271e-01, -6.35430068e-02, -1.68547586e-01, -8.50681812e-02,
       -8.60880241e-02, -1.71311386e-02, -3.62144448e-02,  2.10086048e-01,
       -1.38195574e-01, -7.78832510e-02, -6.61469102e-02,  5.53222485e-02,
        1.37310172e-03, -9.73749980e-02,  2.75652800e-02,  5.52586764e-02,
       -8.64284113e-02, -2.38235041e-01,  3.90347950e-02, -2.61410713e-01,
        3.21999490e-01,  1.33494511e-01,  3.64988893e-02,  2.05594361e-01,
       -1.24825296e-04,  3.39965560e-02, -4.75264527e-02,  1.12477019e-01,
        2.40424667e-02,  8.44076574e-02,  6.67362064e-02,  5.51033542e-02,
        1.42509907e-01, -4.70016934e-02, -8.37052893e-03, -8.22126269e-02,
        8.19077566e-02, -6.21716268e-02,  1.45608440e-01,  9.25148576e-02],
      dtype=float32), np.int64(9453): array([-0.3194256 ,  0.24116275, -0.05726714,  0.528436  ,  0.0920426 ,
        0.24095519, -0.15637782,  0.19810554,  0.07275641, -0.07435221,
        0.11220121,  0.10027717,  0.0684664 ,  0.06812581,  0.02821313,
       -0.07489998,  0.06092462, -0.03443139,  0.1683878 , -0.02459441,
       -0.04943539, -0.13963704,  0.15188946, -0.02221077,  0.09115729,
       -0.04559932, -0.04321913,  0.02692392,  0.04065653, -0.03194201,
       -0.06588189,  0.01735335,  0.0807289 ,  0.02338868,  0.09821981,
       -0.05378155, -0.07907432, -0.01457325, -0.04257615, -0.00426704,
       -0.02055856, -0.17490588,  0.08983658, -0.01590526,  0.05749992,
        0.04560723,  0.16396418, -0.08186574, -0.08918814, -0.1528264 ,
        0.10735437,  0.03387202, -0.06907643,  0.16278757, -0.15939346,
       -0.10181902,  0.08138273, -0.00247434,  0.06518891, -0.06518231,
       -0.09361708, -0.07571597, -0.01980823,  0.17588916], dtype=float32), np.int64(34418): array([-0.33139053, -0.19792524,  0.13378286,  0.01204762, -0.10414889,
       -0.06911112, -0.07426237,  0.03273404,  0.099209  , -0.11579574,
       -0.0551004 , -0.00184272, -0.11139204, -0.12649415, -0.02025752,
        0.06959119,  0.1347914 ,  0.04584801,  0.00033765,  0.04742374,
        0.02769786,  0.0384607 ,  0.13642088,  0.01139435,  0.21788582,
        0.12206391,  0.04930024,  0.12759392,  0.16389352,  0.19851065,
       -0.04869965,  0.23942095,  0.3006689 ,  0.30094564,  0.04926839,
        0.04841672, -0.19928585,  0.2747907 ,  0.0300364 ,  0.02602194,
        0.1982293 ,  0.05259481, -0.0550742 ,  0.1242668 , -0.02582031,
        0.02599956, -0.00044928, -0.08860082,  0.04860628, -0.0154545 ,
       -0.129095  , -0.13396865,  0.09580566,  0.04824504, -0.0044866 ,
       -0.11551414, -0.09194991, -0.15537353, -0.00741563, -0.07336244,
       -0.00294624,  0.12944122,  0.0262514 ,  0.10199106], dtype=float32), np.int64(46020): array([-0.4179378 ,  0.3301986 ,  0.0344817 , -0.14640914, -0.00995733,
       -0.18251656,  0.07680663, -0.02685856,  0.04848991,  0.1400984 ,
        0.03125095, -0.02044389, -0.06895217, -0.00967603,  0.05788313,
        0.04255417,  0.04332422,  0.12302624,  0.04332286,  0.02388865,
        0.13643622,  0.08479339,  0.21881424, -0.07510978,  0.10523168,
        0.03837747, -0.00904203,  0.1402674 , -0.24781115, -0.00263404,
       -0.10181251,  0.19302395, -0.09220391,  0.08202321,  0.15907672,
        0.24225298,  0.04626784,  0.05470147,  0.07666484, -0.0875316 ,
       -0.15945384, -0.05321804, -0.03985273, -0.134517  ,  0.08847453,
       -0.01654126, -0.00972954, -0.04927132, -0.19968167, -0.06571648,
       -0.14185509,  0.08170851, -0.19427787,  0.13365537,  0.02602275,
       -0.01087903,  0.03828352,  0.00929552, -0.12066428,  0.11731712,
       -0.12408938, -0.01719387, -0.16092092, -0.06936   ], dtype=float32), np.int64(63830): array([-0.42615595, -0.1657069 ,  0.01971473, -0.0769462 , -0.14127716,
       -0.2822165 , -0.08170265,  0.05497608, -0.14978878,  0.01258862,
       -0.02598523, -0.02532539,  0.18928497,  0.10981236,  0.08737437,
       -0.06951374, -0.27445236, -0.04219116, -0.16170791, -0.031255  ,
       -0.04591218,  0.00373608,  0.07136257,  0.01960576,  0.2776643 ,
       -0.03532672, -0.08254129,  0.37951708, -0.03497805, -0.1199518 ,
        0.15338376, -0.05113407,  0.07349035, -0.18782254,  0.05419453,
       -0.03970518,  0.11692997, -0.04992542,  0.05798736, -0.03597876,
       -0.04503521,  0.07372975,  0.06997376,  0.03437161,  0.04026339,
        0.1039222 ,  0.07810327, -0.14209738,  0.03017419,  0.18965109,
       -0.00574974,  0.06725392,  0.00141811, -0.05704864,  0.01160328,
       -0.09646286,  0.05446946, -0.02532769, -0.05914458,  0.11321618,
        0.04827839,  0.02960808,  0.08762568,  0.07120879], dtype=float32), np.int64(79859): array([-1.36215836e-01, -6.45056814e-02,  4.09313217e-02,  1.46382609e-02,
       -1.72906175e-01,  8.27572346e-02, -1.80961236e-01,  1.84261829e-01,
        9.57769230e-02, -1.57398671e-01, -3.29817325e-01,  4.69900072e-01,
        1.53960392e-01, -3.93270940e-01, -4.74071234e-01,  1.17975399e-02,
       -1.31972097e-02, -9.12501663e-02, -1.04220621e-01, -7.05193952e-02,
        3.48938107e-02,  7.31284842e-02, -1.17172636e-01, -4.12418805e-02,
       -1.90663934e-02,  5.39653189e-02, -3.69133018e-02, -8.30111802e-02,
       -1.14031240e-01, -2.76090968e-02,  3.10476366e-02, -6.16862588e-02,
        5.85466996e-02, -2.01677326e-02, -1.31381834e-02, -6.55986592e-02,
        4.90980186e-02, -2.03090440e-02,  3.06548504e-03,  1.52498791e-02,
        6.05659513e-03,  1.75824538e-02, -1.21976603e-02, -4.44159843e-02,
        2.25101889e-04,  5.37369214e-03,  2.62845512e-02, -6.65927157e-02,
       -3.40210041e-03,  6.97600469e-03, -1.14012836e-02, -3.19167413e-02,
        1.64284073e-02,  5.37855402e-02, -4.64545153e-02, -1.50344661e-02,
        1.36737684e-02, -2.77908184e-02, -2.40399651e-02, -1.43332202e-02,
        1.08715822e-03, -3.54102068e-02, -4.72326856e-03, -6.57259719e-04],
      dtype=float32), np.int64(94702): array([-3.61826748e-01, -3.45815212e-01,  2.23255113e-01,  7.10593164e-02,
        2.06825808e-01,  6.84937313e-02,  8.16198140e-02,  2.32308343e-01,
        1.05707489e-01, -2.25876734e-01, -2.38814145e-01,  2.06719741e-01,
        6.53657615e-02, -3.46991003e-01,  7.37543255e-02, -1.97786361e-01,
        3.95616740e-01, -1.81888282e-01, -9.28733870e-02, -1.09080605e-01,
        2.26128306e-02,  7.97179863e-02, -7.25327432e-02, -8.50998908e-02,
       -3.46328355e-02,  2.98065078e-02, -7.12385541e-03, -6.84042796e-02,
       -3.11632697e-02, -3.15366946e-02, -4.40992089e-03, -4.41496372e-02,
        4.31787707e-02,  1.43244769e-03,  1.85766350e-02,  1.13391895e-02,
        1.94349885e-02,  7.13742757e-03,  2.52921376e-02, -1.85242202e-02,
       -1.20768743e-02,  5.39303347e-02,  5.17403474e-03,  4.37934324e-03,
        2.37380899e-02,  3.42002586e-02,  1.05088402e-04,  3.95179586e-03,
        1.88821484e-03, -3.52704413e-02, -9.71255545e-03,  1.70059334e-02,
       -1.64742712e-02,  1.92485023e-02, -3.24211642e-02,  1.11669060e-02,
        2.63361540e-02, -2.14584339e-02,  6.16309373e-03,  3.66296358e-02,
       -7.13381311e-03, -1.86834577e-02,  2.33321474e-03, -8.90993420e-03],
      dtype=float32), np.int64(99098): array([-1.54500604e-01,  1.72422349e-01,  7.21169114e-02, -5.47569454e-01,
        3.99417989e-02,  5.05055428e-01, -1.11594632e-01,  1.13443673e-01,
        6.30591288e-02, -7.63346925e-02, -1.49286985e-01,  5.28542474e-02,
        4.19261605e-02,  1.37437642e-01, -1.22384086e-01,  9.73422360e-03,
        4.45053801e-02, -4.72029150e-02,  5.40332384e-02, -4.99925911e-02,
       -1.31173870e-02, -1.87581163e-02, -6.09240755e-02, -6.31259158e-02,
       -3.89844291e-02, -1.18770726e-01,  1.08585320e-01,  1.07360415e-01,
       -5.57027683e-02, -6.61078701e-03, -2.35351995e-02,  2.48412974e-02,
       -2.17389241e-02, -2.00986322e-02,  2.83952616e-02, -9.42967758e-02,
       -2.61877347e-02, -5.19369096e-02,  2.48356879e-01, -4.08385554e-03,
       -3.14729661e-02, -1.25933019e-02, -6.46239519e-02, -3.08161154e-02,
        1.32081416e-02, -3.23990993e-02, -6.78840727e-02, -5.86474799e-02,
        4.06617895e-02,  4.76353057e-02, -3.39010358e-02, -8.05474920e-05,
       -8.55727866e-02,  3.36843841e-02,  4.89912964e-02, -7.50981122e-02,
        1.02621458e-01,  1.02202985e-02,  1.62694186e-01, -3.80466841e-02,
       -2.64499128e-01, -5.14021665e-02, -5.97623065e-02,  1.25569403e-02],
      dtype=float32), np.int64(5439): array([-0.250162  ,  0.02427372,  0.13854975, -0.06343618, -0.06179719,
       -0.3074128 ,  0.0552186 , -0.17094421,  0.10301273,  0.06735204,
       -0.12367745,  0.15953118,  0.08885886,  0.03806922,  0.03135197,
        0.33632344,  0.15376373, -0.10779777, -0.09413336, -0.03242788,
        0.06955382, -0.13897161,  0.00551058, -0.10222697, -0.10711545,
       -0.11245439,  0.10018276,  0.18921217,  0.21909559,  0.10383913,
        0.07032957, -0.16342123, -0.14533521,  0.07033032,  0.23910289,
       -0.03630545, -0.0056658 , -0.15471217, -0.08086815, -0.12584615,
       -0.03744122,  0.09873269,  0.05719837,  0.03269717, -0.09888285,
        0.00305066,  0.13948819, -0.06038141,  0.1645227 , -0.01287088,
       -0.00579815,  0.13568552,  0.01871894, -0.01244855, -0.00635868,
       -0.02632287,  0.13964511, -0.21173342, -0.06937328,  0.17607668,
        0.15644515,  0.08119416, -0.04419856,  0.06411152], dtype=float32), np.int64(92072): array([0., 0., 0., 0., 0., 0., 0., 0., 0., 0., 0., 0., 0., 0., 0., 0., 0.,
       0., 0., 0., 0., 0., 0., 0., 0., 0., 0., 0., 0., 0., 0., 0., 0., 0.,
       0., 0., 0., 0., 0., 0., 0., 0., 0., 0., 0., 0., 0., 0., 0., 0., 0.,
       0., 0., 0., 0., 0., 0., 0., 0., 0., 0., 0., 0., 0.]), np.int64(18110): array([-0.2851401 ,  0.13060501,  0.07699758,  0.1583715 , -0.00805411,
       -0.09219803, -0.01765994,  0.04830948,  0.05777934, -0.00617655,
        0.1998606 ,  0.10094624,  0.01787191, -0.07643642,  0.2087134 ,
        0.01930465,  0.05354566,  0.20226629,  0.07292411,  0.00909607,
       -0.03235802, -0.10952721,  0.29323325, -0.1112211 , -0.02354511,
       -0.09009055,  0.11318699, -0.04816744, -0.28013176,  0.10357957,
        0.11685937,  0.34327683, -0.03251947, -0.01055804, -0.00620925,
       -0.07127059, -0.10528236, -0.12298794, -0.03816633, -0.11268631,
       -0.29590803, -0.11712925,  0.06523996,  0.16497232,  0.04848489,
       -0.04415812,  0.09132709, -0.0766091 ,  0.09624159,  0.05262886,
       -0.12131586,  0.05359881, -0.06916266, -0.02654091, -0.21843304,
        0.06263685,  0.03745581,  0.0596402 , -0.0595028 , -0.03520886,
       -0.11858754, -0.05607623, -0.04605395, -0.19235374], dtype=float32), np.int64(70161): array([-1.7177585e-01,  1.4987810e-01,  9.4406329e-02, -4.9612266e-01,
        2.8820848e-01,  3.9832523e-01, -1.2917282e-01,  4.6098016e-02,
        5.7976473e-02, -7.2306670e-02, -4.3262579e-02, -9.6191064e-02,
       -1.8796522e-02,  1.0728665e-01,  3.5887182e-02, -2.9175842e-02,
        1.6669060e-04,  2.6402146e-02,  1.2350357e-01, -2.9876715e-02,
        2.9754844e-03,  7.6204678e-03, -7.7564768e-02,  2.5817901e-02,
        9.5078461e-02,  6.9503859e-02, -1.1537991e-01, -7.4813344e-02,
        1.4611590e-01,  6.9648482e-02,  1.5487629e-01, -9.1740660e-02,
       -4.4309404e-02, -1.8277051e-04,  4.6579894e-02, -8.0795780e-02,
       -4.8457157e-02,  4.8067099e-03, -9.4953552e-02,  6.7039994e-03,
       -3.0271102e-02,  3.5568435e-02,  6.3950822e-02, -6.1044741e-02,
       -3.0313265e-02, -2.7801720e-02, -9.7336881e-02,  1.7880855e-02,
        2.9258128e-02, -1.4851086e-01, -5.6751210e-02,  1.2531105e-02,
        4.6599168e-02, -6.4092204e-02, -8.2942709e-02,  1.1245878e-01,
       -3.3250231e-02,  1.4191781e-01, -5.7615921e-02,  1.1929678e-01,
        2.3938385e-01,  9.5035501e-02, -6.5736696e-02,  2.8039461e-01],
      dtype=float32), np.int64(93281): array([-2.86242157e-01, -1.77123070e-01,  4.97721061e-02,  1.15501426e-01,
       -1.56158760e-01,  1.98437095e-01,  2.72000562e-02, -4.82425168e-02,
       -2.46601109e-03,  2.14890435e-01,  1.74910486e-01,  4.02937889e-01,
        1.07703534e-04, -5.23668230e-02, -2.05885395e-01,  4.73281108e-02,
        9.71904173e-02,  2.15182066e-01, -9.52208936e-02,  3.98201831e-02,
        1.29152685e-01,  2.88237840e-01,  1.10612959e-01,  1.72024816e-01,
       -3.42310406e-02, -1.28597900e-01, -2.51130579e-04,  4.21832874e-02,
        1.36211380e-01, -5.84423356e-02,  1.14405956e-02, -4.47325334e-02,
        4.17013504e-02, -2.99406230e-01, -1.61806285e-01, -1.51899144e-01,
        9.59092975e-02, -6.83077052e-02,  8.30973238e-02, -3.36165652e-02,
       -1.76916912e-01,  1.36647504e-02,  1.04131520e-01,  3.57848629e-02,
        4.77340408e-02, -1.67578664e-02,  5.43956012e-02, -1.30496353e-01,
       -1.05983429e-01, -5.56938387e-02, -2.49680597e-02, -5.86183742e-02,
       -2.23547760e-02,  2.03145891e-02,  2.39922088e-02,  1.84527934e-02,
       -6.46605566e-02, -2.34905467e-03,  5.26320972e-02, -4.07724380e-02,
       -3.28937322e-02,  1.60681959e-02, -7.38821551e-02,  4.02616300e-02],
      dtype=float32), np.int64(104020): array([-0.16811238,  0.2264212 , -0.2104675 ,  0.38430613,  0.06167119,
        0.13600321, -0.09525418,  0.18979937,  0.18716912, -0.04086398,
        0.13982378, -0.08371272,  0.2644595 ,  0.18370338, -0.02630211,
        0.10479698,  0.08707329,  0.08564613, -0.20571907,  0.04251491,
       -0.00842267,  0.04319878, -0.06074486,  0.08507974,  0.01499528,
       -0.10418829,  0.02526452,  0.06654752,  0.07472809,  0.0862942 ,
       -0.03140882, -0.11383097, -0.00043795,  0.04492147, -0.05166269,
        0.05505047, -0.13185023,  0.06138275, -0.00921323, -0.03499034,
       -0.1329936 ,  0.05108478,  0.0730134 ,  0.01042483, -0.02298654,
        0.0506404 ,  0.04973823,  0.17200854, -0.19883756, -0.16420776,
       -0.07416707,  0.05038253, -0.29316655, -0.13342239, -0.11326878,
        0.05275431, -0.14373289,  0.0901334 ,  0.07158472,  0.06196902,
       -0.01050363,  0.09045345,  0.1864233 , -0.04086557], dtype=float32), np.int64(105844): array([-0.32659885, -0.07398256,  0.16418123, -0.04952806, -0.15452446,
       -0.2564332 , -0.00474171, -0.11272009, -0.08210187, -0.16425054,
       -0.13051826,  0.06565678,  0.00351639, -0.00309772,  0.07267554,
        0.25104555,  0.18442515, -0.04626611, -0.0264386 ,  0.06110977,
       -0.00660278, -0.05494387, -0.0719383 , -0.02725103, -0.04228751,
        0.01498676, -0.01589636,  0.13262385,  0.14268208,  0.10910258,
       -0.04682573, -0.0374622 ,  0.03588509,  0.03255538,  0.10790221,
        0.14457522, -0.10238052,  0.00700059,  0.14382489, -0.20215301,
       -0.12334882,  0.17177805,  0.27253374, -0.03641998,  0.09495769,
        0.17378539,  0.01070354, -0.26218832,  0.01771233, -0.04362973,
        0.06900033,  0.16925274,  0.03329058, -0.26731652,  0.03436179,
       -0.02796035,  0.05829369, -0.15995637,  0.09127482,  0.16101325,
        0.03546072, -0.12629601, -0.03306101,  0.01860937], dtype=float32), np.int64(65): array([-0.30111277,  0.18310796, -0.0390229 ,  0.5618063 , -0.05537286,
        0.31914735, -0.1742078 ,  0.27564463,  0.06080177, -0.11868529,
        0.21487388,  0.0243753 ,  0.12859169,  0.2467668 , -0.07706865,
        0.06079898,  0.16915132, -0.0183643 ,  0.04399995, -0.02420729,
       -0.00826167, -0.00509181, -0.10142963, -0.03075242,  0.04340734,
       -0.01229881, -0.04058313,  0.01936872,  0.0039864 ,  0.13994981,
        0.0755756 , -0.05584277, -0.04764595, -0.01467863,  0.06552526,
       -0.01558356,  0.07640465,  0.10049651, -0.05272854, -0.05111514,
       -0.09267657,  0.04769014,  0.03497872,  0.01244065, -0.02273766,
        0.08310212,  0.12076005, -0.00413145, -0.03537087, -0.04307232,
        0.09034051, -0.00448657,  0.03398788,  0.01375432,  0.00999379,
        0.04819446,  0.0490723 , -0.1218594 , -0.00571771, -0.04841672,
       -0.04778729,  0.0441691 ,  0.12675111, -0.0538024 ], dtype=float32), np.int64(17176): array([-0.37219238,  0.3371239 , -0.02772134,  0.44741628,  0.02682975,
        0.07345747, -0.09783324,  0.12942393, -0.05870589, -0.03265655,
       -0.02333773, -0.01693431,  0.04388072, -0.26565522,  0.04610711,
       -0.1506188 , -0.20473719,  0.09810964,  0.07808483,  0.09188394,
        0.03297816, -0.0522877 ,  0.14546989,  0.06661235, -0.07331776,
       -0.2591692 ,  0.1146317 ,  0.07663631,  0.10088625, -0.06260144,
       -0.04207709,  0.06811029, -0.10311502,  0.09663829,  0.10442278,
        0.08481206,  0.04916211,  0.04438123,  0.08591177,  0.16818322,
        0.03302381, -0.18856198, -0.07929062, -0.01663234,  0.11904858,
       -0.01986846, -0.01928858, -0.06731434,  0.02241411,  0.14744261,
       -0.0275194 , -0.07828652,  0.01891082, -0.04834889, -0.09510539,
       -0.05794191,  0.02453815, -0.03519743,  0.01422332, -0.0754062 ,
        0.0892152 , -0.03513515,  0.04326187, -0.01971962], dtype=float32), np.int64(17332): array([-1.87886655e-01, -2.21989885e-01,  1.44803166e-01, -7.79190008e-03,
        8.18464458e-01, -1.77306294e-01, -3.31284821e-01, -4.37289923e-02,
        8.04841816e-02, -1.58774719e-01, -2.48558093e-02, -3.96992825e-02,
       -4.67639677e-02, -1.02131650e-01,  7.89621621e-02,  1.24089606e-01,
        5.87653480e-02,  7.28548877e-03,  2.75018830e-02,  6.47995621e-03,
       -1.25765288e-02, -3.04394937e-03,  1.47877382e-02, -1.01800924e-02,
       -3.20799947e-02,  6.71859365e-04, -1.49276201e-02, -2.81876884e-02,
       -3.25385045e-04, -9.95196681e-03,  5.66182286e-03,  1.11929020e-02,
        2.53605433e-02,  9.63198766e-03,  1.08480330e-04, -3.37435538e-03,
        7.92039838e-03,  2.91943201e-03,  4.89188079e-03,  2.13216059e-03,
        3.25195305e-02,  2.90416572e-02,  5.91707707e-04, -4.34280606e-03,
        4.85276952e-02,  1.20342271e-02, -1.05329659e-02, -8.08262359e-03,
       -1.13213230e-02, -3.80223175e-03,  1.25234947e-02,  1.95164152e-03,
        2.07176781e-03, -1.27235483e-02,  2.54369760e-03,  2.00265646e-03,
        1.51703274e-03,  2.60450155e-03, -2.45643430e-03,  1.53878541e-03,
       -1.82858855e-03,  2.10677390e-03,  1.09372232e-02, -1.04401708e-02],
      dtype=float32), np.int64(32072): array([-0.3940368 ,  0.10683691,  0.15392515, -0.3459899 , -0.07554691,
        0.00634849, -0.06628074,  0.10994283,  0.03796182,  0.01093613,
       -0.00464431,  0.0771715 , -0.0724244 ,  0.15433568,  0.04335935,
        0.06286145,  0.03019937,  0.18432526,  0.02052918, -0.07522025,
       -0.05135324, -0.12050593,  0.18236578, -0.13476151, -0.12481881,
       -0.04414975, -0.08335938,  0.06536046,  0.01108541,  0.00070092,
       -0.14815032, -0.00297342,  0.03289192,  0.07063412,  0.17417389,
        0.20996825, -0.05968884, -0.04619186,  0.20252745, -0.15411983,
       -0.16964093, -0.07758906,  0.20229162, -0.09768452,  0.05460761,
       -0.10820308,  0.03026564, -0.10570256,  0.02619792, -0.08468138,
       -0.11016624, -0.05638009, -0.06986057,  0.05690113,  0.16631676,
        0.13400722, -0.00519754,  0.04928849,  0.1545832 , -0.07778091,
        0.08910146, -0.14922525, -0.24781162,  0.03081771], dtype=float32), np.int64(34315): array([-0.16472882,  0.04336907,  0.02087947,  0.16294378,  0.11419008,
        0.03971026, -0.14671962,  0.12547132, -0.20136516,  0.1744974 ,
       -0.16173647, -0.04021092, -0.13848576, -0.20640875, -0.15874776,
       -0.02961291, -0.01674093,  0.13612711,  0.01406359,  0.03140771,
       -0.02868253, -0.14148553, -0.14435051, -0.01429078,  0.01550303,
       -0.06458952,  0.01101384,  0.01421216,  0.01093691, -0.10085805,
       -0.00379294,  0.09614493, -0.05026014,  0.01831383,  0.09625251,
       -0.00884572,  0.03639438, -0.15607421,  0.1054087 ,  0.3438821 ,
        0.25784427, -0.05729856,  0.45054793,  0.0115048 , -0.06127615,
        0.1662862 , -0.10805927,  0.04031884,  0.05198828,  0.14161685,
       -0.18047711,  0.04692555, -0.05525385, -0.14574061,  0.05549761,
       -0.02846468,  0.05882875, -0.05664825,  0.07255486,  0.06301343,
       -0.04877334,  0.007469  ,  0.05169377,  0.16653088], dtype=float32), np.int64(73704): array([-0.41093507, -0.322658  ,  0.2555047 ,  0.01353153, -0.17460184,
       -0.09411654, -0.20095675,  0.14746125,  0.0542305 , -0.17457089,
       -0.1132391 , -0.06472518, -0.03088129,  0.04586866,  0.15447217,
       -0.12236417, -0.27296042,  0.00296011, -0.08943859,  0.23560661,
        0.1331918 , -0.03780913, -0.08158747, -0.04321214, -0.00153739,
       -0.00382913,  0.13713856, -0.24151094, -0.05345877, -0.01911304,
       -0.15562765, -0.08721212, -0.07970548, -0.01918454,  0.09409764,
        0.06201575, -0.00676912, -0.05684213, -0.03221673,  0.01950695,
       -0.00542345,  0.08551065,  0.04411025,  0.02438022,  0.00323809,
        0.00479504, -0.09942687, -0.0108702 , -0.12302987,  0.00752345,
        0.01287265,  0.1992244 ,  0.11672903, -0.11119404, -0.08903755,
        0.04105647,  0.03889613, -0.0470171 , -0.04979129, -0.08099184,
        0.00507522, -0.00919546,  0.19913904, -0.05127531], dtype=float32), np.int64(92479): array([-0.30895916, -0.22771877, -0.12139537,  0.07619898, -0.19322047,
        0.23192866,  0.13566282, -0.38080612, -0.11381182, -0.24375853,
       -0.10350263,  0.33141512, -0.02042046, -0.15190898, -0.14294963,
        0.0290081 , -0.07003751, -0.13826373, -0.04453788, -0.03492038,
        0.03551636,  0.02594197, -0.01165057, -0.06786415, -0.00508433,
       -0.06878649, -0.00456655, -0.08398282, -0.04129181,  0.01685941,
        0.09646473, -0.04266346, -0.20013939,  0.24232604, -0.39016956,
       -0.01845137,  0.06920464, -0.01943754,  0.05500638, -0.02528236,
       -0.02221244,  0.02689121,  0.04853823, -0.02997038,  0.0007603 ,
        0.0113226 ,  0.05608623,  0.04515962, -0.03092415, -0.00336099,
       -0.00798728, -0.02900686, -0.01414411, -0.04094848, -0.04660281,
       -0.03346997,  0.01256489,  0.0438385 , -0.03057183, -0.00958053,
        0.01997256, -0.00881516, -0.00287631, -0.02159102], dtype=float32), np.int64(28778): array([-0.36916998, -0.1630079 ,  0.01883361, -0.01467743, -0.10711848,
       -0.12366245, -0.06688125,  0.06829917,  0.07615771, -0.14245036,
       -0.01024983,  0.03897475, -0.28378248, -0.04304568,  0.09102776,
       -0.02789754, -0.16092533, -0.2578014 , -0.03690381,  0.14196225,
        0.11808968, -0.00294194,  0.04058548, -0.08761638, -0.25202933,
        0.00174471, -0.01495404, -0.05412886, -0.04388923,  0.02724083,
       -0.00738966,  0.06317397, -0.00369359, -0.02289114,  0.0460044 ,
       -0.0144283 , -0.07282115, -0.0479646 , -0.03815091, -0.06027994,
       -0.0125619 ,  0.19412301,  0.05126451,  0.11649059, -0.10840908,
       -0.09855792, -0.08175786,  0.03733981, -0.14986041, -0.07291696,
       -0.0041678 ,  0.09549423, -0.10121338, -0.29326314, -0.09091984,
        0.12618253,  0.13051613,  0.31804526, -0.12473243,  0.17416914,
        0.12032501, -0.18553096, -0.02932105, -0.02517925], dtype=float32), np.int64(52617): array([-0.17602783, -0.0296884 ,  0.11587714, -0.03165995, -0.1837646 ,
       -0.16667598, -0.05628591,  0.13523671, -0.02602463, -0.13256878,
       -0.14352526, -0.06097813, -0.04305032,  0.01639809, -0.58373237,
       -0.05856249, -0.01383944, -0.06200781, -0.05249009,  0.21990636,
        0.13656254, -0.04169384, -0.05018533, -0.1463156 , -0.21743977,
       -0.08283326, -0.09165675, -0.05128298,  0.11946194, -0.01560225,
        0.01492691, -0.08702775,  0.02778076,  0.05570444, -0.0092867 ,
        0.04440331, -0.0184719 ,  0.08755052,  0.03805228,  0.03408024,
        0.10896509, -0.04036876,  0.03806685,  0.00902396, -0.05353341,
       -0.05753011, -0.1995402 , -0.17680961, -0.02412749, -0.1627104 ,
       -0.18142581, -0.20222156,  0.12999465,  0.03933958, -0.03706026,
       -0.04253285, -0.01804859, -0.09996618,  0.02059417, -0.00341289,
        0.1329435 , -0.03810807,  0.05742358, -0.17428127], dtype=float32), np.int64(84588): array([-0.3133231 ,  0.03544215,  0.10409768,  0.46718675, -0.17342655,
        0.28403074, -0.15329741,  0.12016794, -0.07278554, -0.00929443,
       -0.23103622, -0.12755828, -0.04159503,  0.04430389,  0.01903259,
        0.01119718,  0.07764851, -0.1629146 , -0.01958782,  0.00147462,
        0.00423035, -0.01860804, -0.01482174, -0.04516319, -0.01682336,
        0.04121836,  0.00669878, -0.01923905, -0.00998206, -0.06229493,
        0.02964246, -0.02848709,  0.01090408, -0.03147076, -0.02369591,
        0.04402684,  0.06233557,  0.07569226,  0.06480131,  0.02687168,
        0.03360992,  0.0171549 , -0.12394103, -0.0407929 , -0.01522474,
        0.07656375,  0.17251962,  0.02550304,  0.02875224,  0.19991675,
       -0.18215473, -0.11923568,  0.07647596,  0.05663253,  0.08432825,
       -0.08274298, -0.1198689 ,  0.09504882, -0.16660647,  0.03886621,
        0.05483723, -0.09759718, -0.16215356,  0.3523031 ], dtype=float32), np.int64(17897): array([-0.2354112 , -0.15644327,  0.16917185,  0.00264646,  0.19026561,
       -0.07232513,  0.08317911,  0.11987381, -0.15855786,  0.14596093,
        0.11983191,  0.15620476,  0.06229876,  0.00673192,  0.21545865,
        0.14666283, -0.21075004,  0.05105786, -0.03793259, -0.00272903,
       -0.01667958, -0.01918734, -0.04609061, -0.07554042,  0.01903281,
        0.04647564, -0.05964963,  0.16572952,  0.05271504,  0.0861098 ,
       -0.12424754, -0.00446179, -0.10420185,  0.05357313,  0.03835456,
       -0.16260515, -0.01021603, -0.17769821, -0.15778397,  0.02138967,
        0.10905999,  0.16867737, -0.09235084,  0.42361346,  0.00686885,
       -0.3410172 , -0.08317108,  0.05267096, -0.04854693,  0.02140922,
       -0.08177057,  0.19492875,  0.09317412,  0.09280415, -0.02276821,
       -0.10756965, -0.09970789,  0.00208458, -0.05687711, -0.06017888,
       -0.01842717, -0.06841683, -0.00342112, -0.0617048 ], dtype=float32), np.int64(91839): array([-0.256221  ,  0.22109088, -0.03179651,  0.49773332,  0.1038172 ,
        0.22632518, -0.11080734,  0.14110221,  0.17762193, -0.1953936 ,
        0.21959412,  0.0169263 ,  0.06171431,  0.1216943 ,  0.08651505,
       -0.03647624,  0.12432249,  0.07221676, -0.02271403,  0.00365767,
       -0.03413089, -0.08204614,  0.15297277,  0.01833427,  0.01100196,
       -0.05260934,  0.07120593,  0.08360443,  0.01403899,  0.03550977,
       -0.0263719 , -0.01655578, -0.07432986,  0.20585847,  0.13531372,
        0.06799434, -0.11410116,  0.0798327 , -0.0462402 ,  0.2739303 ,
       -0.21756124,  0.06050972,  0.11705954,  0.03952129,  0.02146133,
        0.080028  ,  0.17712606, -0.05235253, -0.01047513,  0.01065135,
        0.13145344,  0.04229759, -0.00680394,  0.05224394, -0.09045893,
       -0.01853309, -0.01250313,  0.03544005,  0.01872417, -0.07787222,
       -0.01662936,  0.08807828, -0.04505649, -0.05935121], dtype=float32), np.int64(96024): array([-0.19496709,  0.21918274, -0.16528076,  0.26181147,  0.01529644,
        0.1269075 , -0.09347394,  0.2125926 ,  0.14032486, -0.07448651,
       -0.01190766,  0.1524219 , -0.12069011, -0.07519372, -0.09306479,
       -0.10604817,  0.01259689,  0.3194849 ,  0.16826732, -0.00776834,
        0.00648476,  0.02106709,  0.19982603,  0.06920929, -0.03834402,
       -0.00473766,  0.18696088,  0.14568137,  0.12296135,  0.01476843,
        0.07024782, -0.02065484, -0.16004181,  0.05594797,  0.21621223,
        0.03807163,  0.1001711 ,  0.15120125, -0.038565  ,  0.07215866,
       -0.22700773, -0.1025527 ,  0.24744922,  0.09851799,  0.12534228,
        0.09064444,  0.1299164 ,  0.1409829 , -0.08805615,  0.0631968 ,
        0.07820699,  0.12369701, -0.07789354, -0.07710325,  0.02237002,
        0.03481415,  0.03384604,  0.02282528, -0.04769434,  0.07863156,
       -0.05178595,  0.01689448,  0.04906427, -0.17973343], dtype=float32), np.int64(17485): array([-0.30407977,  0.18368745,  0.05843257, -0.5422149 ,  0.06424839,
        0.41255254, -0.05155433,  0.07661697,  0.00819685,  0.00771092,
        0.02551559, -0.10294399, -0.04516678, -0.03192443,  0.05782707,
       -0.01510748, -0.05865659, -0.07875244, -0.1362398 ,  0.05905301,
        0.04820961,  0.00783525,  0.10455845,  0.09587239,  0.10351317,
        0.16231844, -0.22100417, -0.15563071,  0.15606558,  0.1052973 ,
        0.1675604 ,  0.02284118, -0.13545533,  0.00787906,  0.06901061,
        0.09343455, -0.03067795,  0.04893367, -0.19216903,  0.06451999,
       -0.08413015,  0.02693415,  0.01319557, -0.08804434,  0.06197758,
        0.01528713,  0.00991247,  0.00691508, -0.03713364, -0.02479522,
       -0.03265997,  0.06269094, -0.0209556 , -0.05110513, -0.14538535,
        0.01603378, -0.04629132, -0.02125171, -0.03662064,  0.03955593,
        0.07830711,  0.01481098, -0.06691048, -0.05574738], dtype=float32), np.int64(28571): array([-0.10058331, -0.01145908,  0.03575781, -0.15271309, -0.07870989,
        0.18806258, -0.13565455,  0.13033715,  0.06172505, -0.09679091,
       -0.22251235,  0.27160382,  0.0980928 , -0.14589834, -0.29269028,
        0.02856124,  0.02316007, -0.07857309, -0.03420512, -0.07665066,
       -0.00409984,  0.02980386, -0.07725494, -0.09648111, -0.0893765 ,
       -0.09689096,  0.14568914,  0.14929973, -0.11795468, -0.02341046,
       -0.14906482, -0.03117627,  0.1403694 , -0.00994903, -0.04473644,
        0.16653384,  0.07983923,  0.04027848, -0.12560946,  0.07992958,
       -0.09927463, -0.04538627,  0.02460878, -0.07251246,  0.03551393,
       -0.05367768, -0.05377966,  0.02478202,  0.08781356,  0.09306006,
       -0.16990478, -0.08132585, -0.09081869,  0.00728684,  0.4056332 ,
        0.17930205, -0.14022711,  0.11903236,  0.2131453 , -0.07381941,
        0.09577614, -0.20406942,  0.08176813,  0.04098193], dtype=float32), np.int64(33100): array([-0.36419383, -0.17534997,  0.25136754, -0.01386454, -0.12797226,
       -0.22155565, -0.04859679, -0.02632503,  0.08297919, -0.12223306,
       -0.13104878, -0.00066276, -0.03895278,  0.11885092, -0.09168219,
       -0.06591326,  0.09402551, -0.12646846, -0.01094802,  0.25086838,
        0.09761833, -0.14828387, -0.12055429,  0.194465  , -0.01950333,
       -0.01497289,  0.06672871,  0.01962385,  0.1038514 ,  0.13156185,
       -0.16498849,  0.09442161, -0.03096166,  0.12738042,  0.11046969,
        0.00288771,  0.00710673,  0.02875944,  0.07316395, -0.02367985,
       -0.01852597,  0.1105618 , -0.02510656,  0.05110518,  0.03733769,
        0.15258978,  0.15653606, -0.05113146,  0.01452724, -0.0597056 ,
       -0.05040453,  0.20876658,  0.1100463 ,  0.05413096, -0.00045996,
        0.2712054 ,  0.13152134, -0.05998487, -0.12298057, -0.13960521,
        0.16731457,  0.19395776,  0.08082008,  0.16110343], dtype=float32), np.int64(42093): array([-0.0369788 ,  0.09366687,  0.00907026,  0.12483522,  0.02441818,
        0.05732721, -0.02510861,  0.03667576,  0.02461578, -0.0589839 ,
        0.06924856, -0.02186594,  0.09331062,  0.03401074,  0.00824981,
       -0.00890103, -0.05116137, -0.08298966, -0.01072679,  0.01041603,
       -0.01534207, -0.02408075, -0.08342635,  0.03462484,  0.0401251 ,
        0.02840326, -0.01837891, -0.00404059, -0.02125549,  0.09956016,
        0.05695649, -0.11811475,  0.18087824, -0.08568941, -0.15575185,
       -0.10800042, -0.2326369 , -0.03003239, -0.141878  , -0.45745036,
        0.20230749, -0.20246692, -0.0553566 , -0.09226388,  0.04387869,
        0.32278615,  0.02904935, -0.00458627, -0.15886427, -0.121527  ,
       -0.17004895,  0.01405418, -0.02158795,  0.10738292,  0.17929451,
       -0.0114826 , -0.09248405, -0.15775566, -0.00627916, -0.14987133,
       -0.23461284, -0.29999286,  0.14308716, -0.06487805], dtype=float32), np.int64(42280): array([-0.28643593,  0.2376398 , -0.04825717,  0.53849363, -0.0479311 ,
        0.2448881 , -0.10901045,  0.15012915,  0.05089583, -0.2858419 ,
        0.18073751, -0.07665048,  0.2546007 ,  0.06030563, -0.00746688,
        0.00861395,  0.00931743, -0.06511042, -0.04228514,  0.07472589,
       -0.15429708, -0.08751888, -0.06191368, -0.02597731,  0.00685593,
       -0.02875985,  0.04858813,  0.02444185, -0.08167414,  0.1285888 ,
        0.04597758, -0.0612597 ,  0.03901482, -0.06862651, -0.07791921,
       -0.01625838, -0.04111287,  0.0690566 , -0.03036839, -0.14534709,
        0.01530797, -0.06610052,  0.0018546 , -0.11225834, -0.01487369,
        0.12456674,  0.02258665, -0.09432749,  0.12022026, -0.13102007,
       -0.07596975,  0.20751864,  0.0260208 , -0.00688191,  0.04276844,
        0.06952503,  0.01265686, -0.07336468, -0.05434276, -0.1172903 ,
       -0.04238814,  0.06534354, -0.0276926 , -0.011262  ], dtype=float32), np.int64(45299): array([-1.94085259e-02,  3.23796421e-02,  9.76573583e-03, -1.06495304e-03,
        9.88386478e-03, -2.64063738e-02,  6.53926888e-03, -2.97633260e-02,
        2.56279600e-03,  7.98565429e-03,  1.51638770e-02, -2.89180229e-04,
        1.01084858e-02, -4.81446870e-02,  3.04578757e-03,  8.96538049e-03,
        2.46410142e-03,  2.12610271e-02,  9.52266064e-03, -1.87234078e-02,
        1.83427185e-02,  3.00689731e-02, -1.29775088e-02, -3.68217044e-02,
        1.84397399e-02,  2.27286164e-02, -4.20760028e-02, -5.09942546e-02,
       -2.06413403e-01,  2.79215649e-02, -1.17079625e-02,  9.20689180e-02,
       -4.82990174e-03,  5.60377240e-02,  1.46499695e-02,  6.64573386e-02,
       -6.72109202e-02, -3.30052637e-02,  5.15339039e-02,  3.54092233e-02,
       -4.02970612e-01, -3.90273869e-01, -1.50080159e-01,  5.60608506e-01,
       -3.35251242e-01,  3.08230162e-01, -9.00419056e-02, -4.53088917e-02,
        4.49871607e-02,  1.91424415e-02, -6.69592293e-03, -2.86796335e-02,
       -8.20965767e-02, -8.00418109e-03, -9.26002860e-02,  4.29938175e-03,
        1.06456995e-01, -4.91021462e-02, -2.59203184e-02,  2.95527298e-02,
       -6.88405186e-02, -2.63729319e-02,  5.31872995e-02,  6.68572709e-02],
      dtype=float32), np.int64(88247): array([-2.27110445e-01,  2.58995473e-01,  2.77457014e-02,  4.36549038e-01,
       -8.07408057e-03,  1.54585972e-01, -2.15589218e-02,  2.26715565e-01,
        8.29092413e-02, -2.19962716e-01,  1.61291122e-01, -5.53323925e-02,
        1.09470956e-01, -1.70433655e-01, -2.00769454e-02, -1.14157967e-01,
       -6.41667023e-02,  6.06673546e-02,  5.64850383e-02,  5.97460344e-02,
       -5.08515947e-02, -1.65621459e-01, -1.56170689e-04,  5.70436157e-02,
       -1.24669764e-02, -1.80257842e-01,  1.90352365e-01,  1.26050040e-01,
        8.56647789e-02,  7.30484799e-02,  4.50438708e-02, -1.05450243e-01,
       -2.77296174e-02, -9.87250134e-02, -5.36945574e-02,  9.77642927e-03,
        5.79951666e-02,  6.38825297e-02,  3.93579938e-02, -2.50696158e-03,
        7.63501525e-02, -1.12775579e-01,  1.26028970e-01,  1.29417956e-01,
        3.50272134e-02, -1.44631788e-01, -1.62856996e-01, -4.22831997e-02,
        1.54943451e-01,  1.03092477e-01, -7.31177675e-03,  1.25868559e-01,
       -2.26751566e-01, -1.33893579e-01, -4.03163955e-02, -6.47543818e-02,
       -6.80438578e-02, -1.26872845e-02,  1.98949933e-01,  9.88709852e-02,
        2.29584128e-02,  1.01349287e-01, -4.52309288e-02,  1.14661930e-02],
      dtype=float32), np.int64(92283): array([-0.16772337,  0.03550278,  0.00142522,  0.31269896, -0.13753231,
        0.23423184, -0.29942402, -0.0662872 ,  0.12952307, -0.06749518,
       -0.04856756,  0.19228244,  0.11341839,  0.14829296, -0.18184695,
        0.15091111,  0.08752461, -0.15141849, -0.10793449, -0.0249726 ,
       -0.02564807, -0.02032996,  0.00212127, -0.09168532,  0.0372084 ,
        0.07014951, -0.0939626 , -0.10400858,  0.04305328, -0.18457802,
        0.01556894,  0.05650869, -0.06232101,  0.00888582,  0.01993965,
        0.06808162,  0.16860092, -0.04806665,  0.01313457,  0.24592532,
       -0.03625428,  0.01822112, -0.04334529, -0.03143544, -0.03625346,
       -0.00628875,  0.23222035, -0.1615194 , -0.05641721, -0.04400736,
       -0.05245701,  0.00645953, -0.04785127,  0.03880784, -0.09337214,
       -0.00882329, -0.07651751,  0.06636893,  0.29775858,  0.04477913,
        0.29107487, -0.03817936,  0.20228858, -0.0344128 ], dtype=float32), np.int64(94408): array([-4.00225222e-01, -3.41374576e-01,  1.67400599e-01,  7.03210682e-02,
       -3.83189358e-02,  4.09359820e-02, -9.82033908e-02,  1.84593126e-02,
        1.17137469e-01, -1.68642715e-01, -2.68503334e-02, -1.18364535e-01,
       -1.52541175e-01, -8.94391164e-02, -2.24557549e-01, -2.81083524e-01,
        1.29597008e-01, -3.18964608e-02,  2.46300857e-04,  1.48747802e-01,
        1.52189493e-01,  1.60711538e-02,  5.09532057e-02, -1.72933280e-01,
       -1.59807280e-01,  6.85331598e-02, -5.81218526e-02, -8.35343674e-02,
        2.82258745e-02, -8.01889673e-02, -1.36546046e-01, -2.07034022e-01,
        2.84730852e-01,  3.42108876e-01,  1.08838357e-01, -9.14236084e-02,
        3.89340520e-02,  4.45349030e-02,  2.08433773e-02,  7.87180755e-03,
       -3.53912599e-02, -1.25737004e-02,  2.86764768e-03, -2.62198038e-02,
        4.36268486e-02,  2.77919453e-02, -1.35353180e-02, -3.96055654e-02,
        4.13871482e-02,  9.16793421e-02,  2.55445689e-02, -1.75743047e-02,
        4.89600003e-02,  9.15615931e-02,  1.56410597e-02, -3.00807133e-02,
        3.82798898e-04, -2.48933714e-02, -7.77865294e-04, -9.07663628e-03,
        5.00527024e-03,  2.64171101e-02,  3.33388671e-02,  3.76932556e-03],
      dtype=float32), np.int64(100915): array([0., 0., 0., 0., 0., 0., 0., 0., 0., 0., 0., 0., 0., 0., 0., 0., 0.,
       0., 0., 0., 0., 0., 0., 0., 0., 0., 0., 0., 0., 0., 0., 0., 0., 0.,
       0., 0., 0., 0., 0., 0., 0., 0., 0., 0., 0., 0., 0., 0., 0., 0., 0.,
       0., 0., 0., 0., 0., 0., 0., 0., 0., 0., 0., 0., 0.])}
