{
    "train_loss_history": [
        0.4183630934227432,
        0.383229165523147
    ],
    "val_loss_history": [
        0.4732020123989446,
        0.39491440711660636
    ],
    "new_val_loss_history": [
        0.4724800401304966,
        0.39379031068615
    ],
    "train_acc_history": [
        0.6124718653611476,
        0.6351228250729201
    ],
    "val_acc_history": [
        0.5403576976345573,
        0.5958848307239256
    ],
    "new_val_acc_history": [
        0.5406943588382905,
        0.5962134928762635
    ],
    "train_pairwise_acc_history": [
        0.8385686568027041,
        0.8522874478270859
    ],
    "val_pairwise_acc_history": [
        0.8031069426029599,
        0.8448013401545802
    ],
    "new_val_pairwise_acc_history": [
        0.8032020500992912,
        0.8454273706461372
    ]
}