{
    "train_loss_history": [
        0.423876988892176,
        0.38094969993575156,
        0.30915438308104853,
        0.2913341898293722,
        0.280315413156677,
        0.27546714037056935,
        0.26756818671918814,
        0.2642716848139208,
        0.26205659821212557,
        0.2574604331978876,
        0.2550507937509989,
        0.2505753981237559,
        0.25028462074130087,
        0.2473267959755428,
        0.2453509687894574,
        0.24172965638343177,
        0.23932696206272966,
        0.23826341858434513,
        0.23610532072372278,
        0.2351857215809834,
        0.23370231062203103,
        0.23361705607521108,
        0.23269008786934642,
        0.23046135492019346,
        0.22833647803898588,
        0.22810162885857962,
        0.22664896185177474,
        0.224737054923029,
        0.2256731139674278
    ],
    "val_loss_history": [
        0.46718918041933116,
        0.4117933311980384,
        0.379444030703308,
        0.3476461405838583,
        0.35055899128708157,
        0.34172966277287076,
        0.355877911778187,
        0.33842506742991724,
        0.34363280105847976,
        0.33381002700567614,
        0.3352281296473622,
        0.3351745034219304,
        0.3321377930270138,
        0.33340567189666265,
        0.32704495974975667,
        0.3328582564101932,
        0.31786756855772896,
        0.325550625614466,
        0.31822056785937636,
        0.32148718209406263,
        0.32099293525946343,
        0.3221832346429443,
        0.31979407579028185,
        0.312724302633334,
        0.32030939800989094,
        0.324015828053279,
        0.31880112093383983,
        0.32250085027632985,
        0.3161264173514303
    ],
    "new_val_loss_history": [
        0.4666874947295775,
        0.4109070873464433,
        0.378316194189837,
        0.3468185360101667,
        0.34959589670271746,
        0.3408331857591543,
        0.3555985519062861,
        0.33784861489551066,
        0.34289280646140247,
        0.3329739046875463,
        0.33435396412112295,
        0.3342865328673812,
        0.33112994920966415,
        0.33230223125469627,
        0.3256871328105452,
        0.331357181813817,
        0.31709114078600337,
        0.32428195942801596,
        0.316773225971922,
        0.32006707444532106,
        0.32000006450279317,
        0.3210559395572075,
        0.31882735692880015,
        0.31176927080884875,
        0.3194068827395491,
        0.32321449405112496,
        0.3177376226818951,
        0.3216905571161125,
        0.31504705179812936
    ],
    "train_acc_history": [
        0.6097228553403986,
        0.6376769806920868,
        0.675632982290312,
        0.688834333308608,
        0.698214541390999,
        0.7006164874641931,
        0.7101491029553982,
        0.7129680614700842,
        0.7145960689410311,
        0.7186288837422093,
        0.7204985910323419,
        0.7254336138068899,
        0.7251192868545937,
        0.7281758055186003,
        0.7310878765249463,
        0.7346844719389108,
        0.7376991067087176,
        0.7383058598126977,
        0.7408211602261093,
        0.7416714242584985,
        0.7433569459688096,
        0.7431172399059721,
        0.7439256809655509,
        0.7454119955258564,
        0.7484579518781203,
        0.749405528964163,
        0.7510849933561063,
        0.7537197662909708,
        0.7531169093468637
    ],
    "val_acc_history": [
        0.5442740570047787,
        0.5843384367842888,
        0.595900696029281,
        0.6260348666797985,
        0.6193752442192407,
        0.6299503203165733,
        0.6166435807070857,
        0.6327882199698861,
        0.6274700762678185,
        0.6378674202229834,
        0.6358623166664723,
        0.6367021250798265,
        0.64077170273556,
        0.6371355717097666,
        0.6467800010885406,
        0.6403434568634386,
        0.6561369853688315,
        0.648955649146681,
        0.6566401166247293,
        0.6526784987772926,
        0.6553010045104475,
        0.6525250174598811,
        0.656105985259422,
        0.6628306173763951,
        0.6544886316834319,
        0.6541312390189326,
        0.6578230009240619,
        0.6544228915257153,
        0.6618850111777683
    ],
    "new_val_acc_history": [
        0.5443751861111001,
        0.5849777084672433,
        0.5971851759527927,
        0.6272671527662321,
        0.6205089951562659,
        0.6301160228567583,
        0.6184893678728938,
        0.633327327193591,
        0.6282847217786739,
        0.6382126278862427,
        0.6376561155400788,
        0.6383067909888865,
        0.6419326197674634,
        0.6383389111254857,
        0.6473293224723305,
        0.6414864275540757,
        0.656451316402637,
        0.650124809697479,
        0.6575174857261207,
        0.6528852685799309,
        0.6561020016670227,
        0.6528768023102317,
        0.6559440506561363,
        0.6631041302651306,
        0.6547810038548791,
        0.6536388965453923,
        0.6578644092309159,
        0.6547749288159989,
        0.6629388117308194
    ],
    "train_pairwise_acc_history": [
        0.8355487955511933,
        0.8537611177170107,
        0.8838137041193981,
        0.8901145405259037,
        0.8944588910438994,
        0.8956000347259176,
        0.8994204499116409,
        0.900771263509506,
        0.9015730133112821,
        0.9035188600779399,
        0.9045655256869691,
        0.9064823942086131,
        0.9064129970210641,
        0.9077771389431736,
        0.9088798516160668,
        0.91053054481379,
        0.9116986939646066,
        0.9120046747450625,
        0.9128815116809756,
        0.9132343109881813,
        0.9137337987892289,
        0.9138380924626548,
        0.9143737743868802,
        0.9151055689939519,
        0.9164455588038317,
        0.916402889690858,
        0.9171287889391637,
        0.91819630839044,
        0.9178276411387987
    ],
    "val_pairwise_acc_history": [
        0.8053870745726469,
        0.8378026101548793,
        0.845124605256714,
        0.8620262207529394,
        0.8579882459574377,
        0.863043153506398,
        0.8557090786829568,
        0.8647193003141641,
        0.8619753807461684,
        0.86707837050795,
        0.8653642312955048,
        0.8660169870166455,
        0.8680433783398939,
        0.8655819149891658,
        0.8711028820009922,
        0.8668760845584017,
        0.8760434158594105,
        0.8724614550777136,
        0.8762278501719283,
        0.8737077419122306,
        0.8743146307112072,
        0.8725895274585495,
        0.8751176783961397,
        0.8782503737139592,
        0.873797370491116,
        0.873675624284612,
        0.8757513368441989,
        0.8735046191097959,
        0.8773305609891153
    ],
    "new_val_pairwise_acc_history": [
        0.8052400954959923,
        0.8382515335342562,
        0.8455582674517417,
        0.8622871019050455,
        0.8584827838196168,
        0.8635724511339357,
        0.8562400084261205,
        0.8647904699178728,
        0.8621240056135792,
        0.8672703005848554,
        0.8661138344886329,
        0.8667609562770019,
        0.8682676928225053,
        0.865996171860821,
        0.8715216384890662,
        0.8673488875940836,
        0.8762718415000761,
        0.8726710361047629,
        0.8764709092410133,
        0.8738822705267376,
        0.8744786190764159,
        0.8728915350989643,
        0.8751858185461112,
        0.8782541910374703,
        0.8739057434476553,
        0.8735618318777247,
        0.875710223084475,
        0.8735352308716782,
        0.8778961125651192
    ]
}