{
    "train_loss_history": [
        0.4183630934227432,
        0.383229165523147,
        0.2999737558481327,
        0.28568634591268804,
        0.27728563715750876,
        0.2698224619923413,
        0.2672237908658761,
        0.2621889282264836,
        0.25653290823943253,
        0.25321308144120885,
        0.25032697379896324,
        0.24611337728355817,
        0.24316217287987194,
        0.23967294259637842,
        0.23832057294274406,
        0.2386919343528586,
        0.2348987401980188,
        0.23839217459871656,
        0.23104281978069946,
        0.23156918601759754,
        0.2268401559809873,
        0.22660250920449393,
        0.22689112603561984,
        0.22825988509752146,
        0.22712346127601482,
        0.22231874097765925
    ],
    "val_loss_history": [
        0.4732020123989446,
        0.39491440711660636,
        0.3560465079702104,
        0.35644774334089047,
        0.34786860018004256,
        0.34295028296567626,
        0.3404213953734546,
        0.3414657259667048,
        0.3375270138444445,
        0.3351407057515278,
        0.3220516865260796,
        0.3292433851856296,
        0.32863645515015755,
        0.32907518854677587,
        0.3058398508097982,
        0.31537339959196026,
        0.299523026623601,
        0.3107580878701526,
        0.32259833165236357,
        0.31144326516586385,
        0.2977221590482583,
        0.31080334067620186,
        0.3008190098409476,
        0.31699250709661536,
        0.3023895633927846,
        0.3174298949114898
    ],
    "new_val_loss_history": [
        0.4724800401304966,
        0.39379031068615,
        0.35536881312612056,
        0.355651904783946,
        0.34733784741042745,
        0.3421530942338436,
        0.33983792292756576,
        0.3407773479332635,
        0.336639313082302,
        0.33416075622126995,
        0.321325195197184,
        0.3282692428695655,
        0.3278731555905349,
        0.3281191890106231,
        0.30456530876330234,
        0.31456531512422103,
        0.29856320089352073,
        0.3095835726099845,
        0.32121562573068063,
        0.3099523328974681,
        0.2965458131411213,
        0.30951908045386084,
        0.29955739436401735,
        0.31547152076038193,
        0.3011492964453868,
        0.315940987173914
    ],
    "train_acc_history": [
        0.6124718653611476,
        0.6351228250729201,
        0.6864277757612818,
        0.6951557550584796,
        0.7014705107150033,
        0.7084904283241249,
        0.7102449853805333,
        0.7160015531070805,
        0.7232562609027868,
        0.7262255722070712,
        0.7290694449365753,
        0.7345290054394793,
        0.7380970339887448,
        0.7419790242253184,
        0.7444149400594484,
        0.7433877044526982,
        0.7476096511413843,
        0.7411219570996074,
        0.7514447198525093,
        0.7501388164378875,
        0.7564143363786903,
        0.7579022946460726,
        0.7563587550328067,
        0.7533058129400966,
        0.7542129672211528,
        0.7611078876283278
    ],
    "val_acc_history": [
        0.5403576976345573,
        0.5958848307239256,
        0.619770649309702,
        0.6175578945590462,
        0.6243629633737455,
        0.6300475280531015,
        0.6300477033770874,
        0.6295337323415078,
        0.6329638484079041,
        0.6335649178097905,
        0.6504536186601789,
        0.6436253800781556,
        0.6426261590882699,
        0.6401224823321326,
        0.6731295556243285,
        0.660072599335334,
        0.6787314922857358,
        0.6658558326619799,
        0.652048153116817,
        0.6651526176139644,
        0.6806472184478043,
        0.6648305201750875,
        0.6776542888584048,
        0.6576687014892766,
        0.6750797588946456,
        0.6558188031009974
    ],
    "new_val_acc_history": [
        0.5406943588382905,
        0.5962134928762635,
        0.6206287509916729,
        0.6185632377723884,
        0.6246555323363463,
        0.6307515107083654,
        0.6297828651512763,
        0.6311710115354131,
        0.6341808701562659,
        0.6351407262993453,
        0.6514950541092857,
        0.6450032287771187,
        0.6430055104184484,
        0.6417291059649751,
        0.6742673373518984,
        0.6609583490558583,
        0.6800518731121699,
        0.6667485073046587,
        0.6535343283998837,
        0.6657545922518148,
        0.6822243458004799,
        0.6658190263559807,
        0.6783622367014966,
        0.6587878151407138,
        0.6756366123307734,
        0.6572238157733603
    ],
    "train_pairwise_acc_history": [
        0.8385686568027041,
        0.8522874478270859,
        0.8882887013472349,
        0.8925525314034232,
        0.8955174330173898,
        0.8985582024195525,
        0.8994427465842411,
        0.9018864854036387,
        0.9048202075850571,
        0.9061739879258427,
        0.9075259879107094,
        0.909664921158953,
        0.9110683201573091,
        0.9126551043302567,
        0.9135638659762353,
        0.913083543365471,
        0.9150005226399773,
        0.9128367875391324,
        0.916500600957379,
        0.9159634919159543,
        0.918443042505121,
        0.9188345649339548,
        0.9184956042919898,
        0.9175021918778566,
        0.9178792533771513,
        0.9204720818768194
    ],
    "val_pairwise_acc_history": [
        0.8031069426029599,
        0.8448013401545802,
        0.8593854778352982,
        0.8577137791504295,
        0.86201844404585,
        0.863863725140576,
        0.8636004261683977,
        0.8628546860993184,
        0.8653204396986998,
        0.8656047109646496,
        0.8744060070195073,
        0.8694805565343249,
        0.8697590332920269,
        0.8682480381890695,
        0.8838897327245292,
        0.8775386513657122,
        0.8863853792931156,
        0.8807375186764405,
        0.8731576160216368,
        0.8800815308038921,
        0.8869315099275351,
        0.8803624312389062,
        0.8860049467241085,
        0.8756871156405962,
        0.8847070783606296,
        0.8752525892389941
    ],
    "new_val_pairwise_acc_history": [
        0.8032020500992912,
        0.8454273706461372,
        0.8596720569426684,
        0.8584182335651867,
        0.8619838280959596,
        0.8640644652290996,
        0.8637591489180807,
        0.863189788109407,
        0.8656345133091762,
        0.8661513695635283,
        0.8743650807563106,
        0.869914441790959,
        0.869746772442042,
        0.8685933153143567,
        0.8844774611074112,
        0.8777996503732067,
        0.8869615712581118,
        0.8811565859136092,
        0.8736744400687388,
        0.8806411647129208,
        0.8874550570225456,
        0.8809093325913046,
        0.8864061565458496,
        0.876499720068408,
        0.8852323948131935,
        0.8757853606255207
    ]
}