{
    "train_loss_history": [
        0.5650534774451396,
        0.37695218948476206,
        0.3078544931669328,
        0.2881425356170002,
        0.27216580509067784,
        0.26154537604273614,
        0.2544885893388499,
        0.2483911934358273,
        0.24505879061583258,
        0.2419685928547832,
        0.23808391583943225,
        0.23847735213734708,
        0.2337322052724782,
        0.23064024317030216,
        0.23003755293671022,
        0.22580925194495674,
        0.22345760969907422,
        0.22234333853704852,
        0.21967713233510375,
        0.2196501437020922,
        0.217189319190653,
        0.21630053562141177,
        0.21518883021393295,
        0.2140680541699213,
        0.21338163155973652,
        0.21366909695070296,
        0.2123332531023958,
        0.21261147864339155,
        0.21174574452971087,
        0.2107191322234724
    ],
    "val_loss_history": [
        0.5048776487988161,
        0.387175248389742,
        0.3624919280783838,
        0.35134531413934317,
        0.3414027665752962,
        0.336478542192394,
        0.3332406352816456,
        0.3262511705269057,
        0.32324022345663794,
        0.3183909635317613,
        0.313174756453279,
        0.3116247127408603,
        0.3086656147097967,
        0.3091121436841038,
        0.30472689124953795,
        0.30250931312012147,
        0.3018833712252029,
        0.29666363272860824,
        0.2949800867527484,
        0.29551750070688476,
        0.2931012155331043,
        0.294174597430301,
        0.2917361146430055,
        0.2933250172026306,
        0.29043802607011604,
        0.28940557451342724,
        0.29104999070575677,
        0.29083939632737493,
        0.2910313204185192,
        0.2890560628479743
    ],
    "new_val_loss_history": [
        0.5031658722328234,
        0.38571140416060823,
        0.36094763798804225,
        0.34988108115105687,
        0.33997901798049107,
        0.33496290003197104,
        0.33175286565400375,
        0.3247566561608375,
        0.32184182411507717,
        0.3169425023733815,
        0.3116227033772046,
        0.31030899192713485,
        0.3073341609028321,
        0.3078626573010336,
        0.30337315798560277,
        0.3011389741037465,
        0.3006085966584049,
        0.29529163023339045,
        0.2935134096537964,
        0.2941870475720756,
        0.2917800967376443,
        0.2928655837834636,
        0.290430776341052,
        0.2920660123568547,
        0.2891211140457588,
        0.288039996861657,
        0.2898149846777131,
        0.28954315369642236,
        0.28957902147045617,
        0.28778411105463775
    ],
    "train_acc_history": [
        0.39613634723242963,
        0.5668162289463294,
        0.6419473388323831,
        0.6621356147898259,
        0.6776620318843131,
        0.6875396455574554,
        0.6954363479826879,
        0.7009310832901162,
        0.7054149847032926,
        0.7085318941648574,
        0.7137951488805042,
        0.7151359739358079,
        0.719199336535332,
        0.721566225409946,
        0.7222053758229656,
        0.7262221544156997,
        0.7288442641777677,
        0.7300131516571298,
        0.7327181787056075,
        0.7328052179813767,
        0.7353132392711603,
        0.7363473642733563,
        0.7372507024386715,
        0.738621177218184,
        0.7393479999479288,
        0.7390893798619771,
        0.7403920607929205,
        0.7399555560078163,
        0.7411205245984788,
        0.7424397175354338
    ],
    "val_acc_history": [
        0.44397713870827454,
        0.5528531049688657,
        0.5781818622177145,
        0.5895788351365601,
        0.6004073796980831,
        0.6035613798981451,
        0.6084196013828598,
        0.6163660220831753,
        0.6219832791561583,
        0.6285290780017175,
        0.6345439063736713,
        0.6366748536925718,
        0.6395073758071685,
        0.6404433114880539,
        0.6449738374675613,
        0.6465872912162758,
        0.6475324564011221,
        0.6524927207085502,
        0.6544397013134746,
        0.654678076475739,
        0.6560469574358568,
        0.6563244705578409,
        0.6576023893543037,
        0.6585772702073955,
        0.6608371170589245,
        0.6622397472042156,
        0.6616734827019604,
        0.6608618130107002,
        0.662093334498415,
        0.6634931642726722
    ],
    "new_val_acc_history": [
        0.44397323732134664,
        0.5533885200566884,
        0.5795291330090052,
        0.5906372741204274,
        0.6010811113104035,
        0.6043731294100798,
        0.6095712388768981,
        0.6172124765492693,
        0.6230176071728332,
        0.6294950085652026,
        0.6356609375567376,
        0.637684094573878,
        0.6403654671922515,
        0.6415145410767085,
        0.6454945815665812,
        0.6480010574980627,
        0.648778485286085,
        0.6533613501319402,
        0.6552039488961425,
        0.6559511564653131,
        0.6571009501022629,
        0.6576991380317302,
        0.6590238547928725,
        0.6597282242473168,
        0.6622096641154229,
        0.6633296652383442,
        0.6630183519592768,
        0.6624930752379985,
        0.6636385255825671,
        0.6650587247896798
    ],
    "train_pairwise_acc_history": [
        0.7447024395105003,
        0.8498066121803718,
        0.8779066437841967,
        0.8860255266047522,
        0.8921507432359046,
        0.8960482248468141,
        0.8992799302059677,
        0.9014807291565868,
        0.903254522756397,
        0.9048847706530905,
        0.9068884717040651,
        0.9075480626569458,
        0.9092073981156455,
        0.9103241900352124,
        0.9107557109260742,
        0.9122708036492994,
        0.9133030790022926,
        0.9139293057289447,
        0.9149210835505317,
        0.9151493446770159,
        0.9161351178998247,
        0.9165746002355779,
        0.9169394161843332,
        0.9174919787812809,
        0.9177955900096695,
        0.917885404426068,
        0.9183884096713384,
        0.9182782712523045,
        0.918726173027533,
        0.9191925452219253
    ],
    "val_pairwise_acc_history": [
        0.7860479305187861,
        0.8287207644328056,
        0.8416106654518101,
        0.8473641995684689,
        0.8526370987355949,
        0.8538906282509666,
        0.8566737177979994,
        0.8601828082857361,
        0.8630896319885809,
        0.8659868668540415,
        0.8691341675010072,
        0.8700656166158048,
        0.8718603524158758,
        0.8716494247437002,
        0.8740542166563402,
        0.8750346463068901,
        0.8753199876850868,
        0.8778871445950255,
        0.8787912025928019,
        0.8787248603790161,
        0.87954032256541,
        0.8795036179832665,
        0.8802270313881966,
        0.8804198023245995,
        0.8814342176638933,
        0.8821343065026295,
        0.8817974815825861,
        0.8815074753031195,
        0.8819922113334797,
        0.8826824218393808
    ],
    "new_val_pairwise_acc_history": [
        0.7868175989163073,
        0.8292481856104694,
        0.8423633845546578,
        0.8480979813201518,
        0.8531599164612685,
        0.8545316931567615,
        0.8572850494746921,
        0.8608492357519608,
        0.8637038576753834,
        0.8665964466710634,
        0.8697866636590112,
        0.8705560306657719,
        0.8723939467080032,
        0.8722361135784584,
        0.8744800788541384,
        0.8755593111847021,
        0.8758923614477809,
        0.8783788155604012,
        0.8792714580403098,
        0.87922392413586,
        0.88005858677852,
        0.8800103811976275,
        0.8807666952096963,
        0.8809232792975027,
        0.8821586921547032,
        0.8827577527263496,
        0.8824134220352656,
        0.8822625064849854,
        0.8827167532112025,
        0.883416041271596
    ]
}