{
    "train_loss_history": [
        0.42135185168605255,
        0.35581443723973305,
        0.30382198291370316,
        0.2839583656368855,
        0.27425907239515407,
        0.2679365538664173,
        0.2657303280641943,
        0.26107372843903187
    ],
    "val_loss_history": [
        0.47223587634934483,
        0.3820399064312363,
        0.36218096423773627,
        0.35519658885494404,
        0.35585510716967295,
        0.35512566166960036,
        0.3477761131038284,
        0.34162038482025336
    ],
    "new_val_loss_history": [
        0.4718036427282805,
        0.3816292443041853,
        0.36169466960300367,
        0.3546933538250011,
        0.3555074249789652,
        0.3544260472012901,
        0.3471457987884711,
        0.34079823569969664
    ],
    "train_acc_history": [
        0.6099196273904837,
        0.6520020585172482,
        0.681493605271706,
        0.6973036279207828,
        0.7068418898182168,
        0.7123985655119329,
        0.7116044916296684,
        0.7171322351936973
    ],
    "val_acc_history": [
        0.5420404115149347,
        0.6032817653955774,
        0.6141584280459282,
        0.6198641464045309,
        0.6180410700145598,
        0.6250540529634626,
        0.6265031410659591,
        0.6344795238990079
    ],
    "new_val_acc_history": [
        0.5419154416532205,
        0.6045508374507839,
        0.6148966286638476,
        0.6206105258750322,
        0.6195059674524037,
        0.6264901940781814,
        0.6268243212165951,
        0.6347279467997988
    ],
    "train_pairwise_acc_history": [
        0.837521337561591,
        0.8655919526567867,
        0.8860195446786895,
        0.8934107682958911,
        0.8974908786950652,
        0.8999179700278861,
        0.9002791703712958,
        0.9025859519963646
    ],
    "val_pairwise_acc_history": [
        0.8068418129934185,
        0.8500366853822728,
        0.8566427000314686,
        0.8598976365774181,
        0.8573074223264157,
        0.8615784702021829,
        0.8614293643616381,
        0.865355132908226
    ],
    "new_val_pairwise_acc_history": [
        0.8064266165159353,
        0.8505127857298725,
        0.8567576017201781,
        0.8600195484064971,
        0.8576962610425697,
        0.8620260051027242,
        0.8615258991440199,
        0.8653136868128324
    ]
}