{
    "train_loss_history": [
        0.4183630934227432,
        0.383229165523147,
        0.2999737558481327,
        0.28568634591268804,
        0.27728563715750876,
        0.2698224619923413,
        0.2672237908658761,
        0.2621889282264836
    ],
    "val_loss_history": [
        0.4732020123989446,
        0.39491440711660636,
        0.3560465079702104,
        0.35644774334089047,
        0.34786860018004256,
        0.34295028296567626,
        0.3404213953734546,
        0.3414657259667048
    ],
    "new_val_loss_history": [
        0.4724800401304966,
        0.39379031068615,
        0.35536881312612056,
        0.355651904783946,
        0.34733784741042745,
        0.3421530942338436,
        0.33983792292756576,
        0.3407773479332635
    ],
    "train_acc_history": [
        0.6124718653611476,
        0.6351228250729201,
        0.6864277757612818,
        0.6951557550584796,
        0.7014705107150033,
        0.7084904283241249,
        0.7102449853805333,
        0.7160015531070805
    ],
    "val_acc_history": [
        0.5403576976345573,
        0.5958848307239256,
        0.619770649309702,
        0.6175578945590462,
        0.6243629633737455,
        0.6300475280531015,
        0.6300477033770874,
        0.6295337323415078
    ],
    "new_val_acc_history": [
        0.5406943588382905,
        0.5962134928762635,
        0.6206287509916729,
        0.6185632377723884,
        0.6246555323363463,
        0.6307515107083654,
        0.6297828651512763,
        0.6311710115354131
    ],
    "train_pairwise_acc_history": [
        0.8385686568027041,
        0.8522874478270859,
        0.8882887013472349,
        0.8925525314034232,
        0.8955174330173898,
        0.8985582024195525,
        0.8994427465842411,
        0.9018864854036387
    ],
    "val_pairwise_acc_history": [
        0.8031069426029599,
        0.8448013401545802,
        0.8593854778352982,
        0.8577137791504295,
        0.86201844404585,
        0.863863725140576,
        0.8636004261683977,
        0.8628546860993184
    ],
    "new_val_pairwise_acc_history": [
        0.8032020500992912,
        0.8454273706461372,
        0.8596720569426684,
        0.8584182335651867,
        0.8619838280959596,
        0.8640644652290996,
        0.8637591489180807,
        0.863189788109407
    ]
}