{
    "train_loss_history": [
        0.31894808389871915,
        0.29659629701675594,
        0.2830826809239347,
        0.22121368207231304,
        0.1835814722926595,
        0.1726964581017115,
        0.16392301863711373,
        0.15848653401153515,
        0.16402309702660853,
        0.15482151543810255,
        0.15296751843142667,
        0.15587061011837317,
        0.15760663134733074,
        0.1521012717889961,
        0.15428013081955425,
        0.15757743565289775,
        0.15486699596383902,
        0.14844299683682932,
        0.15158409154555583
    ],
    "val_loss_history": [
        0.30565493166124996,
        0.2862204937817229,
        0.2708312544968832,
        0.2359021587631936,
        0.22301971443060645,
        0.20711659243705186,
        0.18439930545291078,
        0.19376239806137915,
        0.18533568354804605,
        0.18122011218607748,
        0.1814931207892981,
        0.18147017589627365,
        0.18222027862517762,
        0.17969912366974602,
        0.19548452137728883,
        0.19053195340525855,
        0.18024558534898846,
        0.18633505197079622,
        0.18434944597798858
    ],
    "new_val_loss_history": [
        0.30624884669415503,
        0.2865977312320869,
        0.2711182667136563,
        0.23565275000747218,
        0.22271812040920763,
        0.2067533187208984,
        0.18463206261651327,
        0.19363759853768497,
        0.18555994266658604,
        0.18155582480329563,
        0.18172807545686492,
        0.18177844933922147,
        0.18252784293000102,
        0.1796214462288338,
        0.1955996694602362,
        0.18999643565313443,
        0.18055411035116778,
        0.18632621846478983,
        0.18423815991028472
    ],
    "train_acc_history": [
        0.7018093075539238,
        0.7142827140974776,
        0.7283572952830446,
        0.762888608373259,
        0.7923735675855074,
        0.8039809702422377,
        0.8124986390857997,
        0.8171018924587897,
        0.8106893377235022,
        0.8209382101461825,
        0.8227954527210475,
        0.8188183425130596,
        0.8150760205311698,
        0.8226324216694474,
        0.8180665005845186,
        0.8136739411158601,
        0.8176627118592176,
        0.825517400126277,
        0.821652379569085
    ],
    "val_acc_history": [
        0.7044258477509527,
        0.7114423941720331,
        0.7243026004172144,
        0.7443100942863164,
        0.7577771311460685,
        0.771348575628438,
        0.7941303618522267,
        0.7845475659888803,
        0.7940548362415758,
        0.7968319086910857,
        0.7971364823597251,
        0.7973144077390731,
        0.7949542706988827,
        0.7989631521306593,
        0.7812811214830109,
        0.7872867984503347,
        0.7975654648006559,
        0.7914505151022189,
        0.7941873535893013
    ],
    "new_val_acc_history": [
        0.703784400252495,
        0.710714016138673,
        0.7235147693016295,
        0.7441253727924768,
        0.75764504867616,
        0.7724529559467666,
        0.7940331743812857,
        0.7846911217710278,
        0.7941820128338518,
        0.7958104463980691,
        0.7966042730151958,
        0.7968989124008878,
        0.7955168410556313,
        0.7986960898661873,
        0.7823917195548536,
        0.7879068208148654,
        0.7976218420276375,
        0.7925036217710278,
        0.7946859179166019
    ],
    "train_pairwise_acc_history": [
        0.8725090672426149,
        0.8804282997906295,
        0.8884735530389544,
        0.9164963668769168,
        0.9328740627436762,
        0.9372213287539616,
        0.940339802613022,
        0.9423446231281635,
        0.9405735825345278,
        0.9440897768422793,
        0.944848317446285,
        0.943746770867894,
        0.9428509814252324,
        0.9454518759080928,
        0.9440713852541553,
        0.9426261650679096,
        0.9439972526136425,
        0.9465677307467866,
        0.9453089488418768
    ],
    "val_pairwise_acc_history": [
        0.8798667683266821,
        0.8833081423087403,
        0.8939526842112898,
        0.9130952159716886,
        0.9177092604207,
        0.9236036708654581,
        0.931895118358968,
        0.9284893765574523,
        0.9320453206391728,
        0.9336264476743035,
        0.9336257051667896,
        0.9340193497279835,
        0.9332750599110411,
        0.9347934640639547,
        0.9286752091340129,
        0.9311269972999002,
        0.9343620424741217,
        0.9321909970104832,
        0.9334112371769702
    ],
    "new_val_pairwise_acc_history": [
        0.8793889832441024,
        0.8832149779073558,
        0.8937150745610613,
        0.913051859679897,
        0.9177652881545931,
        0.923918759841385,
        0.9318429753995424,
        0.9286696460810642,
        0.9318913040598666,
        0.933309890016983,
        0.9335357533828652,
        0.9337632949949238,
        0.9331545770909886,
        0.9346727932315221,
        0.9286575611234639,
        0.9313321940450239,
        0.9343088343855381,
        0.9321728501219771,
        0.9331297327070548
    ]
}