{
    "train_loss_history": [
        0.3195924450829442,
        0.3113403296647671,
        0.299245499571896,
        0.2830884320168561,
        0.21450296145117217,
        0.19991694247943545,
        0.1925594432075555,
        0.18663374094450713,
        0.18947796619949414,
        0.1801476990003971,
        0.17489507305355825,
        0.17798591401678532,
        0.18667418744358352,
        0.17931870351352117,
        0.17693336847136287,
        0.1755169428241241
    ],
    "val_loss_history": [
        0.3323322723784075,
        0.3134863449227562,
        0.2977429410771581,
        0.24491742718605786,
        0.23005181548107378,
        0.22247108597661683,
        0.22651152736123195,
        0.2033846115172139,
        0.20507796466603312,
        0.20635075807433545,
        0.19405960578273238,
        0.22477968588023345,
        0.22189815169517682,
        0.23582837313022995,
        0.19577200007650056,
        0.19916254107365722
    ],
    "new_val_loss_history": [
        0.3325477961456609,
        0.3137261904486416,
        0.29782879108079297,
        0.24494007628405262,
        0.22991359590742488,
        0.2223568673753998,
        0.22605508691044654,
        0.2030818771808459,
        0.20476052362593486,
        0.20611973281828092,
        0.19410685287038237,
        0.22445617274353702,
        0.22127732852963414,
        0.2349665423921812,
        0.1955764058392211,
        0.19880701437546158
    ],
    "train_acc_history": [
        0.7006882873451119,
        0.7045494726052984,
        0.7170335499457302,
        0.7304200974087769,
        0.7610438614425322,
        0.7752468941489095,
        0.7810908970320172,
        0.7883486708093053,
        0.7817440728639117,
        0.7930158870326695,
        0.7989662575499357,
        0.7935374564965332,
        0.7801493316171915,
        0.7895926988821259,
        0.7907839606922517,
        0.7936997143117365
    ],
    "val_acc_history": [
        0.6813678292467121,
        0.6969244082615572,
        0.7054134726800088,
        0.7464835023824858,
        0.7476559256533062,
        0.756885033023293,
        0.7491327681813501,
        0.7749682452555519,
        0.7719868365948074,
        0.7724345074126421,
        0.784326008722795,
        0.7497205242985657,
        0.7501978493233139,
        0.7328725189269278,
        0.7800432889849385,
        0.7773157174805999
    ],
    "new_val_acc_history": [
        0.6813567138941811,
        0.6966597368335279,
        0.7052420864394442,
        0.7459964847675935,
        0.7469887195349111,
        0.7567148567821894,
        0.7497208067454966,
        0.7744364561411679,
        0.7727462381448938,
        0.7727310505476932,
        0.7842739475644765,
        0.7503269533996078,
        0.75200198384503,
        0.7341612749392656,
        0.7803748066466111,
        0.77789651392778
    ],
    "train_pairwise_acc_history": [
        0.8731913356641724,
        0.8749137612889079,
        0.8812275204403353,
        0.8894237663649904,
        0.9202265523787392,
        0.9260277666762347,
        0.9289547601018867,
        0.9316125283302135,
        0.9298214016589219,
        0.9335082169689849,
        0.9357008064676864,
        0.934185920097574,
        0.9305996946043166,
        0.9339453786772492,
        0.9346265959049126,
        0.935308789674359
    ],
    "val_pairwise_acc_history": [
        0.8686763738887349,
        0.8731991238288909,
        0.8800741949721126,
        0.9067685933598392,
        0.9129781896735304,
        0.9168214094390663,
        0.9145491696727579,
        0.923040333672864,
        0.9224526702484537,
        0.9220840156124295,
        0.9273177252058442,
        0.9168353557770493,
        0.9170166948435393,
        0.9110781567411048,
        0.927454365706021,
        0.9263135129061679
    ],
    "new_val_pairwise_acc_history": [
        0.8686008639691591,
        0.8731253462297549,
        0.8800668275652925,
        0.9068491151136336,
        0.9129364978099129,
        0.916769511638496,
        0.9147220162637126,
        0.9231159758882982,
        0.9225634179812382,
        0.9222359741642538,
        0.9272515904940491,
        0.9168849379334072,
        0.9173969976824142,
        0.9114242920515883,
        0.9275513614874049,
        0.9265244075243432
    ]
}