{
    "train_loss_history": [
        0.5686738287840746,
        0.5666871310509357,
        0.5826181533527421,
        0.5735383226143477,
        0.562854699369851,
        0.5533758736982262,
        0.544546320493103,
        0.542017553782545,
        0.4615966161428624,
        0.4318120499481216,
        0.42923208864869355,
        0.43171758306014757,
        0.42241718552395824,
        0.4236194470903718,
        0.40669147722938803
    ],
    "val_loss_history": [
        0.6422900848653174,
        0.6548160054650622,
        0.642828814972347,
        0.5923732977435108,
        0.6178781912763974,
        0.5144874703351449,
        0.6052420806994975,
        0.526184854549693,
        0.4773384889670991,
        0.4359445095705141,
        0.4556857595917624,
        0.4766270873726608,
        0.47201230676589284,
        0.4575332816007141,
        0.446334175960676
    ],
    "new_val_loss_history": [
        0.6424627304077148,
        0.6548740169494,
        0.6429412580018466,
        0.5925591576896596,
        0.618294067321632,
        0.5147253808393077,
        0.605124631853163,
        0.5263752612874816,
        0.47774536015457164,
        0.43571156671221484,
        0.4559734452104494,
        0.47699223122737644,
        0.4721846293142387,
        0.45778473789918106,
        0.44675500605191637
    ],
    "train_acc_history": [
        0.4889209075306465,
        0.45358590529312615,
        0.42432767243495334,
        0.434632354512423,
        0.44464184049010336,
        0.45479662636652496,
        0.4813369881831728,
        0.4883143674759638,
        0.5216057956306502,
        0.537488262765713,
        0.5387648535699427,
        0.5318488389999771,
        0.5459958038086626,
        0.5433896586306258,
        0.5664101461891339
    ],
    "val_acc_history": [
        0.32456541966032726,
        0.36684439490866405,
        0.3015804748138404,
        0.40257512604694334,
        0.35771346905014734,
        0.5086615704608441,
        0.407550982775049,
        0.4915986728778422,
        0.48450633419680483,
        0.5536688199763306,
        0.523786536350456,
        0.4980669184164567,
        0.4968686363730115,
        0.5180250118803721,
        0.5303994394230365
    ],
    "new_val_acc_history": [
        0.3239411724207005,
        0.367060828959775,
        0.3020714848631092,
        0.40094481072566746,
        0.35715308683471025,
        0.5070437490476606,
        0.4083354186678007,
        0.4903359703290889,
        0.4838053035328214,
        0.5537932413176838,
        0.5224780316115538,
        0.4959442006484902,
        0.49749540364946215,
        0.5158765324352318,
        0.5296280292292961
    ],
    "train_pairwise_acc_history": [
        0.7595610729344171,
        0.7488902839569116,
        0.7389743611633515,
        0.7429483677454889,
        0.7494921371465111,
        0.7559807989078816,
        0.7645821770763772,
        0.7732740497407693,
        0.8164065020834633,
        0.8286079067369273,
        0.8297055291965655,
        0.8276308344811508,
        0.8325788418510467,
        0.8323115278648054,
        0.8411137659759221
    ],
    "val_pairwise_acc_history": [
        0.701701161857746,
        0.7258690716856617,
        0.6909704584921086,
        0.7565128496505079,
        0.7305320175292863,
        0.804332293237119,
        0.7497169849317871,
        0.8033283799197898,
        0.8091998805617698,
        0.8390572416396648,
        0.825240264045439,
        0.8121084153927713,
        0.812616170646597,
        0.8199623307939303,
        0.8255543145817491
    ],
    "new_val_pairwise_acc_history": [
        0.7006731926931379,
        0.7258999582212041,
        0.6911616845412721,
        0.7561025712204573,
        0.7300513421024541,
        0.8042728851779624,
        0.7498936213749935,
        0.8027424020678222,
        0.8084627489094416,
        0.8393262723000202,
        0.8249477165668601,
        0.8114614256803948,
        0.8126301352009988,
        0.8194442743646969,
        0.825313562275277
    ]
}