{
    "train_loss_history": [
        0.31158592432342325,
        0.23442605545284353,
        0.19450894963758858,
        0.18644980405570247,
        0.17344891077486335,
        0.16883213794298715,
        0.16532372823190794,
        0.16463982620380296,
        0.16195364602945223,
        0.15734287687139764,
        0.15705177261986508,
        0.1552640564088647,
        0.15428305761481712,
        0.15232196412194168,
        0.15046396418111138,
        0.150922812751888
    ],
    "val_loss_history": [
        0.2800199059519819,
        0.23506956178987706,
        0.23059683117458743,
        0.22928455685522228,
        0.22137002157871088,
        0.2138505982369965,
        0.22396829368428933,
        0.21897115070481882,
        0.20871564280959234,
        0.20970097852322647,
        0.20403943737776511,
        0.20871779440869168,
        0.20313406888343888,
        0.19934933555695603,
        0.1925594935592591,
        0.19420063431347465
    ],
    "new_val_loss_history": [
        0.2793596842750606,
        0.23406217621514808,
        0.22978152177103942,
        0.22807350912324006,
        0.22053041909336116,
        0.21294025922683682,
        0.22299902321854795,
        0.21787823824730482,
        0.20777413527109018,
        0.20891937830168203,
        0.20324654046382357,
        0.2075809983313547,
        0.202265007603873,
        0.1983586360655528,
        0.19165095319597755,
        0.19341222955780119
    ],
    "train_acc_history": [
        0.712849380341475,
        0.7663164340402194,
        0.7910279375288377,
        0.7978311304257205,
        0.8110427545400947,
        0.8137525593058175,
        0.816734137462528,
        0.8151090521114857,
        0.8168485114898644,
        0.8227022857307861,
        0.8226015635372437,
        0.8241452553662004,
        0.8246408913963029,
        0.826709197061461,
        0.8291206400536063,
        0.8280754759724841
    ],
    "val_acc_history": [
        0.7234862119831914,
        0.7542513418822149,
        0.7512405310830644,
        0.754361230254357,
        0.7616627686563736,
        0.7683886863601226,
        0.7579370849121517,
        0.7626280676234852,
        0.7710357934741651,
        0.7711531615404208,
        0.7752562229548838,
        0.7719814873807052,
        0.7769710472074606,
        0.7807785409440979,
        0.7889966722262107,
        0.7859962629426976
    ],
    "new_val_acc_history": [
        0.7245309165625328,
        0.7543985220729655,
        0.7522874460620791,
        0.7544501599034477,
        0.7616521184959827,
        0.7692003543046919,
        0.7581434603983285,
        0.76279454894978,
        0.7713053552766981,
        0.7716816845429629,
        0.7761812201740211,
        0.7728781440580614,
        0.7781974868863404,
        0.7814992705177556,
        0.7888375943407857,
        0.7870154058210216
    ],
    "train_pairwise_acc_history": [
        0.8891932107563046,
        0.9192487831846077,
        0.9321529078144154,
        0.9348419567622211,
        0.939544940849233,
        0.9409216787221681,
        0.942133927848565,
        0.9419640482613194,
        0.9428876364529571,
        0.9450615435531459,
        0.945025267001748,
        0.9457395906593499,
        0.9459787063816335,
        0.9467241020839356,
        0.947624234399435,
        0.9472284681315977
    ],
    "val_pairwise_acc_history": [
        0.9029125932185051,
        0.9151282857856692,
        0.9150251987718838,
        0.9165176983423335,
        0.9188012065615603,
        0.921238069541649,
        0.916293287681321,
        0.9182784772249877,
        0.9226734591375331,
        0.9233442358500418,
        0.9250444058093525,
        0.9234376925349419,
        0.9258261100720551,
        0.9271950426931925,
        0.9303481857104368,
        0.9295073495991241
    ],
    "new_val_pairwise_acc_history": [
        0.9031318259276276,
        0.9154824434691232,
        0.9151515479592105,
        0.9166350726206233,
        0.9188649590426989,
        0.9216041310949608,
        0.9164522388489399,
        0.9185817341782256,
        0.9228524879015066,
        0.9235546316366359,
        0.925433421857991,
        0.9238551526010315,
        0.9263145222819612,
        0.9275412671673539,
        0.9304795679556638,
        0.9298929780675316
    ]
}