{
    "train_loss_history": [
        0.3317131558629772,
        0.23954914749458717,
        0.20462647704046383,
        0.19587350522237018,
        0.1917973861581096,
        0.18758188925087305,
        0.18346003441905415,
        0.178476714877943,
        0.17703553890854223,
        0.17612604705080076
    ],
    "val_loss_history": [
        0.2809977922904289,
        0.2530179894622559,
        0.24247354264435672,
        0.24983432739743466,
        0.24211558258772264,
        0.24509447307909948,
        0.23054573160290534,
        0.2252986998927244,
        0.2279241577548496,
        0.2232694403140681
    ],
    "new_val_loss_history": [
        0.2805817612500435,
        0.25212616710974306,
        0.24180775069708402,
        0.24883959072744866,
        0.24109017478177558,
        0.2439801264467358,
        0.2293186253791278,
        0.2243596929042929,
        0.22668779179059884,
        0.22215461186357827
    ],
    "train_acc_history": [
        0.6926651101341772,
        0.7601800044787299,
        0.7818321432912824,
        0.7875025385902041,
        0.789284977657747,
        0.7921652400616518,
        0.795371700544596,
        0.8015247040597844,
        0.8008380793565386,
        0.8013780039493278
    ],
    "val_acc_history": [
        0.723232776431714,
        0.7381181851924843,
        0.7472043200891081,
        0.7340552692053315,
        0.7402094813818557,
        0.7353259822804314,
        0.7491844424114021,
        0.7537075395025715,
        0.7513698492836328,
        0.7564453095978324
    ],
    "new_val_acc_history": [
        0.7232251062548921,
        0.7383634569485488,
        0.7479923935737431,
        0.7341966264726215,
        0.7400276944574264,
        0.7356482377133882,
        0.7497602298878956,
        0.7545318497840205,
        0.751235818047175,
        0.7566371739003372
    ],
    "train_pairwise_acc_history": [
        0.8791387513477427,
        0.9149255908231965,
        0.9282724731508049,
        0.9308920777423393,
        0.9319527567340044,
        0.9332853586695975,
        0.9347922500583198,
        0.9369418058081708,
        0.9369992776190936,
        0.9372162247441479
    ],
    "val_pairwise_acc_history": [
        0.8984850493528075,
        0.9083530352736474,
        0.9121843416628375,
        0.907204435125154,
        0.9098384235232196,
        0.907416007184468,
        0.9140478958517818,
        0.9163554812249124,
        0.9145243922808137,
        0.9169015214880368
    ],
    "new_val_pairwise_acc_history": [
        0.898233907867924,
        0.9084494357717167,
        0.912447960806857,
        0.9074216688031542,
        0.909972383390133,
        0.9077221255280181,
        0.914498288190198,
        0.9168334034145528,
        0.9148266222762468,
        0.9171545786397824
    ]
}